fFF,fFM,fMF,fMM,mFF,mFM,mMF,mMM,Glottocode
-kuta,-kuta,-kuta,-kuta,-kuta,-kuta,-kuta,-kuta,abui1241
ǰamogi,ǰarɨpurãgi,ǰamogi,ǰarɨpurãgi,ǰamogi,ǰarɨpurãgi,ǰamogi,ǰarɨpurãgi,ache1246
abusyi,mucut,abusyi,mucut,abusyi,mucut,abusyi,mucut,achi1257
apachi,nukuchi,apachi,nukuchi,apachi,nukuchi,apachi,nukuchi,achu1249
bap,bap,bap,bap,bap,bap,bap,bap,adan1251
nguwarli,atnyani,papapa,atnyani,nguwarli,atnyani,papapa,atnyani,adny1235
grootvader,grootmoeder,grootvader,grootmoeder,grootvader,grootmoeder,grootvader,grootmoeder,afri1274
ћadad,ћabab,ћadad,ћabab,ћadad,ћabab,ћadad,ћabab,aghu1253
kaki,kaki,kaki,kaki,kaki,kaki,kaki,kaki,agob1244
apa-č,duku-č,apa-č,duku-č,apa-č,duku-č,apa-č,duku-č,agua1253
apu,apu,apu,apu,apu,apu,apu,apu,ahin1234
ámanggúeang,inánggúeang,ámanggúeang,inánggúeang,ámanggúeang,inánggúeang,ámanggúeang,inánggúeang,akla1241
palakí,akbáy,palakí,akbáy,palakí,akbáy,palakí,akbáy,alan1249
gjysh,gjyshe,gjysh,gjyshe,gjysh,gjyshe,gjysh,gjyshe,alba1267
na-mǎ-sho-mäʼ,noʼ-ko-mäʼ,na-mǎ-sho-mäʼ,noʼ-ko-mäʼ,na-mǎ-sho-mäʼ,noʼ-ko-mäʼ,na-mǎ-sho-mäʼ,noʼ-ko-mäʼ,algo1255
arrenge,aperle,artartetye,anyanye,arrenge,aperle,artartetye,anyanye,alya1239
maro,imo,maro,imo,maro,imo,maro,imo,amis1246
silangkai,siopu,silangkai,siopu,silangkai,siopu,silangkai,siopu,ampi1237
eramun,atï,eramun,atï,eramun,atï,eramun,atï,anam1249
patropátōr,patromḗtōr,mētropátōr,mētromḗtōr,patropátōr,patromḗtōr,mētropátōr,mētromḗtōr,anci1242
etpo-,etop-,etpo-,etop-,etpo-,etop-,etpo-,etop-,anei1239
ap-yata,an-yama,ap-yata,an-yama,ap-yata,an-yama,ap-yata,an-yama,anga1316
pua,hnanamama,pua,tupunóme,pua,hnanamama,pua,tupunóme,aniw1237
tupuna,tupuna,tupuna,tupuna,tupuna,tupuna,tupuna,tupuna,anut1237
katnhini,amanyi,thanti,katnhini,katnhini,amanyi,thanti,katnhini,arab1267
kadnhini,amanyi,thanti,kadnhini,kadnhini,amanyi,thanti,kadnhini,arab1267a
tapu-,tapu-,tapu-,tapu-,tapu-,tapu-,tapu-,tapu-,arak1252
tamõy,đari,tamõy,đari,tamõy,đari,tamõy,đari,araw1273
wauwa-na,wauwa-na,wauwa-na,wauwa-na,wauwa-na,wauwa-na,wauwa-na,wauwa-na,area1240
ah-teʼ-pot,ah-teʼ-kä,ah-teʼ-pot,ah-teʼ-kä,ah-teʼ-pot,ah-teʼ-kä,ah-teʼ-pot,ah-teʼ-kä,arik1262
pue,mbue,pue,mbue,pue,mbue,pue,mbue,aser1237
kaka,āyitā,kakā,āyitā,kaka,āyitā,kakā,āyitā,assa1263
me-toʼ-gä-she,oʼ-gä-she,me-toʼ-gä-she,oʼ-gä-she,me-toʼ-gä-she,oʼ-gä-she,me-toʼ-gä-she,oʼ-gä-she,assi1247
kåkå,koko,kåkå,koko,kåkå,koko,kåkå,koko,asut1235
wu:la,api,at̪i,ami,wu:la,api,at̪i,ami,atam1239
yutas,yakke,yutas,yakke,yutas,yakke,yutas,yakke,atay1247
bumbu,bumbu,bumbu,bumbu,bumbu,bumbu,bumbu,bumbu,atch1238
kákay,abboq,kákay,abboq,kákay,abboq,kákay,abboq,atta1244
ɔkatsi,onetsi,ɔkatsi,onetsi,ɔkatsi,onetsi,ɔkatsi,onetsi,avat1244
atú,atí,atú,atí,atú,atí,atú,atí,awet1244
ibetumä,ipetä,ibebo,ipebu,ibetumä,ipetä,ibebo,ipebu,ayiw1239
tētē,nēnē,tētē,nēnē,tētē,nēnē,tētē,nēnē,baca1243
kami,kami,kami,kami,kami,kami,kami,kami,badi1246
e-tǔʼ-ah,ning-e-oʼ-wä,e-tǔʼ-ah,ning-e-oʼ-wä,e-tǔʼ-ah,ning-e-oʼ-wä,e-tǔʼ-ah,ning-e-oʼ-wä,baff1241
ue,ue,ue,ue,ue,ue,ue,ue,baho1237
apo,apo,apo,apo,apo,apo,apo,apo,bala1310
kai,beke,kai,beke,kai,beke,kai,beke,bala1314
kaki,nini,kaki,nini,kaki,nini,kaki,nini,bali1278
ḍaḍa,ḍaḍi,nana,nani,ḍaḍa,ḍaḍi,nana,nani,balo1260
tupu,tupu,tupu,tupu,tupu,tupu,tupu,tupu,balu1257
bijaŋ,babaɲ,bijaŋ,babaɲ,bijaŋ,babaɲ,bijaŋ,babaɲ,band1339
ka'i,nini,ka'i,nini,ka'i,nini,ka'i,nini,banj1239
tepoh,tepoh,tepoh,tepoh,tepoh,tepoh,tepoh,tepoh,bann1247
kaluŋuʈu,koli,camu,kamaʈa,kaluŋuʈu,koli,camu,kamaʈa,bard1254
tepoh,tepoh,tepoh,tepoh,tepoh,tepoh,tepoh,tepoh,bari1288
aita'ɲi,ama'ɲi,aita'ɲi,ama'ɲi,aita'ɲi,ama'ɲi,aita'ɲi,ama'ɲi,basq1248
mbambayamomo,mbambayandito,mbambayamomo,mbambayandito,mbambayamomo,mbambayandito,mbambayamomo,mbambayandito,bata1285
opungbawa,opungboru,opungbawa,opungboru,opungbawa,opungboru,opungbawa,opungboru,bata1289
bāb,q̛aynān,bāb,q̛aynān,bāb,q̛aynān,bāb,q̛aynān,bats1242
babai,sumuk,babai,sumuk,babai,sumuk,babai,sumuk,baub1235
mayili,ngapari,nyami,gantharri,mayili,ngapari,nyami,gantharri,bayu1240
ubuk,ubuk,ubuk,ubuk,ubuk,ubuk,ubuk,ubuk,beka1241
dzed,babulja,dzed,babulja,dzed,babulja,dzed,babulja,bela1254
shikulu,shikulu,shikulu,shikulu,shikulu,shikulu,shikulu,shikulu,bemb1257
kuuku,papa,kuuku,papa,kuuku,papa,kuuku,papa,bena1262
kúukú,kúukú,kúukú,kúukú,kúukú,kúukú,kúukú,kúukú,bend1258
amardádá,amardidy,amardádá,amardidy,amardádá,amardidy,amardádá,amardidy,beng1280
tata,taté,tata,taté,tata,taté,tata,taté,bera1259
apus,kpu,apus,kpu,apus,kpu,apus,kpu,biak1248
kapua,kapua,kapua,kapua,kapua,kapua,kapua,kapua,bier1244
bumbu,tambök,bumbu,tambök,bumbu,tambök,bumbu,tambök,bign1238
dui-,tap'-,dui-,tap'-,dui-,tap'-,dui-,tap'-,bign1238a
bābā,dādi,nānā,nāni,bābā,dādi,nānā,nāni,biha1245
tata,taté,tata,taté,tata,taté,tata,taté,bila1255
se̠s,se̠s,se̠s,se̠s,se̠s,se̠s,se̠s,se̠s,bilb1241
apo,apo,apo,apo,apo,apo,apo,apo,bino1237
apuq,apuq,apuq,apuq,apuq,apuq,apuq,apuq,binu1244
aja,aji,nana,nani,aja,aji,nana,nani,birh1242
ŋat,kami,ŋat,kuku,ŋad,kami,ŋad,kuku,biri1256
ŋaimara,aimakan,ŋaimara,aimakan,ŋaimara,aimakan,ŋaimara,aimakan,bitt1240
ne-ahxsʼ,ne-tä-ke-ahˑxs,ne-ahxsʼ,ne-tä-ke-ahˑxs,ne-ahxsʼ,ne-tä-ke-ahˑxs,ne-ahxsʼ,ne-tä-ke-ahˑxs,bloo1239
kai-na,koa'-na,kai-na,koa'-na,kai-na,koa'-na,kai-na,koa'-na,boan1243
apo,apo,apo,apo,apo,apo,apo,apo,bont1247
tadkoz,mamm-gozh,tadkoz,mamm-gozh,tadkoz,mamm-gozh,tadkoz,mamm-gozh,bret1244
upu'tukid,upu'tukid,upu'tukid,upu'tukid,upu'tukid,upu'tukid,upu'tukid,upu'tukid,broo1239
tǒn-kǎʼ-she-lǎ,un-cheʼ,tǒn-kǎʼ-she-lǎ,un-cheʼ,tǒn-kǎʼ-she-lǎ,un-cheʼ,tǒn-kǎʼ-she-lǎ,un-cheʼ,brul1239
fofoama,fofoina,fofoama,fofoina,fofoama,fofoina,fofoama,fofoina,buhi1245
taita,maamai,nanna,teete,taita,maamai,nanna,teete,buin1247
akek,akek,akek,akek,akek,akek,akek,akek,buka1261
kúúka,kuukhu,kúúka,kuukhu,kúúka,kuukhu,kúúka,kuukhu,buku1249
djado,baba,djado,baba,djado,baba,djado,baba,bulg1262
oeat,ngolo,oeat,ngolo,oeat,ngolo,oeat,ngolo,buli1256
kuruki,kro,kurapi,kro,kuruki,kro,kurapi,kro,bung1264
ua,ua,ua,ua,ua,ua,ua,ua,bung1269
aki,bai,aki,bai,aki,bai,aki,bai,bunu1267
k:bo,k:a-pwä,k:bo,k:a-pwä,k:bo,k:a-pwä,k:bo,k:a-pwä,burm1266
opo,opo,opo,opo,opo,opo,opo,opo,buru1303
mama,mama,mama,mama,mama,mama,mama,mama,bush1247
tumbuk,tumbuk,tumbuk,tumbuk,tumbuk,tumbuk,tumbuk,tumbuk,butm1237
qa',qa',kwa-l,su,qa',qa',kwa,su,cahu1264
'apo,'apo,'apo,'apo,'apo,'apo,'apo,'apo,casi1235
hocʼ-sote,ocʼ-sote,hocʼ-sote,ocʼ-sote,hocʼ-sote,ocʼ-sote,hocʼ-sote,ocʼ-sote,cayu1261
úyung,úyang,úyung,úyang,úyung,úyang,úyung,úyang,cebu1242
ba-pir,nanik,ba-pir,nanik,ba-pir,nanik,ba-pir,nanik,cent1972
bábo,bábo,bábo,bábo,bábo,bábo,bábo,bábo,cent2084
g-apo,g-apo,g-apo,g-apo,g-apo,g-apo,g-apo,g-apo,cent2089
apo,bai,apo,bai,apo,bai,apo,bai,cent2090
mbo',mbo',mbo',mbo',mbo',mbo',mbo',mbo',cent2092
tipolai,tipomahau,tipolai,tipomahau,tipolai,tipomahau,tipolai,tipomahau,cent2101
ačila,awiča,ačila,awiča,ačila,awiča,ačila,awiča,cent2142
aa'ʔapa,aa'mama,aa'ʔapa,aa'mama,aa'ʔapa,aa'mama,aa'ʔapa,aa'mama,chac1249
guelo,guela,guelo,guela,guelo,guela,guelo,guela,cham1312
lolo,lola,lolo,lola,lolo,lola,lolo,lola,chav1241
ta:ta,na:yanamma,ta:ta,ammamma,ta:ta,na:yanamma,ta:ta,ammamma,chen1255
to,ʔay,to,ʔay,to,ʔay,to,ʔay,chep1245
e-nǐ-sǐ,e-nǐ-sǐ,e-nǐ-sǐ,e-nǐ-sǐ,e-nǐ-sǐ,e-nǐ-sǐ,e-nǐ-sǐ,e-nǐ-sǐ,cher1273
nam-a-shimʼ,na-vishʼ-kim,nam-a-shimʼ,na-vishʼ-kim,nam-a-shimʼ,na-vishʼ-kim,nam-a-shimʼ,na-vishʼ-kim,chey1247
um-uʼ-fo,hap-pǔʼ-sǐ,um-uʼ-fo,hap-pǔʼ-sǐ,um-uʼ-fo,hap-pǔʼ-sǐ,um-uʼ-fo,hap-pǔʼ-sǐ,chic1270
setsíe,setsoné,setsíe,setsoné,setsíe,setsoné,setsíe,setsoné,chip1261
matɲilʸa,matilʸa,matɲilʸa,matilʸa,matɲilʸa,matilʸa,matɲilʸa,matilʸa,chip1262
um-uhʼ-fo,up-pukʼnǐ,um-uhʼ-fo,up-pukʼnǐ,um-uhʼ-fo,up-pukʼnǐ,um-uhʼ-fo,up-pukʼnǐ,choc1276
saam,iin,saam,iin,saam,iin,saam,iin,chuu1238
terit,zobyj,terit,zobyj,terit,zobyj,terit,zobyj,cint1239
kohkolli,sistli,kohkolli,sistli,kohkolli,sistli,kohkolli,sistli,clas1250
amui,nai,amui,nai,amui,nai,amui,nai,coca1259
winpa,numa,inkwo,inika,winpa,numa,inkwo,inika,coco1261
nabama,nasaka,nabama,nasaka,naˈbama,naˈsaχa,nabama,nasaka,cogu1240
taʰta,mama,taʰta,mama,taʰta,mama,taʰta,mama,colo1249
kïnu',huci,toko',kaku',kïnu',huci,toko',kaku',coma1245
nu-mohˑʼ-ho-musʼ,noo-hˑomeʼ,nu-mohˑʼ-ho-musʼ,noo-hˑomeʼ,nu-mohˑʼ-ho-musʼ,noo-hˑomeʼ,nu-mohˑʼ-ho-musʼ,noo-hˑomeʼ,comm1246
ataatacciaq,anaanacciaq,ataatacciaq,anaanacciaq,ataatacciaq,anaanacciaq,ataatacciaq,anaanacciaq,copp1244
sîrawidn,damawidn,sîrawidn,damawidn,sîrawidn,damawidn,sîrawidn,damawidn,corn1251
bébé,bébé,bébé,bébé,bébé,bébé,bébé,bébé,cota1241
cha-pǔ-chäʼ,cha-pǔʼ-se,cha-pǔ-chäʼ,cha-pǔʼ-se,cha-pǔ-chäʼ,cha-pǔʼ-se,cha-pǔ-chäʼ,cha-pǔʼ-se,cree1270
na-mo-shomeʼ,no-kome',na-mo-shomeʼ,no-kome',na-mo-shomeʼ,no-kome',na-mo-shomeʼ,no-kome',cree1272
me-nup-hˑisʼ-sä-ka,bä-säʼ-kä-na,me-nup-hˑisʼ-sä-ka,bä-säʼ-kä-na,me-nup-hˑisʼ-sä-ka,bä-säʼ-kä-na,me-nup-hˑisʼ-sä-ka,bä-säʼ-kä-na,crow1244
ñecu,ñeco,ñecu,ñeco,ñecu,ñeco,ñecu,ñeco,cube1242
qa,qa,kwa,ʂu,qa,qa,kwa,ʂu,cupe1243
dědeček,babička,dědeček,babička,dědeček,babička,dědeček,babička,czec1258
waawu,waawu,waawu,waawu,waawu,waawu,waawu,waawu,daka1243
tun̤-kan̤ʼ-she-dan̤,un̤-cheʼ,tun̤-kan̤ʼ-she-dan̤,un̤-cheʼ,tun̤-kan̤ʼ-she-dan̤,un̤-cheʼ,tun̤-kan̤ʼ-she-dan̤,un̤-cheʼ,dako1258
kai-nya,tete-nya,kai-nya,tete-nya,kai-nya,tete-nya,kai-nya,tete-nya,damp1237
tādō,bāpī,akō,kākō,tādō,bāpī,akō,kākō,dand1238
bedstefar,bedstemor,bedstefar,bedstemor,bedstefar,bedstemor,bedstefar,bedstemor,dani1285
pedarbozorg,mādarbozorg,pedarbozorg,mādarbozorg,pedarbozorg,mādarbozorg,pedarbozorg,mādarbozorg,dari1249
ŋuulga,kuratya,ŋuulga,gandja,ŋuulga,kuratya,ŋuulga,gandja,darl1243
loŋ1,ʔɔk3,loŋ1,yaa6,loŋ1,ʔɔk3,loŋ1,yaa6,deho1238
qaqaa,qaqa,qaqaa,qaqa,qaqaa,qaqa,qaqaa,qaqa,dehu1237
puba,kukuny,ngatyi,kami,puba,kukuny,ngatyi,kami,dhar1248
bubar,gukuin,ngathi,gami,bubar,gukuin,ngathi,gami,dhar1248a
märi’mu,mumu,ŋathi,märi,märi’mu,mumu,ŋathi,märi,dhuw1248
maari,muumu,ngathi,maani,maari,muumu,ngathi,maani,dhuw1249
adada,kunninie,adada,kanini,adada,kunninie,adada,kanini,dier1241
yenku,kami,ngardarda,kanini,yenku,kami,ngardarda,kanini,dier1241a
tsawe,wawa,tsawe,wawa,tsawe,wawa,tsawe,wawa,digo1243
bukobantẛjœm,bukobamukaar,maaŋkaa,bukobamukaar,bukobantẛjœm,bukobamukaar,maaŋkaa,bukobamukaar,ding1239
maari,muumu,ngathi,maari,maari,muumu,ngathi,maari,djam1256
mar'ming,ngatyityi,ngatyityi,midyi,mar'ming,ngatyityi,ngatyityi,midyi,djin1253
mar'ming,ngatjitji,ngatjitji,midji,mar'ming,ngatjitji,ngatjitji,midji,djin1253a
tubuna,tubuna,tubuna,tubuna,tubuna,tubuna,tubuna,tubuna,dobu1241
set-seeʼ-a,set-saʼ-na,set-seeʼ-a,set-saʼ-na,set-seeʼ-a,set-saʼ-na,set-seeʼ-a,set-saʼ-na,dogr1252
sikai,sibeke,sikai,sibeke,sikai,sibeke,sikai,sibeke,dond1249
sángóǹambámbe̱,ǹangóǹambámbe̱,sángóambámbe̱,ǹangóǹambámbe̱,sángóǹambámbe̱,ǹangóǹambámbe̱,sángóambámbe̱,ǹangóǹambámbe̱,dual1243
kakay,babong,kakay,babong,kakay,babong,kakay,babong,dupa1235
opa,oma,opa,oma,opa,oma,opa,oma,dutc1256
wayu,wayundanmi,ŋadja,buyar,wayu,wayundanmi,ŋadja,buyar,duun1241
pulu,papi,ŋaki,kumpu,pulu,papi,ŋaki,kumpu,dyir1250
tâ,yâ,tâ,yâ,tâ,yâ,tâ,yâ,dzon1239
bājē,bajyai,bājē,bajyai,bājē,bajyai,bājē,bajyai,east1436
pˀapˀ,tˀatˀ,pˀapˀ,tˀatˀ,pˀapˀ,tˀatˀ,pˀapˀ,tˀatˀ,east2283
zejde,bobe,zejde,bobe,zejde,bobe,zejde,bobe,east2295
tubu-,tubu-,tubu-,tubu-,tubu-,tubu-,tubu-,tubu-,east2443
tupuna,tupuna,tupuna,tupuna,tupuna,tupuna,tupuna,tupuna,east2447
kakua,ayaa,kakua,ayaa,kakua,ayaa,kakua,ayaa,east2516
t-amɨ̃i-r-amɨ̃i,ǰarɨ,t-amɨ̃i-r-amɨ̃i,ǰarɨ,t-amɨ̃i-r-amɨ̃i,ǰarɨ,t-amɨ̃i-r-amɨ̃i,ǰarɨ,east2555
nkökö,nkökönyango,nkökö,nkökönyango,nkökö,nkökönyango,nkökö,nkökönyango,ekon1238
tupu,tupu,tupu,tupu,tupu,tupu,tupu,tupu,emae1237
mama,tiya,pua,tiya,mama,tiya,pua,tiya,emau1237
tamutsi,tsa'i,tamutsi,tsa'i,tamutsi,tsa'i,tamutsi,tsa'i,emer1243
masar,kak,masar,kak,masar,kak,masar,kak,ende1235
kasua,ayaa,kasua,ayaa,kasua,ayaa,kasua,ayaa,erav1244
bodʸa,sɨr̃ʸebaba,bodʸa,sɨr̃ʸebaba,bodʸa,sɨr̃ʸebaba,bodʸa,sɨr̃ʸebaba,erzy1239
wanaisa,wanaema,wanaisa,wanaema,wanaisa,wanaema,wanaisa,wanaema,esto1258
’uhshiyah,k’inhshiyah,’weeshgashiyah,chuushiyah,’uhshiyah,k’inhshiyah,’weeshgashiyah,chuushiyah,eyak1241
mwam,mwam,mwam,mwam,mwam,mwam,mwam,mwam,fang1246
mo'ondʉ́e,maáńdʉe,mbega,maáńdʉe,mo'ondʉ́e,maáńdʉe,mbega,maáńdʉe,fefe1239
tubuqu,buqu,tukaqu,buqu,tubuqu,buqu,tukaqu,buqu,fiji1243
isänisä,isänäiti,äidinisä,äidinäiti,isänisä,isänäiti,äidinisä,äidinäiti,finn1318
ïtaatakulu,ïmaangukulu,ïtaatakulu,ïmaangukulu,ïtaatakulu,ïmaangukulu,ïtaatakulu,ïmaangukulu,fipa1238
purukayi,tapikayi,putyikayi,tatyikayi,purukayi,tapikayi,putyikayi,tatyikayi,flin1247
pupu,koukou,pupu,koukou,mapi-,koukou,pupu,koukou,fort1240
pake,beppe,pake,beppe,pake,beppe,pake,beppe,fris1239
tupuna,tupuna,tupuna,tupuna,tupuna,tupuna,tupuna,tupuna,futu1245
afu,afu,afu,afu,afu,afu,afu,afu,gada1258
oete,ede,oete,ede,oete,ede,oete,ede,gale1259
tamuru,notï,tamuru,notï,tamuru,notï,tamuru,notï,gali1262
t̪ilaːkaː,maːmaː,t̪aːt̪aː,kaːt̪iː,t̪ilaːkaː,maːmaː,t̪aːt̪aː,kaːt̪iː,gami1243
jjajja,jjajja,jjajja,jjajja,jjajja,jjajja,jjajja,jjajja,gand1255
nenigai,nenewan,nenigai,nenewan,nenigai,nenewan,nenigai,nenewan,gane1237
kaŋku,papicu,campaṱu,ŋaricu,kaŋku,papicu,campaṱu,ŋaricu,gang1267
kaŋkalityu,papityu,tyampat̪u,ŋarityu,kaŋkalityu,papityu,tyampat̪u,ŋarityu,gang1267a
awanpedih,ananpedih,awanalik,ananalik,awanpedih,ananpedih,awanalik,ananalik,gayo1244
kukua,kukua,kukua,kukua,kukua,kukua,kukua,kukua,gela1263
ts'awe,hawe,ts'awe,hawe,ts'awe,hawe,ts'awe,hawe,giry1241
kuku,mama,kuku,mama,kuku,mama,kuku,mama,gogo1263
vahi,vahi,vahi,vahi,vahi,vahi,vahi,vahi,gras1249
no-besʼ-sib-ä,na-eʼ-bä,no-besʼ-sib-ä,na-eʼ-bä,no-besʼ-sib-ä,na-eʼ-bä,no-besʼ-sib-ä,na-eʼ-bä,gros1243
tamə,iari,tamə,iari,tamə,iari,tamə,iari,guaj1256
tamoĩ,yarì,tamoĩ,yarì,tamoĩ,yarì,tamoĩ,yarì,guar1292
kami,ngulmpurr,ngathi,kami,kami,ngulmpurr,ngathi,kami,gugu1255
gami,babi,ngathi,gami,gami,babi,ngathi,gami,gugu1255a
märovadova,märiyardima,märovadova,märiyardima,märovadova,märiyardima,märovadova,märiyardima,guja1252
mawaʔ,makːaʔ,mamamʔ,gakːak,mawaʔ,makːaʔ,mamamʔ,gakːak,gunw1252
ngathiny,papiny,ngathiny,kaminy,ngathiny,papiny,ngathiny,kaminy,guny1241
maari\'mu,muumu,ngathi,maari,maari\'mu,muumu,ngathi,maari,gupa1247
kaku,ngaputyu,tyawityi,tyatyu,kaku,ngaputyu,tyawityi,tyatyu,guri1247
sókóro,maagókóro,sókóro,maagókóro,sókóro,maagókóro,sókóro,maagókóro,gusi1247
set-seeʼ,set-soʼ,set-seeʼ,set-soʼ,set-seeʼ,set-soʼ,set-seeʼ,set-soʼ,gwic1235
cīāǁū,cīāǁū,cīāǁū,cīāǁū,cīāǁū,cīāǁū,cīāǁū,cīāǁū,gwii1239
sokuru,nyokuru,sokuru,nyokuru,sokuru,nyokuru,sokuru,nyokuru,haaa1252
zimbing,zimbing,zimbing,zimbing,zimbing,zimbing,zimbing,zimbing,hano1246a
bibi,bibi,bibi,tutu,bibi,bibi,bibi,tutu,hano1246b
lakí,idu,lakí,idu,lakí,idu,lakí,idu,hanu1241
sa-täʼ-chock,sa-choʼ-na,sa-täʼ-chock,sa-choʼ-na,sa-täʼ-chock,sa-choʼ-na,sa-täʼ-chock,sa-choʼ-na,hare1243
kupunakāne,kupunawahine,kupunakāne,kupunawahine,kupunakāne,kupunawahine,kupunakāne,kupunawahine,hawa1245
tá:t'énkûlu,má:w'énkûlu,tá:t'énkûlu,má:w'énkûlu,tá:t'énkûlu,má:w'énkûlu,tá:t'énkûlu,má:w'énkûlu,haya1250
kuuku,papa,kuuku,papa,kuuku,papa,kuuku,papa,hehe1240
tateomunene,mamaomunene,tateomunene,mamaomunene,tateomunene,mamaomunene,tateomunene,mamaomunene,here1253
mä-toosh-a-rǔʼ-tä-kä,kä-rǔʼ-hǎ,mä-toosh-a-rǔʼ-tä-kä,kä-rǔʼ-hǎ,mä-toosh-a-rǔʼ-tä-kä,kä-rǔʼ-hǎ,mä-toosh-a-rǔʼ-tä-kä,kä-rǔʼ-hǎ,hida1246
tata-hweyi,nana-hweyi,tata-hweyi,nana-hweyi,tata-hweyi,nana-hweyi,tata-hweyi,nana-hweyi,high1278
lolo,lola,lolo,lola,lolo,lola,lolo,lola,hili1240
merádádá,meridádi,merádádá,meridádi,merádádá,meridádi,merádádá,meridádi,hind1269
huhha-,hanna-,huhha-,hanna-,huhha-,hanna-,huhha-,hanna-,hitt1242
med͜zhayr,med͜zmayr,med͜zhayr,med͜zmayr,med͜zhayr,med͜zmayr,med͜zhayr,med͜zmayr,homs1234
kwa,so'o,kwa,so'o,kwa,so'o,kwa,so'o,hopi1249
wocí,ka'ká,papá,su'sú,wocí,ka'ká,papá,su'sú,huar1255
nagyapa,nagyanya,nagyapa,nagyanya,nagyapa,nagyanya,nagyapa,nagyanya,hung1274
pi,pi,pi,pi,pi,pi,pi,pi,hunz1248
maatcwuñ,tcin,chuwe,tcwo,maatcwuñ,tcin,chuwe,tcwo,hupa1239
apo,apo,apo,apo,apo,apo,apo,apo,ibal1244
aki,ini,aki,ini,aki,ini,aki,ini,iban1264
kakay,kako,kakay,kako,kakay,kako,kakay,kako,iban1267
afi,amma,afi,amma,afi,amma,afi,amma,icel1247
inni',inni',inni',inni',inni',inni',inni',inni',idaa1241
kak,kak,kak,kak,kak,kak,kak,kak,idii1243
apo,apo,apo,apo,apo,apo,apo,apo,ifug1247
-'ačuka,c̷ec̷e,-'ačuka,c̷ec̷e,-'ačuka,c̷ec̷e,-'ačuka,c̷ec̷e,igna1246
apong,apong,apong,apong,apong,apong,apong,apong,ilok1237
nátaturi,nátato,nátaturi,nátato,nátaturi,nátato,nátaturi,nátato,inan1242
nénék,nénék,nénék,nénék,nénék,nénék,nénék,nénék,indo1316
embolilla,embodinda,embolilla,embodinda,embolilla,embodinda,embolilla,embodinda,indo1317
äijä,ämmä,äijä,baba,äijä,ämmä,äijä,baba,ingr1248
hee-tooʼ-ga,hee-kooʼ-n'-ye,hee-tooʼ-ga,hee-kooʼ-n'-ye,hee-tooʼ-ga,hee-kooʼ-n'-ye,hee-tooʼ-ga,hee-kooʼ-n'-ye,iowa1245
palakí,akbayi,palakí,akbayi,palakí,akbayi,palakí,akbayi,iray1237
seanathair,seanmhāthair,seanathair,seanmhāthair,seanathair,seanmhāthair,seanathair,seanmhāthair,iris1253
akay,ukoq,akay,ukoq,akay,ukoq,akay,ukoq,isna1241
nonno,nonna,nonno,nonna,nonno,nonna,nonno,nonna,ital1282
ah-meyuweʔne,ahme-yuweʔneʔka,ah-meyuweʔne,ahme-yuweʔneʔka,ah-meyuweʔne,ahme-yuweʔneʔka,ah-meyuweʔne,ahme-yuweʔneʔka,iton1250
xat̄ay,xabay,xat̄ay,xabay,xat̄ay,xabay,xat̄ay,xabay,itsa1239
apo,apo,apo,apo,apo,apo,apo,apo,ivat1242
-tʔek,-eyi,-tʔek,-eyi,-tʔek,-eyi,-tʔek,-eyi,iyoj1235
gran-fāda,gran-māda,gran-fāda,gran-māda,gran-fāda,gran-māda,gran-fāda,gran-māda,jama1262
o-je'-sang,o-bä'-sän,o-je'-sang,o-bä'-sän,o-je'-sang,o-bä'-sän,o-je'-sang,o-bä'-sän,japa1256
simbahkakung,simbahputri,simbahkakung,simbahputri,simbahkakung,simbahputri,simbahkakung,simbahputri,java1254
sìtsóyéˑ',cìtcóˑ',sìtsóyéˑ',cìtcóˑ',sìtsóyéˑ',cìtcóˑ',sìtsóyéˑ',cìtcóˑ',jica1244
!kun!a,tun,!kun!a,tun,!kun!a,tun,!kun!a,tun,juho1239
aamã,a-ái,aamã,a-ái,aamã,a-ái,aamã,a-ái,juru1256
mbue,mbue,mbue,mbue,mbue,mbue,mbue,mbue,kaba1285
peran,pati,peran,pati,peran,pati,peran,pati,kada1242
hene,napa,hene,napa,hene,napa,hene,napa,kada1286
kuku,mama,kuku,mama,kuku,mama,kuku,mama,kagu1239
che-ramõi,cheradjý,che-ramõi,cheradjý,che-ramõi,cheradjý,che-ramõi,cheradjý,kaiw1246
atei,kaiad,atei,kaiad,atei,kaiad,atei,kaiad,kala1377
basd,aps,basd,aps,basd,aps,basd,aps,kala1397
a-ta-ga,a-na-ga,a-ta-ga,a-na-ga,a-ta-ga,a-na-ga,a-ta-ga,a-na-ga,kala1399
mutyu,papi,tyatyi,mutyu,mutyu,papi,tyatyi,mutyu,kalk1246
ieramôi,ierarúí,ieramôi,ierarúí,ieramôi,ierarúí,ieramôi,ierarúí,kama1373
umãã,usua,umãã,usua,umãã,usua,umãã,usua,kamb1297
boku,àpu,boku,àpu,boku,àpu,boku,àpu,kamb1299
apo,apo,apo,apo,apo,apo,apo,apo,kank1243
be-cheʼ-cho,e-koʼ,be-cheʼ-cho,e-koʼ,be-cheʼ-cho,e-koʼ,be-cheʼ-cho,e-koʼ,kans1243
nkambo,nkambo,nkambo,nkambo,nkambo,nkambo,nkambo,nkambo,kaon1241
tamana,tinanamatua,tamana,tinanamatua,tamana,tinanamatua,tamana,tinanamatua,kapi1249
kipunga,kipunga,kipunga,kipunga,kipunga,kipunga,kipunga,kipunga,kapi1249a
kalityi,kaparli,tyampartu,kami,kalityi,kaparli,tyampartu,kami,kara1476
tata,nina,tata,nina,tata,nina,tata,nina,kara1499
yehpü,yehpee,yehpü,yehpee,yehpü,yehpee,yehpü,yehpee,kare1337
mayili,kaparli,maputyi,kantharri,mayili,kaparli,maputyi,kantharri,kari1304
kú̄t,kī́t,kú̄t,kī́t,kú̄t,kī́t,kú̄t,kī́t,karo1304
nyamu,nyami,nyamu,nyami,nyamu,nyami,nyamu,nyami,kart1247
budbab,nani,budbab,nani,budbab,nani,budbab,nani,kash1277
ba:s'enʔ,ma:s'enʔ,ca:s'enʔ,qa:s'enʔ,ba:s'enʔ,ma:s'enʔ,ca:s'enʔ,qa:s'enʔ,kash1280
mbrum,nambwa,mbrum,nambwa,mbrum,nambwa,mbrum,nambwa,katb1237
bbum,bbuah,bbum,bbuah,bbum,bbuah,bbum,bbuah,katb1237a
bumbu,nambwa,bumbu,nambwa,bumbu,nambwa,bumbu,nambwa,katb1237b
matla,ngapapi,thamamu,kamami,matla,ngapapi,thamamu,kamami,kaur1267
kunu,kagu,togo'o,huci,kunu,kagu,togo'o,huci,kawa1283
kaŋku,papicu,campaṱu,ŋaricu,kaŋku,papicu,campaṱu,ŋaricu,kaya1318
ramɨ͂y,yarɨ͂y,ramɨ͂y,yarɨ͂y,ramɨ͂y,yarɨ͂y,ramɨ͂y,yarɨ͂y,kaya1329
gúúkú,ninéénkúlu,gúúkú,ninéénkúlu,gúúkú,ninéénkúlu,gúúkú,ninéénkúlu,kere1283
qīˑp,qima,qibbat,qima,qīˑp,qima,qibbat,qima,kett1243
nem-ma-sooʼ-ma-thǎ,no-ko-ma-some-thǎʼ,nem-ma-sooʼ-ma-thǎ,no-ko-ma-some-thǎʼ,nem-ma-sooʼ-ma-thǎ,no-ko-ma-some-thǎʼ,nem-ma-sooʼ-ma-thǎ,no-ko-ma-some-thǎʼ,kick1244
güüka,tchutchu,güüka,tchutchu,güüka,tchutchu,güüka,tchutchu,kiku1240
tabu-,tabu-,tabu-,tabu-,tabu-,tabu-,tabu-,tabu-,kili1267
sadei'laay,sadai'turay,sadei'laay,sadai'turay,sadei'laay,sadai'turay,sadei'laay,sadai'turay,kipu1237
nogérebúro,áberebúro,nogérebúro,áberebúro,nogérebúro,áberebúro,nogérebúro,áberebúro,kiwa1251
doqom,doqol,doqom,doqol,doqom,doqol,doqom,doqol,klon1234
ta:tën,mutta:yi,ta:tën,mutta:yi,ta:tën,mutta:yi,ta:tën,mutta:yi,koda1255
nene,nene,nene,nene,nene,nene,nene,nene,kode1237
amboenakabani,amboeminé,amboenakabani,amboeminé,amboenakabani,amboeminé,amboenakabani,amboeminé,kodi1247
asec,ala,asec,ala,asec,ala,asec,ala,komb1273
bòbæ̀,nàbæ̀,bòbò,nàbò,bòbæ̀,nàbæ̀,bòbò,nàbò,komc1235
aki,aki,aki,aki,aki,aki,aki,aki,komn1238
tate,tate,tate,tate,tate,tate,tate,tate,komo1260
pue,pue,pue,pue,pue,pue,pue,pue,kona1243
ua,ua,ua,ua,ua,ua,ua,ua,koro1311
päpä-tummun-päpä-tummuk,neně-keyěn-neně-keyǔk,päpä-tummun-päpä-tummuk,neně-keyěn-neně-keyǔk,päpä-tummun-päpä-tummuk,neně-keyěn-neně-keyǔk,päpä-tummun-päpä-tummuk,neně-keyěn-neně-keyǔk,kosr1238
dado,bāpi,akko,kakko,dado,bāpi,akko,kakko,koya1251
yani',yani',yani',yani',yani',yani',yani',yani',kris1246
tubugu,tubugu,tubugu,tubugu,tubugu,tubugu,tubugu,tubugu,kuan1248
akenju,prenda,akenju,prenda,akenju,prenda,akenju,prenda,kuii1252
kirlaki,kaparli,nyaanyi,kaparli,kirlaki,kaparli,nyaanyi,kaparli,kuka1246
kami,babi,ngaji,kami,kami,babi,ngaji,kami,kuku1273
apua,apua,apua,apua,apua,apua,apua,apua,kuli1254
bubu,āmā,bubu,āmā,bubu,āmā,bubu,āmā,kuma1273
kaku,kami,ngatyi,paapany,kaku,kami,ngatyi,paapany,kumb1268
уллуата,къартана,уллуата,къартана,уллуата,къартана,уллуата,къартана,kumy1244
abmiŋar,adiŋar,adiŋar,abmiŋar,abmiŋar,adiŋar,adiŋar,abmiŋar,kunj1248
aia,aia,aia,aia,aia,aia,aia,aia,kuot1243
ajjos,ajji,ajjos,ajji,ajjos,ajji,ajjos,ajji,kuru1302
ka-pä-pa,ka-pä-pa,ka-pä-pa,ka-pä-pa,ka-pä-pa,ka-pä-pa,ka-pä-pa,ka-pä-pa,kute1249
puula,pa'i,ngachichu,miimi,puula,pa'i,ngachimu,miimi,kuuk1238
soi,bai,soi,bai,soi,bai,soi,bai,kuvi1243
ko'o,ko'o,ko'o,ko'o,ko'o,ko'o,ko'o,ko'o,kwai1243
kaha,kaha,kaha,kaha,kaha,kaha,kaha,kaha,kwam1252
mpbambo,mpbambo,mpbambo,mpbambo,mpbambo,mpbambo,mpbambo,mpbambo,kwas1243
wasaho,wao,wasaho,wao,wasaho,wao,wasaho,wao,kwer1261
yey,yey,atokw,atokw,yey,yey,atokw,atokw,kwom1262
kawua,apu,kawua,apu,kawua,apu,kawua,apu,kyak1244
ḍaḍa,ḍaḍi,ḍaḍa,ḍaḍi,ḍaḍa,ḍaḍi,ḍaḍa,ḍaḍi,lahn1241
peepe,peepe,peepe,peepe,peepe,peepe,peepe,peepe,laiw1239
tohˑ-käʼ-she-la,o-cheʼ,tohˑ-käʼ-she-la,o-cheʼ,tohˑ-käʼ-she-la,o-cheʼ,tohˑ-käʼ-she-la,o-cheʼ,lako1247
ußa,ußa,ußa,ußa,ußa,ußa,ußa,ußa,lalo1239
kapa,kapa,kapa,kapa,kapa,kapa,kapa,kapa,lamb1271
wenang,kuba,wenang,kuba,wenang,kuba,wenang,kuba,lamm1241
ue,ue,ue,ue,ue,ue,ue,ue,land1259
babʊ,bibi,babʊ,bibi,babʊ,bibi,babʊ,bibi,lang1320
kangkar,pape,jembe,nyerre,kuu,n!2a,jii,kungaa,lard1243
bumbu,bumbutevet,bumbu,bumbutevet,bumbu,bumbutevet,bumbu,bumbutevet,lare1249
avus,avia,avus,avia,avus,avia,avus,avia,lati1261
avus,anus,avus,anus,avus,anus,avus,anus,lati1261a
vectētin̩š,vecmāmin̩a,vectēvs,vecmāmin̩a,vectētin̩š,vecmāmin̩a,vectēvs,vecmāmin̩a,latv1249
tuka,tumbu,tuka,tumbu,tuka,tumbu,tuka,tumbu,laua1243
kakai,sibengkel,kakai,sibengkel,kakai,sibengkel,kakai,sibengkel,lauj1238
lok-soteʼ-hǎ,ak-soteʼ-hǎ,lok-soteʼ-hǎ,ak-soteʼ-hǎ,lok-soteʼ-hǎ,ak-soteʼ-hǎ,lok-soteʼ-hǎ,ak-soteʼ-hǎ,laur1250
kō,kō,kō,kō,kō,kō,kō,kō,lauu1247
paapua,atu,paapua,ati,paapua,atu,paapua,ati,lele1267
rɨp-,rɨp-,rɨp-,rɨp-,rɨp-,rɨp-,rɨp-,rɨp-,lena1238
-yata,-yama,-yata,-yama,-yata,-yama,-yata,-yama,leng1262
geta'abungk,kambwangk,geta'abungk,kambwangk,geta'abungk,kambwangk,geta'abungk,kambwangk,lete1241
garli,mangi,n-iminy,ngil-a,garli,mangi,n-iminy,ngil-a,limi1242
nkoko-mobali,nkoko-mwasi,nkoko-mobali,nkoko-mwasi,nkoko-mobali,nkoko-mwasi,nkoko-mobali,nkoko-mwasi,ling1263
bbubbu,nibbua,bbubbu,nibbua,bbubbu,nibbua,bbubbu,nibbua,ling1265
cìtsaí,cìtcó,cìtsaí,cìtcó,cìtsaí,cìtcó,cìtsaí,cìtcó,lipa1241
apa,ajɛ,apa,ajɛ,apa,ajɛ,apa,ajɛ,lisu1250a
apa,aʐa,apa,aʐa,apa,aʐa,apa,aʐa,lisu1250b
apa,aja,apa,aja,apa,aja,apa,aja,lisu1250c
apo,ane,apo,ane,apo,ane,apo,ane,lisu1250d
senẽlis,bobutė,mótinostévas,bobutė,senẽlis,bobutė,mótinostévas,bobutė,lith1251
bumbu,bumbutevet,bumbu,bumbutevet,bumbu,bumbutevet,bumbu,bumbutevet,litz1237
ēté,èdjé-ngèdjé,ēté,èdjé-ngèdjé,ēté,èdjé-ngèdjé,ēté,èdjé-ngèdjé,lolo1264
čapoh,čačoh,čapoh,čačoh,čapoh,čačoh,čapoh,čačoh,loni1238
tutu,tutu,tutu,tutu,tutu,tutu,tutu,tutu,lonw1238
tukwuk,tukwuk,tukwuk,tukwuk,tukwuk,tukwuk,tukwuk,tukwuk,loto1240
kuku,kuku,kuku,kuku,kuku,kuku,kuku,kuku,lozi1239
kaku,kaku,kaku,kaku,kaku,kaku,kaku,kaku,luba1249
kaka,kaka,kaka,kaka,kaka,kaka,kaka,kaka,luba1250
apunleyaki,apunbebyai,apunleyaki,apunbebyai,apunleyaki,apunbebyai,apunleyaki,apunbebyai,lubu1243
kaka,wao,kaka,wao,kaka,wao,kaka,wao,lugu1238
kwá'a,ká'néshmal,kwá',túutu,kwá'a,ká'néshmal,kwá',túutu,luis1253
nkaka,nkaka,nkaka,nkaka,nkaka,nkaka,nkaka,nkaka,lund1266
nkaka,nkaka,nkaka,nkaka,nkaka,nkaka,nkaka,nkaka,luva1239
grousspapp,groussmamm,grousspapp,groussmamm,grousspapp,groussmamm,grousspapp,groussmamm,luxe1241
kakah,kakah,kakah,kakah,kakah,kakah,kakah,kakah,maan1238
moemoetamoni,moemoetampini,moemoetamoni,moemoetampini,moemoetamoni,moemoetampini,moemoetamoni,moemoetampini,maba1278
dedo,baba,dedo,baba,dedo,baba,dedo,baba,mace1250
tambugu,tambugu,tambugu,tambugu,tambugu,tambugu,tambugu,tambugu,mada1284
tupu-,tupu-,tupu-,tupu-,tupu-,tupu-,tupu-,tupu-,mafe1237
tutu,tutu,tutu,tutu,tutu,tutu,tutu,tutu,maga1262
apu,apu,apu,apu,apu,apu,apu,apu,magu1243
da:d,dad:ɪ,da:d,dad:ɪ,da:d,dad:ɪ,da:d,dad:ɪ,maha1287
t-atat,t-atat,t-atat,t-atat,t-atat,t-atat,t-atat,t-atat,maib1239
pitāmha,pitāmhī,mātāmha,mātāmhī,pitāmha,pitāmhī,mātāmha,mātāmhī,mait1250
kàga,kàga,kàga,kàga,kàga,kàga,kàga,kàga,makl1246
nakulunkongwe,nakulunume,nakulunkongwe,nakulunume,nakulunkongwe,nakulunume,nakulunkongwe,nakulunume,mako1251
muttaccaṉ,muthace,ammatu,ammatu,muttaccaṉ,muthace,ammatu,ammatu,mala1464
pāttayya,pātti,pāttayya,pātti,pāttayya,pātti,pāttayya,pātti,mala1468
datok,tok,datok,tok,datok,tok,datok,tok,mala1479
abohbandamachu,abohbandamachu,abohbandafemi,abohbandafemi,abohbandamachu,abohbandamachu,abohbandafemi,abohbandafemi,mala1533
n'-mǔke-sǔmsʼ,nǔkʼ-mus,n'-mǔke-sǔmsʼ,nǔkʼ-mus,n'-mǔke-sǔmsʼ,nǔkʼ-mus,n'-mǔke-sǔmsʼ,nǔkʼ-mus,male1293
gantharri,gantharri,gantharri,gantharri,gantharri,gantharri,gantharri,gantharri,malg1242a
iaik,uauk,iaik,uauk,iaik,uauk,iaik,uauk,mali1284
tumbu,tata,tumbu,tumbu,tavuaiku,tata,tumbu,tumbu,malo1243
pupusuk,putuatsuk,pupusuk,putuatsuk,pupusuk,putuatsuk,pupusuk,putuatsuk,malu1245
tubu,tubu,tubu,tubu,tubu,tubu,tubu,tubu,mana1295
tä-taʼ-hˑe-ha,nahˑʼ-he-a,tä-taʼ-hˑe-ha,nahˑʼ-he-a,tä-taʼ-hˑe-ha,nahˑʼ-he-a,tä-taʼ-hˑe-ha,nahˑʼ-he-a,mand1446
tupuna,tupuna,tupuna,tupuna,tupuna,tupuna,tupuna,tupuna,mang1401
tupunatane,tupunava'ine,tupunatane,tupunava'ine,tupunatane,tupunava'ine,tupunatane,tupunava'ine,mang1402
empo,empo,empo,empo,empo,empo,empo,empo,mang1405
hene,napa,hene,napa,hene,napa,hene,napa,mang1407
napanana,napafīnī,napanana,napafīnī,napanana,napafīnī,napanana,napafīnī,mang1408
injemowa,indawa,injemowa,indawa,injemowa,indawa,injemowa,indawa,mani1235
opa,anʸekwa,opa,anʸekwa,opa,anʸekwa,opa,anʸekwa,mans1258
tipuna,tipuna,tipuna,tipuna,tipuna,tipuna,tipuna,tipuna,maor1246
mäuhääzä,mäzhiäze,mäuhääzä,mäzhiäze,mäuhääzä,mäzhiäze,mäuhääzä,mäzhiäze,mara1378
etbën,etbën,etbën,etbën,etbën,etbën,etbën,etbën,mara1399
apo,apo,apo,apo,apo,apo,apo,apo,mara1404
ngadhiny,pabiny,punydya,kaminy,ngadhiny,pabiny,punydya,kaminy,marg1253
bua,bua,bua,bua,bua,bua,bua,bua,mari1426
ᵐbua,ᵐbua,ᵐbua,ᵐbua,ᵐbua,ᵐbua,ᵐbua,ᵐbua,mari1426a
ˈɸuβuxamal,ˈɸuβuimʷa,ˈɸuβuxamal,ˈɸuβuimʷa,ˈɸuβuxamal,ˈɸuβuimʷa,ˈɸuβuxamal,ˈɸuβuimʷa,mari1426b
ɸuɸu,ɸuɸu,ɸuɸu,ɸuɸu,ɸuɸu,ɸuɸu,ɸuɸu,ɸuɸu,mari1426c
ɸuɸu,ɸuɸu,ɸuɸu,ɸuɸu,ɸuɸu,ɸuɸu,ɸuɸu,ɸuɸu,mari1426d
ɸuɸu,ɸuɸu,ɸuɸu,ɸuɸu,ɸuɸu,ɸuɸu,ɸuɸu,ɸuɸu,mari1426e
tə̆m,tə̆m,tə̆m,tə̆m,tə̆m,tə̆m,tə̆m,tə̆m,mari1426f
tə̆m,tə̆m,tə̆m,tə̆m,tə̆m,tə̆m,tə̆m,tə̆m,mari1426g
buᵐbu,buᵐbu,buᵐbu,buᵐbu,buᵐbu,buᵐbu,buᵐbu,buᵐbu,mari1426h
buᵐbu,buᵐbu,buᵐbu,buᵐbu,buᵐbu,buᵐbu,buᵐbu,buᵐbu,mari1426i
tupunaahana,tupunavehine,tupunaahana,tupunavehine,tupunaahana,tupunavehine,tupunaahana,tupunavehine,marq1246
jibu,jibu,jibu,jibu,jibu,jibu,jibu,jibu,mars1254
nyamu,kami,nyamu,kami,nyamu,kami,nyamu,kami,mart1256
bābā,dādī,nānā,nānī,bābā,dādī,nānā,nānī,marw1260
gugawase,kukuwase,kukuwase,kukuwase,gugawase,kukuwase,kukuwase,kukuwase,masa1299
hatʸi-rɨ,ha-xi-ro,hatʸi-rɨ,ha-xi-ro,hatʸi-rɨ,ha-xi-ro,hatʸi-rɨ,ha-xi-ro,mash1270
atabə-,atabə-,atabə-,atabə-,atabə-,atabə-,atabə-,atabə-,mask1242
tibu,tibu,tibu,tibu,tibu,tibu,tibu,tibu,matu1261
kaaga,kaaga,kaaga,kaaga,kaaga,kaaga,kaaga,kaaga,mbal1257
mbue,mbue,mbue,mbue,mbue,mbue,mbue,mbue,meko1237
tupuna,tupuna,tupuna,tupuna,tupuna,tupuna,tupuna,tupuna,mele1250
na-mǎʼ-sho,noʼ-ko-mäʼ,na-mǎʼ-sho,noʼ-ko-mäʼ,na-mǎʼ-sho,noʼ-ko-mäʼ,na-mǎʼ-sho,noʼ-ko-mäʼ,meno1252
uɸa,uɸa,uɸa,uɸa,uɸa,uɸa,uɸa,uɸa,menu1237
kaiǎd,kaiǎd,kaiǎd,kaiǎd,kaiǎd,kaiǎd,kaiǎd,kaiǎd,meri1244
tumbu,tumbu,tumbu,tumbu,tumbu,tumbu,tumbu,tumbu,merl1237
jûûjû,jûûjû,jûûjû,jûûjû,jûûjû,jûûjû,jûûjû,jûûjû,meru1245
cìnálé,cìt'cìné,cìtsóyé,cìtcóˑ,cìnálé,cìt'cìné,cìtsóyé,cìtcóˑ,mesc1238
nǎ-mǎʼ-sho-mis,noʼ-ko-mis,nǎ-mǎʼ-sho-mis,noʼ-ko-mis,nǎ-mǎʼ-sho-mis,noʼ-ko-mis,nǎ-mǎʼ-sho-mis,noʼ-ko-mis,mesk1242
indimowa,indawa,indimowa,indawa,indimowa,indawa,indimowa,indawa,meya1236
na-ma-shomäʼ,no-ko-mäʼ,na-ma-shomäʼ,no-ko-mäʼ,na-ma-shomäʼ,no-ko-mäʼ,na-ma-shomäʼ,no-ko-mäʼ,miam1252
oldfader,oldmoder,oldfader,oldmoder,oldfader,oldmoder,oldfader,oldmoder,midd1317
eltervater,eltermuoter,eltervater,eltermuoter,eltervater,eltermuoter,eltervater,eltermuoter,midd1343
úbbí,ábà,úbbí,ábà,úbbí,ábà,úbbí,ábà,mido1240
niks-kä-michʼ,nǔ-gaʼ-mich,niks-kä-michʼ,nǔ-gaʼ-mich,niks-kä-michʼ,nǔ-gaʼ-mich,niks-kä-michʼ,nǔ-gaʼ-mich,mikm1235
datuak,tuo,datuak,tuo,datuak,tuo,datuak,tuo,mina1268
tupuná,tupuná,tupuná,tupuná,tupuná,tupuná,tupuná,tupuná,mini1251
l-apiʔ,l-komeena,l-apiʔ,l-komeena,l-apiʔ,l-komeena,l-apiʔ,l-komeena,moco1246
pappous,yáya,pappous,yáya,pappous,yáya,pappous,yáya,mode1248
èdete,àpuèdete,èdete,àpuèdete,èdete,àpuèdete,èdete,àpuèdete,modo1249
läke-soteʼ,ahk-soteʼ,läke-soteʼ,ahk-soteʼ,läke-soteʼ,ahk-soteʼ,läke-soteʼ,ahk-soteʼ,moha1258
nuh-mä-homeʼ,no-omeʼ,nuh-mä-homeʼ,no-omeʼ,nuh-mä-homeʼ,no-omeʼ,nuh-mä-homeʼ,no-omeʼ,mohe1244
mbamba,mbamba,mbamba,mbamba,mbamba,mbamba,mbamba,mbamba,mokp1239
owo,eme,owo,eme,owo,eme,owo,eme,mong1331
nkoko,nkoko,nkoko,nkoko,nkoko,nkoko,nkoko,nkoko,mong1338
tua,tete,tua,tete,tua,tete,tua,tete,mono1273
gunu,hutsi,toko,mu,gunu,hutsi,toko,mu,mono1275
ue,ue,ue,ue,ue,ue,ue,ue,mori1268
ue,ue,ue,ue,ue,ue,ue,ue,mori1269
mbue,mbue,mbue,mbue,mbue,mbue,mbue,mbue,moro1287
samelap,inelap,samelap,inelap,samelap,inelap,samelap,inelap,mort1237
wui'ʔa,he'ye,wui'ʔa,he'ye,wui'ʔa,he'ye,wui'ʔa,he'ye,mose1249
tupui,tupui,tupui,tupui,tupui,tupui,tupui,tupui,mota1237
bōbō,bōbō,bōbō,bōbō,bōbō,bōbō,bōbō,bōbō,motl1237
tupugu,tupugu,tupugu,tupugu,tupugu,tupugu,tupugu,tupugu,motu1246
aia,aia,aia,aia,aia,aia,aia,aia,mouk1240a
nonoʔo,nonoʔo,nonoʔo,nonoʔo,nonoʔo,nonoʔo,nonoʔo,nonoʔo,movi1243
chin2,chinknee1,knee2,finger1,chin2,chinknee1,knee2,finger1,mudb1240
tubu,tubu,tubu,tubu,tubu,tubu,tubu,tubu,mudu1242
awa,awa,awa,awa,awa,awa,awa,awa,muna1247
aǰoǰot,aǰɨ̃ɲ-ǰɨ̃ɲ,aǰoǰot,aǰɨ̃ɲ-ǰɨ̃ɲ,aǰoǰot,aǰɨ̃ɲ-ǰɨ̃ɲ,aǰoǰot,aǰɨ̃ɲ-ǰɨ̃ɲ,mund1330
dǒ,kǎ,dǒ,kǎ,dǒ,kǎ,dǒ,kǎ,mung1266
tupuna,tupuna,tupuna,tupuna,tupuna,tupuna,tupuna,tupuna,mung1270
tupuna,tupuna,tupuna,tupuna,tupuna,tupuna,tupuna,tupuna,mung1271
namä-ho-mis,na-noʼ-home,namä-ho-mis,na-noʼ-home,namä-ho-mis,na-noʼ-home,namä-ho-mis,na-noʼ-home,muns1251
kaŋkuɭ,maŋka,t̪amuɲ,kawu,kaŋkuɭ,maŋka,t̪amuɲ,kawu,murr1258
papatu,mukutul,ngama,papatu,papatu,mukutul,ngama,papatu,muru1266
tuvu-,tuvu-,tuvu-,tuvu-,tuvu-,tuvu-,tuvu-,tuvu-,muss1246
rèrè-nèró,ngwè-nèró,rèrè-nèró,ngwèying'iyaḿi,rèrè-nèró,ngwè-nèró,rèrè-nèró,ngwèying'iyaḿi,myen1241
ebu,ebu,ebu,ebu,ebu,ebu,ebu,ebu,nage1237
tubu-,tubu-,tubu-,tubu-,tubu-,tubu-,tubu-,tubu-,naka1262
nai-ia,nai-ia,nai-ia,nai-ia,nai-ia,nai-ia,nai-ia,nai-ia,nali1244b
áki,alè,áki,alè,áki,alè,áki,alè,nama1266
pupu,taat,pupu,taat,pupu,taat,pupu,taat,nama1268
kaki,kaki,kaki,kaki,kaki,kaki,kaki,kaki,namb1293
ita,pwai,ita,pwai,ita,pwai,ita,pwai,nang1262
shináli,shináli,achaii,shimásini,shináli,shináli,achaii,shimásini,nava1243
gro-pupa,grani,gro-pupa,grani,gro-pupa,grani,gro-pupa,grani,nege1244
tubug,tubug,tubug,tubug,tubug,tubug,tubug,tubug,neha1247
kaki,kaki,kaki,kaki,kaki,kaki,kaki,kaki,neme1244
ir̃i,xada,ir̃i,xada,ir̃i,xada,ir̃i,xada,nene1249
papa,papa,papa,papa,papa,papa,papa,papa,neng1238
kake,kake,kake,kake,kake,kake,kake,kake,nenn1238
kake,kake,kake,kake,kake,kake,kake,kake,nenn1238a
bāje,bōzū,bāzēī,bōzū,bāje,bōzū,bāzēī,bōzū,nepa1254
bubunasub,bubulekhtarr,bubunasub,bubulekhtarr,bubunasub,bubulekhtarr,bubunasub,bubulekhtarr,nese1235
ittuq,ningiuq,ittuq,ningiuq,ittuq,ningiuq,ittuq,ningiuq,nets1241
tyamu,kaparli,tyamu,kaparli,tyamu,kaparli,tyamu,kaparli,ngaa1240
kak:ak,mimiʔ,mamamʔ,kak:ak,kak:ak,mimiʔ,mamamʔ,kak:ak,ngal1292
kaku,ngapupu,tyawityi,tyatyu,kaku,ngapupu,tyawityi,tyatyu,ngar1235
mayali,ngapari,maputyi,kantharri,mayali,ngapari,maputyi,kantharri,ngar1287
ambuya,ambuya,ambuya,ambuya,ambuya,ambuya,ambuya,ambuya,ngon1269
baba,wao,baba,wao,baba,wao,baba,wao,ngul1246
tiya,tua,pua,tata,tiya,tua,pua,tata,ngun1274
šoa-ye,yaa-ye,šoa-ye,yaa-ye,šoa-ye,yaa-ye,šoa-ye,yaa-ye,nina1238
kui,kui,kui,kui,kui,kui,kui,kui,niua1240
matuatupuna,matuatupuna,matuatupuna,matuatupuna,matuatupuna,matuatupuna,matuatupuna,matuatupuna,niue1239
atay,atay,atay,atay,atay,atay,atay,atay,noga1249
bappir,dappir,bappir,dappir,bappir,dappir,bappir,dappir,nort2641
bābā,dādī,bābā,dādī,bābā,dādī,bābā,dādī,nort2702
tiya,tua,pua,tata,tiya,tua,pua,tata,nort2836
tupunaahana,tupunavehine,tupunaahana,tupunavehine,tupunaahana,tupunavehine,tupunaahana,tupunavehine,nort2845
t̃ɨp̃ɨ,t̃ɨp̃ɨ,t̃ɨp̃ɨ,t̃ɨp̃ɨ,t̃ɨp̃ɨ,t̃ɨp̃ɨ,t̃ɨp̃ɨ,t̃ɨp̃ɨ,nort2847
ikitailalaki,ikitaifafai,ikitailalaki,ikitaifafai,ikitailalaki,ikitaifafai,ikitailalaki,ikitaifafai,nort2877
čʰan,náan,čʰan,náan,čʰan,náan,čʰan,náan,nort2938
setsée,setsį,setsée,setsį,setsée,setsį,setsée,setsį,nort2942
atata,aana,atata,aana,atata,aana,atata,aana,nort2944
a,saka,pa,kesi,a,saka,pa,kesi,nort2951
sakam,sasam,hopam,kotom,sakam,sasam,hopam,kotom,nort2952
nomoshom,nokom,nomoshom,nokom,nomoshom,nokom,nomoshom,nokom,nort2961
aba,ama,atsa,aka,aba,ama,atsa,aka,nort2966
zeze-'zrõã,papa-'ǰora,zeze-'zrõã,papa-'ǰora,zeze-'zrõã,papa-'ǰora,zeze-'zrõã,papa-'ǰora,nort2972
bestefar,bestemor,bestefar,bestemor,bestefar,bestemor,bestefar,bestemor,norw1259
mežḣayr,mežmayr,mežḣayr,mežmayr,mežḣayr,mežmayr,mežḣayr,mežmayr,nucl1235
dede,nine,dede,nine,dede,nine,dede,nine,nucl1301
nǎnnǎtätǎna,nǎnnǎǎwwǎ,nǎnnǎtätǎna,nǎnnǎǎwwǎ,nǎnnǎtätǎna,nǎnnǎǎwwǎ,nǎnnǎtätǎna,nǎnnǎǎwwǎ,nucl1305
aphou,aphwa,aphou,aphwa,aphou,aphwa,aphou,aphwa,nucl1310
embahlakeh,embahbini,embahlakeh,embahbini,embahlakeh,embahbini,embahlakeh,embahbini,nucl1460
tamatamai,sinnitamai,tamaannisilei,sinnisilei,tamatamai,sinnitamai,tamaannisilei,sinnisilei,nucl1479
iham,iham,iham,iham,iham,iham,iham,iham,nucl1622
sofu,sobo,sofu,sobo,sofu,sobo,sofu,sobo,nucl1643
niiya,dziʔis,niiya,dziʔis,niiya,dziʔis,niiya,dziʔis,nucl1649
na-mǎ-sho-mäʼ,noʼ-ko-mäʼ,na-mǎ-sho-mäʼ,noʼ-ko-mäʼ,na-mǎ-sho-mäʼ,noʼ-ko-mäʼ,na-mǎ-sho-mäʼ,noʼ-ko-mäʼ,nucl1653
tumbuna,tumbunewe,tumbuna,tumbunewe,tumbuna,tumbunewe,tumbuna,tumbunewe,numb1247
ndume,mwinangu,ndume,mwinangu,mwinangu,nkasi,mwinangu,nkasi,nyak1260
mayili,kaparli,mapityi,kantharri,mayili,kaparli,mapityi,kantharri,nyam1271
karli,kaparli,tyamu,kami,karli,kaparli,tyamu,kami,nyan1301
gumbu,gumbu,gumbu,gumbu,gumbu,gumbu,gumbu,gumbu,nyaw1247
isenkuru,nyinenkuru,isenkuru,nyinenkuru,isenkuru,nyinenkuru,isenkuru,nyinenkuru,nyor1246
kalud,jibi,jaam,kamani,kalud,jibi,jaam,kamani,nyul1247
tibu,tibu,tibu,tibu,tibu,tibu,tibu,tibu,ocea1241
tă:,jă:,tă:,jă:,tă:,jă:,tă:,jă:,oduu1239
ne-misʼ-sho-mis,no-ko-misʼ,ne-misʼ-sho-mis,no-ko-misʼ,ne-misʼ-sho-mis,no-ko-misʼ,ne-misʼ-sho-mis,no-ko-misʼ,ojib1241
tubung,tubung,tubung,tubung,tubung,tubung,tubung,tubung,olal1237
sābā,sābtā,sābā,sābtā,sābā,sābtā,sābā,sābtā,olda1245
ealdefæder,ealdemōdor,ealdefæder,ealdemōdor,ealdefæder,ealdemōdor,ealdefæder,ealdemōdor,olde1238
altvater,uota,altvater,uota,altvater,uota,altvater,uota,oldh1241
senathair,senmáthair,senathair,senmáthair,senathair,senmáthair,senathair,senmáthair,oldi1245
foður-faðir,foður-mōðir,mōður-faðir,mōður-mōðir,foður-faðir,foður-mōðir,mōður-faðir,mōður-mōðir,oldn1244
hendad,henfam,hendad,henfam,hendad,henfam,hendad,henfam,oldw1239
wee-teʼ-ga,weeʼkä,wee-teʼ-ga,weeʼkä,wee-teʼ-ga,weeʼkä,wee-teʼ-ga,weeʼkä,omah1247
hòu,hòn,hòu,hòn,hòu,hòn,hòu,hòn,onaa1245
lok-soteʼ-hä,ahk-soteʼ-hä,lok-soteʼ-hä,ahk-soteʼ-hä,lok-soteʼ-hä,ahk-soteʼ-hä,lok-soteʼ-hä,ahk-soteʼ-hä,onei1249
hoc-soʼ-dä-hä,oc-soʼ-dä-hä,hoc-soʼ-dä-hä,oc-soʼ-dä-hä,hoc-soʼ-dä-hä,oc-soʼ-dä-hä,hoc-soʼ-dä-hä,oc-soʼ-dä-hä,onon1246
kipunga,kipunga,kipunga,kipunga,kipunga,kipunga,kipunga,kipunga,onto1237
nopao,cariguat,paogua,xüguat,nopao,cariguat,paogua,xüguat,opat1246
ajā,gunsai-mā,ajja,āī,ajā,gunsai-mā,ajja,āī,oriy1255
we-cheʼ-cho,e-cheʼ,we-cheʼ-cho,e-cheʼ,we-cheʼ-cho,e-cheʼ,we-cheʼ-cho,e-cheʼ,osag1243
fydyfyd,styrmad,madyfyd,styrmad,fydyfyd,styrmad,madyfyd,styrmad,osse1243
e-tǔʼ-kä,hin-kǔʼ-ne,e-tǔʼ-kä,hin-kǔʼ-ne,e-tǔʼ-kä,hin-kǔʼ-ne,e-tǔʼ-kä,hin-kǔʼ-ne,otoo1241
na-ma-sho-misʼ,no-ko-misʼ,na-ma-sho-misʼ,no-ko-misʼ,na-ma-sho-misʼ,no-ko-misʼ,na-ma-sho-misʼ,no-ko-misʼ,otta1242
qaaqaa,iurana,qaaqaa,iurana,qaaqaa,iurana,qaaqaa,iurana,owaa1237
avu,avu,avu,avu,avu,avu,avu,avu,paam1238
ue,ue,ue,ue,ue,ue,ue,ue,pado1242
tata-wala,mama-wala,tata-wala,mama-wala,tata-wala,mama-wala,tata-wala,mama-wala,paez1247
ao,gèè,ao,gèè,ao,gèè,ao,gèè,paic1239
vuvu,vuvu,vuvu,vuvu,vuvu,vuvu,vuvu,vuvu,paiw1248
paatta,paatti,paatta,paatti,paatta,paatti,paatta,paatti,pali1274
ápunglaláqui,ápungbabay',ápunglaláqui,ápungbabay',ápunglaláqui,ápungbabay',ápunglaláqui,ápungbabay',pamp1243
dādā,dadi,nānā,nānī,dādā,dadi,nānā,nānī,panj1256
taita,ǰa'rɨi,taita,ǰa'rɨi,taita,ǰa'rɨi,taita,ǰa'rɨi,para1311
nikә,nyɑ,nikә,nyɑ,nikә,nyɑ,nikә,nyɑ,pash1269
kaja,angan,kaja,angan,kaja,angan,kaja,angan,pata1260
-ä́mäi,-ári,-ä́mäi,-ári,-ä́mäi,-ári,-ä́mäi,-ári,paus1244
ah-teʼ-put,ah-teʼ-kä,ah-teʼ-put,ah-teʼ-kä,ah-teʼ-put,ah-teʼ-kä,ah-teʼ-put,ah-teʼ-kä,pawn1254
siopu,sibe'e,siopu,sibe'e,siopu,sibe'e,siopu,sibe'e,pend1242
tupuna,tupuna,tupuna,tupuna,tupuna,tupuna,tupuna,tupuna,penr1237
na-mǎ-sho-mäʼ,no-ko-mäʼ,na-mǎ-sho-mäʼ,no-ko-mäʼ,na-mǎ-sho-mäʼ,no-ko-mäʼ,na-mǎ-sho-mäʼ,no-ko-mäʼ,peor1238
khaga,khaga,khaga,khaga,khaga,khaga,khaga,khaga,phen1239
ne-ahˑʼ-sä,neˑtä-ke-äʼ-sä,ne-ahˑʼ-sä,neˑtä-ke-äʼ-sä,ne-ahˑʼ-sä,neˑtä-ke-äʼ-sä,ne-ahˑʼ-sä,neˑtä-ke-äʼ-sä,pieg1239
l-a'penaʔ,le-kote,l-a'penaʔ,le-kote,l-a'penaʔ,le-kote,l-a'penaʔ,le-kote,pila1245
thupuna,thupuna,thupuna,thupuna,thupuna,thupuna,thupuna,thupuna,pile1238
tartarta,kami,tartarta,kami,tartarta,kami,tartarta,kami,pint1250
amu,kami,amu,kami,amu,kami,amu,kami,pitj1243
ngartarta,ngathanha,ngathanha,kanyini,ngartarta,ngathanha,ngathanha,kanyini,pitt1247
me-mo-someʼ,nohˑ-komeʼ,me-mo-someʼ,nohˑ-komeʼ,me-mo-someʼ,nohˑ-komeʼ,me-mo-someʼ,nohˑ-komeʼ,plai1258
pahpa,ihnkahlap,pahpa,ihnkahlap,pahpa,ihnkahlap,pahpa,ihnkahlap,pohn1238
pahpakahlap,ihnkahlap,pahpakahlap,ihnkahlap,pahpakahlap,ihnkahlap,pahpakahlap,ihnkahlap,pohn1238a
dziadek,babka,dziadek,babka,dziadek,babka,dziadek,babka,poli1260
ta-gaʼ-hä,gä-häʼ,ta-gaʼ-hä,gä-häʼ,ta-gaʼ-hä,gä-häʼ,ta-gaʼ-hä,gä-häʼ,ponc1241
avô,avó,avô,avó,avô,avó,avô,avó,port1283
vavu-simpeu,vavu-paream,vavu-simpeu,vavu-paream,vavu,vavu-paream,vavu-simpeu,vavu-paream,port1285
tetatman,tetatvaven,tetatman,tetatvaven,tetatman,tetatvaven,tetatman,tetatvaven,port1286
na-ma-sho-misʼ,no-ko-misʼ,na-ma-sho-misʼ,no-ko-misʼ,na-ma-sho-misʼ,no-ko-misʼ,na-ma-sho-misʼ,no-ko-misʼ,pota1247
tētis,anē,tētis,anē,tētis,anē,tētis,anē,prus1238
-dom,-an,-dom,-an,-dom,-an,-dom,-an,puin1248
tupuna,tupuna,tupuna,tupuna,tupuna,tupuna,tupuna,tupuna,puka1242
hada-mãĩ,hanĩ,hada-mãĩ,hanĩ,hada-mãĩ,hanĩ,hada-mãĩ,hanĩ,pume1238
tumoan,tumoan,tumoan,tumoan,tumoan,tumoan,tumoan,tumoan,puyu1239
y'phu,y'phe,y'phu,y'phe,y'phu,y'phe,y'phu,y'phe,pwoo1239
yersas,ḳyewo-seles,yersas,ḳyewo-seles,yersas,ḳyewo-seles,yersas,ḳyewo-seles,qawa1238
napáw,namáw,nakwéw,nakyéw,napáw,namáw,nakwéw,nakyéw,quec1382
aê,aduôn,aê,aduôn,aê,aduôn,aê,aduôn,rade1240
peepe,peepe,peepe,peepe,peepe,peepe,peepe,peepe,raha1237
tupunatane,tupunawahine,tupunatane,tupunawahine,tupunatane,tupunawahine,tupunatane,tupunawahine,raka1237
tupuna,tupuna,tupuna,tupuna,tupuna,tupuna,tupuna,tupuna,rapa1244
paapaaru'au,maamaaru'au,paapaaru'au,maamaaru'au,paapaaru'au,maamaaru'au,paapaaru'au,maamaaru'au,rapa1245
tupuna,tupuna,tupuna,tupuna,tupuna,tupuna,tupuna,tupuna,raro1241
nono,lola,nono,lola,nono,lola,nono,lola,rata1245
nini',sebeui,nini',sebeui,nini',sebeui,nini',sebeui,reja1240
tupuna,tupuna,tupuna,tupuna,tupuna,tupuna,tupuna,tupuna,renn1242
maari,muumu,ngathi,maari,maari,muumu,ngathi,maari,rita1239
bunic-moş,bunicǎ-moaşǎ,bunic-moş,bunicǎ-moaşǎ,bunic-moş,bunicǎ-moaşǎ,bunic-moş,bunicǎ-moaşǎ,roma1327
aaoto,aavuva,aavuto,taataiva,aaoto,aavuva,aavuto,taataiva,roto1249
ma'piga,ma'piga,ma'piga,ma'piga,ma'piga,ma'piga,ma'piga,ma'piga,rotu1241
oˀua,oˀua,oˀua,oˀua,oˀua,oˀua,oˀua,oˀua,rout1237
tamana,tinana,tamana,tinana,tamana,tinana,tamana,tinana,rovi1238
sogókuru,sogókuru,nyogókuru,nyogókuru,sogókuru,sogókuru,nyogókuru,nyogókuru,rund1242
dedushka,babushka,dedushka,babushka,dedushka,babushka,dedushka,babushka,russ1263
дедушка,бабушка,дедушка,бабушка,дедушка,бабушка,дедушка,бабушка,russ1263a
weuwe,pwaapwa,weuwe,pwaapwa,weuwe,pwaapwa,weuwe,pwaapwa,saaa1240
watok,tsibik,tsibik,tsibik,selak,tsibik,tsibik,tsibik,saaa1241
tamu'ulhalhusa,tamu'ualhaina,tamu'ulhalhusa,tamu'ualhaina,tamu'ulhalhusa,tamu'ualhaina,tamu'ulhalhusa,tamu'ualhaina,saar1237
nenek,nenek,nenek,nenek,nenek,nenek,nenek,nenek,saba1263
tamā,tinā,tamā,tinā,tamā,tinā,tamā,tinā,samo1305
tamaa,tinaa,tamaa,tinaa,tamaa,tinaa,tamaa,tinaa,samo1305a
imü,ijü,imü,ijü,imü,ijü,imü,ijü,sang1321
kuuku,papa,kuuku,papa,kuuku,papa,kuuku,papa,sang1330
pitāmaha,pitāmahī,mātāmaha,mātāmahī,pitāmaha,pitāmahī,mātāmaha,mātāmahī,sans1269
nkaka,nkaka,nkaka,nkayi,nkaka,nkaka,nkaka,nkayi,sans1272
fuq,fuq,fuq,fuq,fuq,fuq,fuq,fuq,sara1326
samenap,inaeninaen,samenap,inaeninaen,samenap,inaeninaen,samenap,inaeninaen,sata1237
bääsebaabe,bääsje,bääsebaabe,bääsje,bääsebaabe,bääsje,bääsebaabe,bääsje,sate1242
gaë,gele,gaë,gele,gaë,gele,gaë,gele,sawa1247
zbi,zbi,zbi,zbi,zbi,zbi,zbi,zbi,seke1241
ilʸčʸa,imɨlʸa,ilʸčʸa,imɨlʸa,ilʸčʸa,imɨlʸa,ilʸčʸa,imɨlʸa,selk1253
hocʼ-sote,ocʼ-sote,hocʼ-sote,ocʼ-sote,hocʼ-sote,ocʼ-sote,hocʼ-sote,ocʼ-sote,sene1264
ded,baba,ded,baba,ded,baba,ded,baba,serb1264
-apaš,-akt,-apaš,-akt,-apaš,-akt,-apaš,-akt,seri1257
ka',-kak-,kwat,tcur,ka',-kak-,kwat,tcur,serr1255
yǎphu,yǎphie,yǎphu,yǎphie,yǎphu,yǎphie,yǎphu,yǎphie,sgaw1245
aʔ5tiɑ55,hæ51bu13-33,ŋɑ31-13koŋ55-31,ŋɑ31-13bu13-33,aʔ5tiɑ55,hæ51bu13-33,ŋɑ31-13koŋ55-31,ŋɑ31-13bu13-33,shan1293
atsmo,atsmo,akwit,atcidi,atsmo,atsmo,akwit,atcidi,shas1239
na-ma-some-thä,no-kome-thäʼ,na-ma-some-thä,no-kome-thäʼ,na-ma-some-thä,no-kome-thäʼ,na-ma-some-thä,no-kome-thäʼ,shaw1249
gáwa,gàma,gáwa,gàma,gáwa,gàma,gáwa,gàma,sher1255
shakulu,mugaaka,shakulu,mugaaka,shakulu,mugaaka,shakulu,mugaaka,shii1238
qʼux̌dudid,qʼaˤsdɨnin,qʼux̌dudid,qʼaˤsdɨnin,qʼux̌dudid,qʼaˤsdɨnin,qʼux̌dudid,qʼaˤsdɨnin,shin1265
papayósi,títayoshan,yósishoco,títayoshan,papayósi,títayoshan,yósishoco,títayoshan,ship1254
kïnu,kaku,toko,hucci,kïnu,kaku,toko,hucci,shos1248
tahen,uyon,tahen,uyon,tahen,uyon,tahen,uyon,siee1239
tupuna,tupuna,tupuna,tupuna,tupuna,tupuna,tupuna,tupuna,sika1261
dāḍo,ḍāḍī,nāno,nānī,dāḍo,ḍāḍī,nāno,nānī,sind1272
atta,attamma,atta,attamma,atta,attamma,atta,attamma,sinh1246
wo-tětsǔ-fǔ,wo-tětsǔ-mo,wo-tětsǔ-fǔ,wo-tětsǔ-mo,wo-tětsǔ-fǔ,wo-tětsǔ-mo,wo-tětsǔ-fǔ,wo-tětsǔ-mo,sini1245
ãmẽĩ̯,ečari,ãmẽĩ̯,ečari,ãmẽĩ̯,ečari,ãmẽĩ̯,ečari,siri1273
sa-tseʼ-a,sa-tsunʼ,sa-tseʼ-a,sa-tsunʼ,sa-tseʼ-a,sa-tsunʼ,sa-tseʼ-a,sa-tsunʼ,slav1253
stârióče,stâramáti,stârióče,stâramáti,stârióče,stâramáti,stârióče,stâramáti,slov1268
dedko,starámama,dedko,starámama,dedko,starámama,dedko,starámama,slov1269
dhadha,zeiza,dhadha,zeiza,dhadha,zeiza,dhadha,zeiza,soga1242
añki,apɨki,asɨki,afai,añki,apɨki,asɨki,afai,soge1235
nkuku,nkuku,nkuku,nkuku,nkuku,nkuku,nkuku,nkuku,song1300
tamartama-i,dirartama-i,tamarneira-i,dirarneira-i,tamartama-i,dirartama-i,tamarneira-i,dirarneira-i,sons1242
deda,baba,deda,baba,deda,baba,deda,baba,sout1528
apu,ati,apu,ati,apu,ati,apu,ati,sout2856
apu,ati,apu,ati,apu,ati,apu,ati,sout2856a
totot,kakapw,totot,kakapw,totot,kakapw,totot,kakapw,sout2857
avu,avu,avu,avu,avu,avu,avu,avu,sout2859
tupuna,tupuna,tupuna,tupuna,tupuna,tupuna,tupuna,tupuna,sout2865
tupuna,tupuna,tupuna,tupuna,tupuna,tupuna,tupuna,tupuna,sout2866
rɨp,rɨp,rɨp,rɨp,rɨp,rɨp,rɨp,rɨp,sout2869
'ɛmɛm,mɛm'ɛm,'ɛmɛm,mɛm'ɛm,'ɛmɛm,mɛm'ɛm,'ɛmɛm,mɛm'ɛm,sout2883
ehtsíe,ehtsų,ehtsíe,ehtsų,ehtsíe,ehtsų,ehtsíe,ehtsų,sout2959
ge'taat,ge'naan,ge'taat,ge'naan,ge'taat,ge'naan,ge'taat,ge'naan,sout2976
in-chauʼ-wä,in-tchit-nä,in-chauʼ-wä,in-tchit-chee-äʼ-à,is-hahʼ-pä,in-kahʼ-nä,is-hahʼ-pä,in-kahʼ-nä,spok1245
abuelo,abuela,abuelo,abuela,abuelo,abuela,abuelo,abuela,stan1288
avi,àvia,avi,àvia,avi,àvia,avi,àvia,stan1289
grand-père,grand-mère,grand-père,grand-mère,grand-père,grand-mère,grand-père,grand-mère,stan1290
ˈɡɹænfɑː.ðə,ˈɡɹænmʌðə,ˈɡɹænfɑː.ðə,ˈɡɹænmʌðə,ˈɡɹænfɑː.ðə,ˈɡɹænmʌðə,ˈɡɹænfɑː.ðə,ˈɡɹænmʌðə,stan1293
ˈɡʀoːsˌfaːtɐ,ˈɡʀoːsˌmʊtɐ,ˈɡʀoːsˌfaːtɐ,ˈɡʀoːsˌmʊtɐ,ˈɡʀoːsˌfaːtɐ,ˈɡʀoːsˌmʊtɐ,ˈɡʀoːsˌfaːtɐ,ˈɡʀoːsˌmʊtɐ,stan1295
ʒd,ʒdɑ,ʒd,ʒdɑ,ʒd,ʒdɑ,ʒd,ʒdɑ,stan1323
ˈɛwɛ,ˈɛwɛ,ˈɛwɛ,ˈɛwɛ,ˈɛwɛ,ˈɛwɛ,ˈɛwɛ,ˈɛwɛ,suki1245
kaakha,kaakha,kaakha,kaakha,kaakha,kaakha,kaakha,kaakha,suku1259
guukub,maama,guukub,maama,guukub,maama,guukub,maama,suku1261
pōpa,nōpafīna,pōpa,nōpafīna,pōpa,nōpafīna,pōpa,nōpafīna,sula1245
gùùkù,mååmå,gùùkù,mååmå,gùùkù,mååmå,gùùkù,mååmå,sumb1240
aki,nini,aki,nini,aki,nini,aki,nini,sund1252
ãmṍ,móyá,ãmṍ,móyá,ãmṍ,móyá,ãmṍ,móyá,suru1262
nkaka,nkaka,nkaka,nkaka,nkaka,nkaka,nkaka,nkaka,suun1239
aʔ5tiɑ55,hæ51bu13-33,ŋɑ31-13koŋ55-31,ŋɑ31-13bu13-33,aʔ5tiɑ55,hæ51bu13-33,ŋɑ31-13koŋ55-31,ŋɑ31-13bu13-33,suzh1234
far-far,far-mor,far-far,far-mor,far-far,far-mor,far-far,far-mor,swed1254
pulakí,pubai,pulakí,pubai,pulakí,pubai,pulakí,pubai,tady1237
nuno,nuno,nuno,nuno,nuno,nuno,nuno,nuno,taga1270
tupunatane,tupunavahine,tupunatane,tupunavahine,tupunatane,tupunavahine,tupunatane,tupunavahine,tahi1242
sikai,siopu,sikai,siopu,sikai,siopu,sikai,siopu,taje1237a
siopu,sibe'e,siopu,sibe'e,siopu,sibe'e,siopu,sibe'e,taje1237b
bobo,bibi,bobo,bibi,bobo,bibi,bobo,bibi,taji1245
sikau,siopu,sikau,siopu,sikau,siopu,sikau,siopu,taji1246
tbu-,tbu-,tbu-,tbu-,tbu-,tbu-,tbu-,tbu-,taki1248
tipuna,tipuna,tipuna,tipuna,tipuna,tipuna,tipuna,tipuna,taku1257
kukuana,kakave,kukuana,kakave,kukuana,kakave,kukuana,kakave,tali1259
papahini,papafīni,papahini,papafīni,papahini,papafīni,papahini,papafīni,tali1262
enpaddan,enpaddi,enpaddan,enpaddi,enpaddan,enpaddi,enpaddan,enpaddi,tami1289
bebe,vavy,bebe,vavy,bebe,vavy,bebe,vavy,tana1285
che-ramyia,che-chanyia,che-ramyia,che-chanyia,che-ramyia,che-chanyia,che-ramyia,che-chanyia,tapi1254
apua,apua,apua,apua,apua,apua,apua,apua,tasi1237
apu,apu,apu,apu,apu,apu,apu,apu,taum1237
apo,apo,apo,apo,apo,apo,apo,apo,taus1251
apu',apu',apu',apu',apu',apu',apu',apu',taus1251a
bāy,ḳon,bāy,ḳon,bāy,ḳon,bāy,ḳon,tehu1242
-rata',-rata',-rata',-rata',-rata',-rata',-rata',-rata',teiw1235
tatǎ,avvǎ,tatǎ,avvǎ,tatǎ,avvǎ,tatǎ,avvǎ,telu1262
he-tamúi,zarýi,he-tamúi,zarýi,he-tamúi,zarýi,he-tamúi,zarýi,temb1276
-amonh-,-jariki,-amonh-,-jariki,-amonh-,-jariki,-amonh-,-jariki,tenh1241
baik,beik,baik,beik,baik,beik,baik,beik,term1237
tshe,tshe,tshe,tshe,tshe,tshe,tshe,tshe,tete1250
abo,abo,abo,abo,abo,abo,abo,abo,tetu1245
avoo,avoo,avoo,avoo,avoo,avoo,avoo,avoo,tetu1246
apura'in,apuki'ay,apura'in,apuki'ay,apura'in,apuki'ay,apura'in,apuki'ay,thao1240
punth-puumi,pamngan-ngethe,paanthngan-ngethe,paanthkamtil-mele,punth-puumi,pamngan-ngethe,paanthngan-ngethe,paanthkamtil-mele,thay1249
tǐtik,jèjèk,tǐtik,jèjèk,tǐtik,jèjèk,tǐtik,jèjèk,tido1248
tete,majeje,tete,majeje,tete,majeje,tete,majeje,tido1248a
tupuna,tupuna,tupuna,tupuna,tupuna,tupuna,tupuna,tupuna,tiko1237
tupuna,tupuna,tupuna,tupuna,tupuna,tupuna,tupuna,tupuna,tiko1237a
nunũũ,gɛɛ,nunũũ,gɛɛ,nunũũ,gɛɛ,nunũũ,gɛɛ,tiri1258
ter,ngoutamen,teruvesen,ngoutamen,ter,ngoutamen,teruvesen,ngoutamen,tivv1240
-léelkˀʷ,-léelkˀʷ,-léelkˀʷ,-léelkˀʷ,-léelkˀʷ,-léelkˀʷ,-léelkˀʷ,-léelkˀʷ,tlin1245
kookoqo,kookoqo,kookoqo,kookoqo,kookoqo,kookoqo,kookoqo,kookoqo,toab1237
l-apiʔ,l-kote,l-apiʔ,l-kote,l-apiʔ,l-kote,l-apiʔ,l-kote,toba1269
miamosgee,miamosgee,mirarikee,mirarikee,miamosgee,miamosgee,mirarikee,mirarikee,toca1235
piān,piāv,piān,piāv,piān,piāv,piān,piāv,toda1252
wosk,ka'a,woji,hu'ul,wosk,ka'a,woji,hu'ul,toho1245
tupuna,tupuna,tupuna,tupuna,tupuna,tupuna,tupuna,tupuna,toke1240
tupuna,tupuna,tupuna,tupuna,tupuna,tupuna,tupuna,tupuna,toke1240a
pupu,pupu,pupu,pupu,pupu,pupu,pupu,pupu,tokp1240
vaova,vaova,vaova,vaova,vaova,vaova,vaova,vaova,tola1247
ame',trene,sagi,su,ame',trene,sagi,su,tolo1259
uekai,uekele,uekai,uekele,uekai,uekele,uekai,uekele,toma1248
tētē,nēnē,tētē,nēnē,tētē,nēnē,tētē,nēnē,tomb1243
kakai,siopubein,kakai,siopubein,kakai,siopubein,kakai,siopubein,tomi1243
bataatakulu,bamakulu,bataatakulu,bamakulu,bataatakulu,bamakulu,bataatakulu,bamakulu,tong1321
kui,kui,kui,kui,kui,kui,kui,kui,tong1325
tété,néné,tété,néné,tété,néné,tété,néné,tons1240
senkuru,nyinenkuru,senkuru,nyinenkuru,senkuru,nyinenkuru,senkuru,nyinenkuru,toor1238
ua,ua,ua,ua,ua,ua,ua,ua,tore1237
ate,aka,ate,aka,ate,aka,ate,aka,torr1261
gʸüš,gʸüše,gʸüš,gʸüše,gʸüš,gʸüše,gʸüš,gʸüše,tosk1239
sikai,bakele,sikai,bakele,sikai,bakele,sikai,bakele,toto1304
-očko,-oc̷e,-očko,-oc̷e,-očko,-oc̷e,-očko,-oc̷e,trin1274
haiei,hatseda,haiei,hatseda,haiei,hatseda,haiei,hatseda,trum1247
kokwane,kokwane,kokwane,kokwane,kokwane,kokwane,kokwane,kokwane,tson1249
rre-mogolo,mme-mogolo,rre-mogolo,mme-mogolo,rre-mogolo,mme-mogolo,rre-mogolo,mme-mogolo,tswa1253
metuaru'au,metuaru'au,metuaru'au,metuaru'au,metuaru'au,metuaru'au,metuaru'au,metuaru'au,tuam1242
akkaa-,ucuu,aakiš-t,ucuu,akkaa-,ucuu,aakiš-t,ucuu,tuba1278
suu,zuú,su,zuú,suu,zuú,su,zuú,tuba1279
tupunatane,tupunavahine,tupunatane,tupunavahine,tupunatane,tupunavahine,tupunatane,tupunavahine,tubu1240
pajkéró,maákó,pajkéró,maúkó,pajkéró,maákó,pajkéró,maúkó,tuca1252
ompu,ompu,ompu,ompu,ompu,ompu,ompu,ompu,tuka1249
ue,ue,ue,ue,ue,ue,ue,ue,tula1253
tivu,tivu,tivu,tivu,tivu,tivu,tivu,tivu,tung1290
apu,aya,apunai,anai,apu,aya,apunai,anai,turu1249
ahk-räʼ-sote,ahk-räʼ-sote,ahk-räʼ-sote,ahk-räʼ-sote,ahk-räʼ-sote,ahk-räʼ-sote,ahk-räʼ-sote,ahk-räʼ-sote,tusc1257
tupuna,tupuna,tupuna,tupuna,tupuna,tupuna,tupuna,tupuna,tuva1244
na'if,be'if,ambaba,ainbaba,na'if,be'if,ambaba,ainbaba,uabm1237
pesʸatay,pesʸanay,čužatay,čužanay,pesʸatay,pesʸanay,čužatay,čužanay,udmu1245
didús',babusya,didús',babusya,didús',babusya,didús',babusya,ukra1253
wauwa,pwaapwa,wauwa,pwaapwa,wauwa,pwaapwa,wauwa,pwaapwa,ulaw1237
hukuaki?,hukuduh,hukuaki?,hukuduh,hukuaki?,hukuduh,hukuaki?,hukuduh,umaj1240
maikulu,sekulu,maikulu,sekulu,maikulu,sekulu,maikulu,sekulu,umbu1257
bubu,bubu,bubu,bubu,bubu,bubu,bubu,bubu,umir1236
pula,pa'i,ngatyi,miimi,pula,pa'i,ngatyi,miimi,umpi1239
tambrungk,apusungk,tambrungk,apusungk,tambrungk,apusungk,tambrungk,apusungk,unua1237
ne-me-shoʼ-mis,noʼ-ko-mis,ne-me-shoʼ-mis,noʼ-ko-mis,ne-me-shoʼ-mis,noʼ-ko-mis,ne-me-shoʼ-mis,noʼ-ko-mis,uppe1274
cä,yäq,cä,yäq,cä,yäq,cä,yäq,urak1238
irais,uyou,irais,uyou,irais,uyou,irais,uyou,urav1235
dādā,dādī,nānā,nānī,dādā,dādī,nānā,nānī,urdu1245
bambu,bambu,bambu,bambu,bambu,bambu,bambu,bambu,urip1239
kynuni,wyciny,tukuny,kakuny,kynuni,wyciny,tukuny,kakuny,utee1244
tog-go,kä-go,tog-go,kä-go,tog-go,kä-go,tog-go,kä-go,utes1238
bumbu,bumbu,bumbu,bumbu,bumbu,bumbu,bumbu,bumbu,vaoo1237
tunazake,sinananggole,tunazake,sinananggole,tunazake,sinananggole,tunazake,sinananggole,vari1239
makhulu,makhulu,makhulu,makhulu,makhulu,makhulu,makhulu,makhulu,vend1245
uk,ak,uk,ak,uk,ak,uk,ak,veps1250
ubu-an'am̄an,ubu-anren̄e,ubu-an'am̄an,ubu-anren̄e,ubu-an'am̄an,ubu-anren̄e,ubu-an'am̄an,ubu-anren̄e,vera1241
dadeskodad,dadeskidei,dakodad,dakidei,dadeskodad,dadeskidei,dakodad,dakidei,vlax1238
tubuk,tubuk,tubuk,tubuk,tubuk,tubuk,tubuk,tubuk,vure1239
kathukathu,iperi,kuthuthu,iperi,kathukathu,iperi,kuthuthu,iperi,waga1260
ue,ue,ue,ue,ue,ue,ue,ue,waia1242
al,tcûn,tcugi,tco,al,tcûn,tcugi,tco,wail1244
mee,wi,mee,wi,mee,wi,mee,wi,waim1253
ñihkü̃,ñihkó,ñihkü̃,ñihkó,ñihkü̃,ñihkó,ñihkü̃,ñihkó,waim1255
∅-φori-n,yɨ-noči,∅-φori-n,yɨ-noči,∅-φori-n,yɨ-noči,∅-φori-n,yɨ-noči,waiw1244
kami,kanytyari,kami,kanytyari,kami,kanytyari,kami,kanytyari,waja1257
pér,granméer,pér,granméer,pér,granméer,pér,granméer,wall1255
kui,kui,kui,kui,kui,kui,kui,kui,wall1257
ganggu,ngayijinya,jaminjila,gugunya,ganggu,ngayijinya,jaminjila,gugunya,wamb1258
'age,'angge,'age,'angge,'age,'angge,'age,'angge,wang1287
jamu,yaparli,jamu,yaparli,jamu,yaparli,jamu,yaparli,wang1288
ilyili,apirla,athata,katnhini,ilyili,apirla,athata,katnhini,wang1290
ilyili,apirla,athata,kadnhini,ilyili,apirla,athata,kadnhini,wang1290a
kaakaa,maamaa,kaarrikaa,miimii,kaakaa,maamaa,kaarrikaa,miimii,wang1291
camu,kami,camu,kami,camu,kami,kamuɹu,kami,wanm1242
ˀdukʰuẓɨɨ,kʰuʔukʰuu,ˀdukʰuẓɨɨ,kʰuʔukʰuu,ˀdukʰuẓɨɨ,kʰuʔukʰuu,ˀdukʰuẓɨɨ,kʰuʔukʰuu,wapi1253
kutyukutyu,yapaɭa,makari,kaparli,kutyukutyu,yapaɭa,makari,kaparli,warl1254
warringiyi,yaparla,jamirdi,jaja,warringiyi,yaparla,jamirdi,jaja,warl1254a
kangkuya,ngaputyu,thigh3,shoulder2,kangkuya,ngaputyu,thigh3,shoulder2,warl1255
omofimai,omofinai,omofimai,omofinai,omofimai,omofinai,omofimai,omofinai,waro1242
kukurn,linyar,ngapurn,kuruk,kukurn,linyar,ngapurn,kuruk,warr1257
bolo,kami,ngatyi,papi,pulu,kami,ngatyi,papi,waru1264
chin1,appirli,appirli,shoulder2,chin1,appirli,appirli,shoulder2,waru1265
ue,ue,ue,ue,ue,ue,ue,ue,waru1266
lompoŋg,lompoŋg,lompoŋg,lompoŋg,lompoŋg,lompoŋg,lompoŋg,lompoŋg,watu1246
a'tu,a'c̷i,a'tu,a'c̷i,a'tu,a'c̷i,a'tu,a'c̷i,waur1244
ußa,ußa,ußa,ußa,ußa,ußa,ußa,ußa,wawo1239
-l-amũĩ,yalɨi,-l-amũĩ,yalɨi,-l-amũĩ,yalɨi,-l-amũĩ,yalɨi,waya1270
ta-tuuši,toušu,ta-tuuši,toušu,ta-tuuši,toušu,ta-tuuši,toušu,wayu1243
gae,gele,gae,gele,gae,gele,gae,gele,weda1240
taid,nain,taid,nain,taid,nain,taid,nain,wels1247
-tam,-tam,-tam,-tam,-tam,-tam,-tam,-tam,wers1238
aitite,amama,aitite,amama,aitite,amama,aitite,amama,west1508
pedær-e-bozorg,mɑdær-ebozorg,pedær-e-bozorg,mɑdær-ebozorg,pedær-e-bozorg,mɑdær-ebozorg,pedær-e-bozorg,mɑdær-ebozorg,west2369
nānā,dādī,nānā,dādī,nānā,dādī,nānā,dādī,west2386
tupuna,tupuna,tupuna,tupuna,tupuna,tupuna,tupuna,tupuna,west2515
apu',apu',apu',apu',apu',apu',apu',apu',west2555
fofoama,fofoina,fofoama,fofoina,fofoama,fofoina,fofoama,fofoina,west2559
emma'too,iyangtoo,emma'too,iyangtoo,emma'too,iyangtoo,emma'too,iyangtoo,west2560
akua,ayaa,akua,ayaa,akua,ayaa,akua,ayaa,west2599
cìndálé,cìt'cìnéˑ,cìtcóˑ,cìtcóˑ,cìndálé,cìt'cìnéˑ,cìtcóˑ,cìtcóˑ,west2615
ah-tä-tǎ-tcha-wǎ,a-nä-nǎ-tchayǎ,ah-tä-tǎ-tcha-wǎ,a-nä-nǎ-tchayǎ,ah-tä-tǎ-tcha-wǎ,a-nä-nǎ-tchayǎ,ah-tä-tǎ-tcha-wǎ,a-nä-nǎ-tchayǎ,west2618
naʼ-nǎ-hash-te,päʼ-pä-kee-yonʼ,naʼ-nǎ-hash-te,päʼ-pä-kee-yonʼ,naʼ-nǎ-hash-te,päʼ-pä-kee-yonʼ,naʼ-nǎ-hash-te,päʼ-pä-kee-yonʼ,west2632
tipɨ,tipɨ,tipɨ,tipɨ,tipɨ,tipɨ,tipɨ,tipɨ,whit1269
-čo'ti,-kate'la,-čo'ti,-kate'la,-čo'ti,-kate'la,-čo'ti,-kate'la,wich1264
puulwuut,ngaty,ngaty,kemwayyow,puulwuut,ngaty,ngaty,kemwayyow,wikm1247
e-choʼ-ka,e-koʼ-ro-ka,e-choʼ-ka,e-koʼ-ro-ka,e-choʼ-ka,e-koʼ-ro-ka,e-choʼ-ka,e-koʼ-ro-ka,winn1245
papiinpal,paathin,ngapun,kuninarrung,papiinpal,paathin,ngapun,kuninarrung,wira1262
pakarli,kaparli,pakarli,kaparli,pakarli,kaparli,pakarli,kaparli,wira1265
pue,pue,pue,pue,pue,pue,pue,pue,wiwi1237
yibitcotc,yidokotck,yibitcotc,yidokotck,yibitcotc,yidokotck,yibitcotc,yidokotck,wiyo1248
tubu,tubu,tubu,tubu,tubu,tubu,tubu,tubu,woge1237
temattema-,sinisila-,temattema-,sinisila-,temattema-,sinisila-,temattema-,sinisila-,wole1240
opua,opua,opua,opua,opua,opua,opua,opua,woli1241
ne-mo-shomeʼ,no-kome',ne-mo-shomeʼ,no-kome',ne-mo-shomeʼ,no-kome',ne-mo-shomeʼ,no-kome',wood1236
kupa,kumpu,ngatyi,papi,kupa,kumpu,ngatyi,papi,wulg1239
hä-shu-täʼ,ah-shu-täʼ,hä-shu-täʼ,ah-shu-täʼ,hä-shu-täʼ,ah-shu-täʼ,hä-shu-täʼ,ah-shu-täʼ,wyan1247
nunũũ,çamwãça,nunũũ,çamwãça,nunũũ,çamwãça,nunũũ,çamwãça,xara1244
eyi',mame',goleeyi',golemame',eyi',mame',goleeyi',golemame',xibe1242
dêbuŋac,dêbuò,dêbuŋac,dêbuò,dêbu,dêbuò,dêbuŋac,dêbuò,yabe1254
worad'a,aped'olbo,atira,amid'a,worad'a,aped'olbo,atira,amid'a,yadh1237
kagwa,ka,kagwa,ka,kagwa,ka,kagwa,ka,yagw1240
kɔ̀kɔ̀,kɔ̀kɔ̀,kɔ̀kɔ̀,kɔ̀kɔ̀,kɔ̀kɔ̀,kɔ̀kɔ̀,kɔ̀kɔ̀,kɔ̀kɔ̀,yaka1272
apu,apu,apu,apu,apu,apu,apu,apu,yaka1277
na-poosʼ-as,nä-ahʼläs,na-poosʼ-as,nä-ahʼläs,na-poosʼ-as,nä-ahʼläs,na-poosʼ-as,nä-ahʼläs,yaki1237
mutyu,papu,tyatyityi,mutyu,mutyu,papu,tyatyityi,mutyu,yala1262
mutju,papipi,tatjitji,mutju,mutju,papipi,tatjitji,mutju,yala1262a
ušwam,kuluna,ušwam,kuluna,ušwam,kuluna,ušwam,kuluna,yama1264
akay,akes,akay,akes,akay,akes,akay,akes,yami1254
tyindrra,kami,ngadrra,kayakaya,tyindrra,kami,ngadrra,kayakaya,yand1253
tjindra,kami,papa,kanyini,tjindra,kami,papa,kanyini,yand1253a
ãi-wə,ami-wə,ãi-wə,ami-wə,ãi-wə,ami-wə,ãi-wə,ami-wə,yano1262
murimuri,ngapurti,mimi,kuku,murimuri,ngapurti,mimi,kuku,yany1243
tusimi,siyumi,tusimi,siyumi,tusimi,siyumi,tusimi,siyumi,yavi1244
kââkââ,kââpyââ,kââkââ,kââpyââ,kââkââ,kââpyââ,kââkââ,kââpyââ,yele1255
kaga,kaga,kaga,kaga,kaga,kaga,kaga,kaga,yelm1242
jejava,jejammo,thato,jamma,jejava,jejammo,thato,jamma,yeru1240
kamin,papim,ngatyim,kumpu,kamin,papim,ngatyim,kumpu,yidi1250
gamin,babim,ngajim,gumbu,gamin,babim,ngajim,gumbu,yidi1250a
maalaarra,kawarli,thami,kantharraarra,maalaarra,kawarli,thami,kantharraarra,yind1247
yaya,yaya,yaya,yaya,yaya,yaya,yaya,yaya,yomb1244
dhamala,dhamala-nhanha,dhamala,dhamala-nhanha,dhamala,dhamala-nhanha,dhamala,dhamala-nhanha,yort1237
ŋadhaŋ,kami,ŋadhaŋ,kami,ŋadhaŋ,kami,ŋadhaŋ,kami,yuga1244
ngathang,kami,ngathang,kami,ngathang,kami,ngathang,kami,yugu1249
ipik,ipep,ios,idit,ipik,ipep,ios,idit,yuki1243b
yapayi,nyamu,nyamu,yapayi,yapayi,nyamu,nyamu,yapayi,yulp1239
pëpë,tejte,pëpë,tejte,pëpë,tejte,pëpë,tejte,yura1255
nepits,nekuts,nepits,nekuts,nepits,nekuts,nepits,nekuts,yuro1248
ʰlai,abã,ʰlai,abã,ʰlai,abã,ʰlai,abã,yuwa1244
kaka,kaka,kaka,kaka,kaka,kaka,kaka,kaka,zaba1237
baba,wau,baba,wau,baba,wau,baba,wau,zigu1242
guku,kaaka,guku,kaaka,guku,kaaka,guku,kaaka,zinz1238
u-bä'-bäkǔ'-lǔ,u-mä'-mekǔlǔ,u-bä'-bäkǔ'-lǔ,u-mä'-mekǔlǔ,u-bä'-bäkǔ'-lǔ,u-mä'-mekǔlǔ,u-bä'-bäkǔ'-lǔ,u-mä'-mekǔlǔ,zulu1248
nana,hotta,nana,hotta,nana,hotta,nana,hotta,zuni1245
