feB,feZ,fyB,fyZ,meB,meZ,myB,myZ,Glottocode
-naana,-naana,-kokda,-kokda,-naana,-naana,-kokda,-kokda,abui1241
key'y,key'y,pawekbaeʔetɨwɨpurãgi,pawekuǰatɨwɨpurãgi,key'y,key'y,pawekbaeʔetɨwɨpurãgi,pawekuǰatɨwɨpurãgi,ache1246
polem,poda,adun,adoe,polem,poda,adun,adoe,achi1257
-matu,-matu,-di',-di',-matu,-matu,-di',-di',adan1251
nhunga,yaka,pilhali,pilhali,nhunga,yaka,pilhali,pilhali,adny1235
broer,suster,broer,suster,broer,suster,broer,suster,afri1274
ču,či,bic’iču,bic’iču,ču,či,bic’iču,bic’iču,aghu1253
yac̷u-g,uba-g,yac̷u-g,uba-g,yac̷u-g,uba-g,yac̷u-g,uba-g,agua1253
kabsat,kabsat,áding,áding,kabsat,kabsat,áding,áding,ahin1234
rabû,sehru,duppussû,ahâtatum,rabû,sehru,duppussû,ahätatum,akka1240
manong,igmánghod,igmánghod,manghod,manong,igmánghod,manghod,manghod,akla1241
magtalkaka,magtalkaka,magtalkaka,magtalkaka,magtalkaka,magtalkaka,magtalkaka,magtalkaka,alan1249
bacë,dadë,vëlla,motër,bacë,dadë,vëlla,motër,alba1267
ne-sǎ-zäʼ,ne-me-säʼ,ne-she-mäʼ,ne-she-mäʼ,ne-sǎ-zäʼ,ne-me-säʼ,ne-she-mäʼ,ne-she-mäʼ,algo1255
awiyatja,angkuriya,aytiyatja,aytiyatja,awiyatja,angkuriya,aytiyatja,aytiyatja,alya1239
tallaqwändem,tallaqehet,wändem,ehet,tallaqwändem,tallaqehet,wändem,ehet,amha1245
kaka,kaka,saba,saba,kaka,kaka,saba,saba,amis1246
sia'ang,sia'ang,tuai,tuai,sia'ang,sia'ang,tuai,tuai,ampi1237
adelpheós,adelphée,adelpheós,adelphée,adelpheós,adelphée,adelpheós,adelphée,anci1242
nataman,etwa-,nataman,etwa-,etwa-,natahen,etwa-,natahen,anei1239
tukusó,takawe,tukusó,takawe,tukusó,tukuawetaurumatua,tukusó,tukukawe,aniw1237
kave,taina,kave,taina,taina,kave,taina,kave,anut1237
nhuthi,kaku,kupaka,kupaka,nhuthi,kaku,kupaka,kupaka,arab1267
nhuthi,kaku,kupaka,kupaka,nhuthi,kaku,kupaka,kupaka,arab1267a
roha-,veroha-,rasi-,verasi-,roha-,veroha-,rasi-,verasi-,arak1252
hahone-na,'āsi-na,hahone-na,'āsi-na,'āsi-na,hahone-na,'āsi-na,hahone-na,area1240
a-tnasʼ,ah-teʼ-ta,kä-witʼ-ta,ah-teʼ-ta,che-nǎ-tunʼ,ah-teʼ-ta,kä-witʼ-ta,ah-teʼ-ta,arik1262
kaka,kaka,hai,hai,kaka,kaka,hai,hai,aser1237
dādā,bhani,bhai,bhani,dādā,bhani,bhai,bhani,assa1263
me-timʼ-do,me-chunʼ,me-sohʼ,me-täʼ,me-chinʼ,me-tonʼ-ga,me-sohʼ,me-tänkʼ-she,assi1247
ṃjinåwaṃbaha,rumbúryaṃbaha,ṃjinåwaṃdori,rumbúryaṃdori,ṃjinåwaṃbaha,rumbúryaṃbaha,ṃjinåwaṃdori,rumbúryaṃdori,asut1235
upuŋka,upantin,it̪amu,it̪amu,upuŋka,upantin,it̪amu,it̪amu,atam1239
kabasuyán,kabasuyán,sissoai,sissoai,kabasuyán,kabasuyán,sissoai,sissoai,atay1247
kaká,kaká,urián,urián,kaká,kaká,urián,urián,atta1244
ofo,ɔda,ɔtsɛ,oƒe,ofo,ɔda,ɔtsɛ,oƒe,avat1244
ikiwýt,itatét,ikiwýt,ikypiýt,itatiý,inhýt,itiwýt,inhýt,awet1244
ginuwe,site,ginuwe,site,gite,siwe,gite,siwe,ayiw1239
dantjanaklaki,dantjanakjangtoeana,dantjanaklaki,adi,dantjanakjangtoeana,dantjanakbini,adi,dantjanakbini,baca1243
kurra,yiku,puwa,malyu,kurra,yiku,puwa,malyu,badi1246
au-ningʼ-ä,ang-a-yuʼ-ä,nuʼ-kä,nu-käʼ-hä,ang-a-yuʼ-ä,na-yǎʼ,nuʼ-kä,naʼ-yǎ,baff1241
aka,aka,andi,andi,aka,aka,andi,andi,baho1237
iba,iba,iba,iba,iba,iba,iba,iba,bala1310
sia'ang,sia'ang,tuai,tuai,sia'ang,sia'ang,tuai,tuai,bala1314
bli,embok,adi,adi,bli,embok,adi,adi,bali1278
mwane,tou,mwane,nae,tou,patne,nae,patne,balu1257
bimame,geɹwhaynenang,panaːm,wapuɲkan,bimame,geɹwhaynenang,panaːm,wapuɲkan,band1339
ading,ading,kaka,kaka,ading,ading,kaka,kaka,banj1239
kenanak,kenanak,kenanak,kenanak,kenanak,kenanak,kenanak,kenanak,bann1247
ivávi,i`a'm•a,ivaña',ivöni’i,ivávi,i`a'm•a,ivaña',ivöni’i,bann1248
umpaɳ,mariɹ,poɭa,mariɹ,umpaɳ,mariɹ,poɭa,mariɹ,bard1254
kenanak,kenanak,kenanak,kenanak,kenanak,kenanak,kenanak,kenanak,bari1288
sagok,rok,sagok,rok,rok,sagok,rok,sagok,baro1253
a'naie,a'reba,a'naie,a'reba,a'naie,a'reba,a'naie,a'reba,basq1248
ntoduami,sita,ndembéami,iluhu,ntoduami,sita,ndembéami,iluhu,bata1285
akangbawa,akangboru,anggi,anggi,akangbawa,akangboru,anggi,anggi,bata1289
waš,yaš,k̛ac̛k̛uxwaš,k̛ac̛k̛uxyaš,waš,yaš,k̛ac̛k̛uxwaš,k̛ac̛k̛uxyaš,bats1242
ni'piri,ni-'piṛ̌i,ni'piri,ni-'piṛ̌i,ni'piri,ni-'piṛ̌i,ni'piri,ni-'piṛ̌i,baur1253
katya,kunytyan,kurta,palha,katya,kunytyan,kurta,palha,bayu1240
akak,akak,adik,adik,akak,akak,adik,adik,beka1241
brat,sjastrá,brat,sjastrá,brat,sjastrá,brat,sjastrá,bela1254
amarburrodádá,amarburrodiddy,amarchotabratah,amarchotabhuguy,amarburrodádá,amarburrodidy,amarchotabratah,amarchotabhuguy,beng1280
homioné,alwané,moto,moto,homioné,alwané,moto,moto,bera1259
srar,naek,srar,naek,naek,srar,naek,srar,biak1248
kurua-gu,kulua-gu,kurua-gu,kulua-gu,kurua-gu,kinia-gu,kurua-gu,kinia-gu,bier1244
manök,tivalök,manök,tivalöknöngk,tivalök,evünök,tivalöknöngk,evünök,bign1238
apua'iavomia,apua'iavomia,apua'iamotoa,apua'iamotoa,apua'iavomia,apua'iavomia,apua'iamotoa,apua'iamotoa,bila1255
kak,kak,kak,kak,kak,kak,kak,kak,bilb1241
manong,manang,inaqodi,inaqodi,manong,manang,inaqodi,inaqodi,bino1237
maqama,magulanghabahi,maqama,manghedhabahi,maqama,atebay,maqama,atebay,binu1244
dada,didi,bhai,bui,dada,didi,bhai,bui,birh1242
katya,mikana,wupa,gadha,katya,mikana,wupa,gadha,biri1256
ʔueiʔait,ʔueiʔaitmakan,ʔueimara,ʔueimakan,ʔueiʔait,ʔueiʔaitmakan,ʔueimara,ʔueimakan,bitt1240
-edi,-kaku,-edi,-kaku,-kaku,-edi,-kaku,-edi,blag1240
nisʼ-sä,nee-his-tä,nis-kunʼ,ne-sisʼ-sä,nisʼ-sä,nee-his-tä,nis-kunʼ,ne-sisʼ-sä,bloo1239
taddakona,taddakona,tuai'-na,tuai'-na,taddakona,taddakona,tuai'-na,tuai'-na,boan1243
ötad,ötad,ötad,ötad,ötad,ötad,ötad,ötad,bont1247
kimul,angin,kimul,angin,angin,kimul,angin,kimul,boun1245
breur,c'hoar,breur,c'hoar,breur,c'hoar,breur,c'hoar,bret1244
tib-a-loʼ,chu-aʼ,me-sunkʼ-ä-lä,me-tonkʼ-ä,me-cheʼ-a,tonk-aʼ,me-sunkʼ-ä-lä,me-tänkʼ-she,brul1239
mána,mána,mána,mána,mána,mána,mána,mána,budz1238
duasayan,duasayan,duasayan,duasayan,duasayan,duasayan,duasayan,duasayan,buhi1245
noonoi,noonoi,noonoi,noonoi,noonoi,noonoi,noonoi,noonoi,buin1247
arik,arik,arik,arik,arik,arik,arik,arik,buka1261
ómukhulu,ómukhulu,ómuro,ómuro,ómukhulu,ómukhulu,ómuro,ómuro,buku1249
batko,kaka,brat,sestra,batko,kaka,brat,sestra,bulg1262
rama,tenotaoeati,rama,tenotawawai,tenotaoeati,rama,tenotawawai,rama,buli1256
warkali,tjati,tuwati,nyuwiyar,warkali,tjati,tuwati,nyuwiyar,bung1264
tukaka,tukaka,tuai,tuai,tukaka,tukaka,tuai,tuai,bung1269
tuqas,tuqas,nauba,nauba,tuqas,tuqas,nauba,nauba,bunu1267
k:mo-ungky-ee,k:e-mǎ´,k:mo-ungga-ta´,k:ny-ee-mǎ,k:e-ko,k:e-mǎ´,k:ny-eé,k:hnee-mǎ,burm1266
feta,kaka,feta,wai,kaka,naha,wai,naha,buru1303
ngol'émi,pengi,ngol'émi,pengi,ngol'émi,pengi,ngol'émi,pengi,bush1247
toak,fēngyak,tik,fēngyak,toak,fēngyak,tik,fēngyak,butm1237
'aka,'aka,'wadi,'wadi,'aka,'aka,'wadi,'wadi,casi1235
kuh-jeʼ-ah,uh-jeʼ-ah,ha-gǎʼ-ah,ka-gǎʼ-ah,kuh-jeʼ-ah,uh-jeʼ-ah,ha-gǎʼ-ah,ka-gǎʼ-ah,cayu1261
súunig-,súunig-,manghud,manghud,súunig-,súunig-,manghud,manghud,cebu1242
bra,khusk,bra,khusk,bra,khusk,bra,khusk,cent1972
kalakyán,kaka-,kalakyán,wagi,kaka-,kábayán,wagi,kábayán,cent2084
g-ilugu,g-ilugu,g-ilugu,g-ilugu,g-ilugu,g-ilugu,g-ilugu,g-ilugu,cent2089
siyaka,siyaka,siyali,siyali,siyaka,siyaka,siyali,siyali,cent2092
tadeilai,janekmahautadei,tadeilai,janekmahautadei,tikalai,janekmahautika,tikalai,janekmahautika,cent2101
ba'chérema,ko'chí,boní,binérema,ba'chérema,ko'chí,boní,binérema,cent2131
xila,kulʸaka,sulʸkirixila,sulʸkirikulʸaka,xila,kulʸaka,sulʸkirixila,sulʸkirikulʸaka,cent2142
kaya,c̷uhki,ben-na,miya,kaya,c̷uhki,ben-na,miya,chac1249
chêlo,chêla,chêlo,chêla,chêlo,chêla,chêlo,chêla,cham1312
hermanomanung,hermanamanang,hermano,hermana,hermanomanung,hermanamanang,hermano,hermana,chav1241
ḡregagna,tigagna,ḡregagna,tahigna,tigagna,ḡregagna,tahigna,ḡregagna,chek1238
anna,akka,tammudu,chellelu,anna,akka,tammudu,chellelu,chen1255
ʔa.pu,ʔa.nya,həw,həw.dyaŋ,ʔa.pu,ʔa.nya,həw,həw.dyaŋ,chep1245
un̤-gǐ-dauʼ,un̤-gǐ-lun̤ʼ-ǐ,un̤-gǐ-dauʼ,un̤-gǐ-lun̤ʼ-ǐ,un̤-gǐ-nǐ-lǐ,un̤-gǐ-dauʼ,un̤-gǐ-nun̤ʼ-tlǐ,un̤-gǐ-dauʼ,cher1273
nä-neʼ-ä,nǎ-maʼ,nǎ-sim-ǎʼ,nǎ-sim-ǎʼ,nä-neʼ-ä,nǎ-maʼ,nǎ-sim-ǎʼ,nǎ-sim-ǎʼ,chey1247
a-näkʼ-fǐ,anʼ-tikʼ-bä,a-näkʼ-fǐ,sä-näkʼ-fish,au-tikʼ-bä,anʼ-take,sä-näkʼ-fish,anʼ-take,chic1270
sunaghe,sare,sechÿle,sedézé,sunaghe,sare,sechÿle,sedézé,chip1261
xila,kulʸaka,laxk,laxk,xila,kulʸaka,laxk,laxk,chip1262
a-näkʼ-fǐ,um-unʼ-nǐ,a-nakʼ-fǐ,suh-näkʼ-fish,um-unʼ-nǐ,anʼ-take,suh-näkʼ-fish,anʼ-take,choc1276
ndumbu,pangi,ndumbu,pangi,pangi,ndumbu,pangi,ndumbu,chok1245
mwongeya-,napa-,mwongeya-,mwáániinúk,napa-,feefina-,mwáániinúk,feefina-,chuu1238
zoakyp,majtï,zoakyp,majtï,kyptï,matkyp,kyptï,matkyp,cint1239
iknitl,weltitl,iknitl,weltitl,iknitl,weltitl,iknitl,weltitl,clas1250
kiwira,paya,kiwira,paya,imua,kunia,imua,kunia,coca1259
kûsa,hidjisa,inyahul,inyathus,kûsa,hidjisa,inyahul,inyathus,coco1261
naˈtwe,naˈɮu,naˈhasɨ,naˈɮaɲi,naˈtwe,naˈɮu,naˈɮaɲi,naˈhasɨ,cogu1240
ʔaʰ'ko,so-ʰ'ki,ʔaʰ'ko,so-ʰ'ki,ʔaʰ'ko,so-ʰ'ki,ʔaʰ'ko,so-ʰ'ki,colo1249
pavi,paci',tami',nami',pavi,paci',tami',nami',coma1245
nahˑ-hänsʼ,na-meseʼ,nahˑ-eeseʼ-u-missʼ,nahˑ-eeseʼ-u-missʼ,nahˑ-hänsʼ,na-meseʼ,nahˑ-eeseʼ-u-missʼ,nahˑ-eeseʼ-u-missʼ,comm1246
ani,angayuk,aqqaluaq,nukaq,angayuk,aliqa,nukaq,nayak,copp1244
broder,whor,broder,whor,broder,whor,broder,whor,corn1251
maama,kakay,maama,hadi,kakay,tebay,hadi,tebay,cota1241
chu-chihlʼ-wa,chu-hläʼ-hä,chu-chihlʼ-wä,chu-chǔʼ-se,chu-hlä-hä,chu-wunʼ-wä,chu-chǔʼ-se,chu-wunʼ-wä,cree1270
neesh-taseʼ,ne-mishʼ,ne-she-mishʼ,ne-she-mishʼ,neesh-taseʼ,ne-mishʼ,ne-she-mishʼ,ne-she-mishʼ,cree1272
bä-zäʼ-na,bus-weʼ-nä,bä-chǔʼ-ka,bä-soʼ-ka,meekʼ-a,bä-zaʼ-kät,bä-chǔʼ-ka,bä-säʼ-chete,crow1244
hu-ka'-mi-u'-li-stö-kö,hu-ka-mo-te-u'-lu-e-stö-kö,hu-ki'-tcitc-stan-ī-hu,hu-kamu'-te-stān'-i-hu,hu-ka'-mi-u'-li-stö-kö,hu-ka-mo-te-u'-lu-e-stö-kö,hu-ki'-tcitc-stan-ī-hu,hu-kamu'-te-stān'-i-hu,cruz1243
páʂma,qísma,kanima,wahali,páʂma,qísma,kanima,wahali,cupe1243
pana,ñaña.,pana,ñaña.,wayqe,pana,wayqe,pana,cusc1236
bratr,sestra,bratr,sestra,bratr,sestra,bratr,sestra,czec1258
munukuli,bivian,munukuli,bivian,minyeneli,meteseli,minyeneli,meteseli,daka1243
te-mdoʼ,me-chun̤ʼ,me-sun̤ʼ-kä,me-tan̤ʼ-kä,chin-yayʼ,tan̤-kayʼ,me-sun̤ʼ-kä,me-tänkʼ-she,dako1258
sia'a,sia'a,tuai,tuai,sia'a,sia'a,tuai,tuai,damp1237
dādā,akkā,tamō,hellār,dādā,akkā,tamō,hellār,dand1238
bror,søster,lillebror,lillesøster,bror,søster,lillebror,lillesøster,dani1285
barādar,xāhar,barādar,xāhar,barādar,xāhar,barādar,xāhar,dari1249
weʈiga,willoya,kaakutya,waadidja,weʈiga,willoya,kaakutya,waadidja,darl1243
ega,vyt'taza,ega,vyt'taza,ega,vyt'taza,ega,vyt'taza,dege1248
tsaai2,se2,lɔŋ5,lɔŋ5,tsaai2,se2,lɔŋ5,lɔŋ5,deho1238
maram,maram,wuyirr,ngaburu,maram,maram,wuyirr,ngaburu,dhar1248
marang,maru,wuyiru,maram,marang,maru,wuyiru,maram,dhar1248a
wäwa,yapa,yukuyuku,yukuyuku,wäwa,yapa,yukuyuku,yapa,dhuw1248
waawa,yapa,gutha',yapa,waawa,yapa,gutha',yapa,dhuw1249
n̪iyi,kakoː,ŋat̪ata,ŋat̪ata,n̪iyi,kakoː,ŋat̪ata,ŋat̪ata,dier1241
nhiyi,kaku,nhiyi,nartala,nhiyi,kaku,nhiyi,natarta,dier1241a
mvyere,mvyere,mdide,mdide,mvyere,mvyere,mdide,mdide,digo1243
ibulintsœm,ijℇ,ŋkurmukje,mukoom,ibulintsœm,ijℇ,ŋkurmukje,mukoom,ding1239
nhuupiya,mirtiku,kutha',kutha',nhuupiya,mirtiku,kutha',kutha',djam1256
baba,bibirni,bardarda,birdirdini,baba,bibirni,bardarda,birdirdini,djin1251
wuwi,kardirti,kulmigi,kardirti,wuwi,kardirti,kulmigi,kardirti,djin1253
wuwi,gaditi,gulmiki,gaditi,wuwi,gaditi,gulmigi,gaditi,djin1253a
sǔ-näʼ-gä,set-dezʼ-a-ä-za,set-chilʼ-e-ä-za,säʼ-re,sǔ-näʼ-gä,set-dezʼ-a-ä-za,set-chilʼ-e-ä-za,säʼ-re,dogr1252
sia'a,sia'a,tuai,tuai,sia'a,sia'a,tuai,tuai,dond1249
múnasángoboso,múnasángoboso,múnasángongoka,múnasángongoka,múnasángoboso,múnasángoboso,múnasángongoka,múnasángongoka,dual1243
khane,hakini,khane,hakini,kheni,khane,kheni,khane,duna1248
abeng,abeng,wadi,wadi,abeng,abeng,wadi,wadi,dupa1235
broer,zus,broer,zus,broer,zus,broer,zus,dutc1256
buyun,djadji,buyun,gandan,buyun,djadji,buyun,gandan,duun1241
bayimugirray,balanyayin,bayiyabuju,balanjaman,bayimugirray,balanyayin,bayiyabuju,balanjaman,dyir1250
pu?,na?,bungpa,tsâ,pu?,na?,bungpa,tsâ,dzon1239
dájyu,bahini,bhāi,bahinī,dájyu,bahini,bhāi,bahinī,east1436
yeɣbayr,kʰuyr,kˀrtˀseryeɣbayr,kˀrtˀserkʰuyr,yeɣbayr,kʰuyr,kˀrtˀseryeɣbayr,kˀrtˀserkʰuyr,east2283
bruder,švester,yingererbruder,yingerešvester,bruder,švester,yingererbruder,yingerešvester,east2295
iza,shӱzhar,shol'o,aka,iza,shӱzhar,shol'o,aka,east2328
haqe-,tue-,haqe-,tue-,tue-,haqe-,tue-,haqe-,east2443
tua-nga'ane,taina,tua-nga'ane,taina,taina,tua-nga'ane,taina,tua-nga'ane,east2447
mbali,aaki,mbali,aaki,ame,mbali,ame,mbali,east2516
che-rɨkéɨ,che-rɨ́ke,t-ɨwɨ,pɨkɨ,che-rɨkéɨ,che-rɨ́ke,t-ɨwɨ,pɨkɨ,east2555
mei-gi,šutu:me,mei-gi,šutu:me,mei-gi,šutu:me,mei-gi,šutu:me,elam1244
tay,ngoreng,tay,ngoreng,tay,ngoreng,tay,ngoreng,emau1237
maŋ,mosɛn,maŋ,mənjan,mosɛn,mən,mənjan,mən,ende1235
ɨ̃'pema,ɨ̃pe'wẽra,ɨ̃'pematʰẽe-'pema,ɨ̃pe'wẽratʰẽe-'pema,ɨ̃'pema,ɨ̃pe'wẽra,ɨ̃'pematʰẽe-'pema,ɨ̃pe'wẽratʰẽe-'pema,epen1239
anya,aaki,anya,aaki,ame,anya,ame,anya,erav1244
lʸelʸa,patʸa,yalaks,sazor̃,lʸelʸa,patʸa,yalaks,sazor̃,erzy1239
bácwa,kócwa,bonwa,bínwa,bácwa,kócwa,bonwa,bínwa,eude1234
ntôl,ñkîa,nzimé,ñgozam,ntôl,ñkîa,nzimé,ñgozam,fang1246
ndega,ndega,mémá,ntsúàünzúú,ndega,ndega,mémá,ntsúàünzúú,fefe1239
ganequ,tuakaqu,ganequ,taciqu,tuakaqu,genequ,taciqu,genequ,fiji1243
veli,sisko,veli,sisko,veli,sisko,veli,sisko,finn1318
unnsiice,unniina,unnsiice,unniina,unniina,unnsiice,unniina,unnsiice,fipa1238
mane-,tasi-,tasi-,tasi-,toa-,mane-,tasi-,vavine-,fort1240
broer,sus,broerke,suske,broer,sus,broerke,suske,fris1239
kave,so,kave,so,so,kave,so,kave,futu1245
kolak,kolak,kolak,kolak,kolak,kolak,kolak,kolak,gada1258
hira,rirǐja,hira,nongoroe,rirǐja,bira,nongoroe,bira,gale1259
yayá,payrï,tiom,pitï,irï,wawá,pirï,xonen,gali1262
t̪aya,pakaːn,kalumaːy,bagaan,t̪aya,pakaːn,kalumaːy,bagaan,gami1243
mwanyinaomukulu,mugandaomukulu,mwanyina,muganda,mugandaomukulu,mwanyinaomukulu,muganda,mwanyina,gand1255
timnog,maboengoe,timnog,majao,maboengoe,dimomaboengoe,majao,dimomaboengoe,gane1237
waŋkuʈu,jakukaṱu,kunaṱu,kunaṱu,ṱapucu,jakukaṱu,kunaṱu,kunaṱu,gang1267
waŋkutu,yakukat̪u,kunat̪u,kunat̪u,t̪aputyu,yakukat̪u,kunat̪u,palkatyi,gang1267a
dengan,peserinen,dengan,peserinen,peserinen,dengan,peserinen,dengan,gayo1244
hogo,tuga,hogo,tahi,tuga,hogo,tahi,hogo,gela1263
manu-te-karimoä,taru-te-karimoä,taru-te-kärimwi,taru-te-karimwi,täru-te-karimoä,manu-te-karimoä,taru-te-kärimwi,manu-te-karimwi,gilb1244
mukulu,ndugu,muvwaha,ndugu,mukulu,ndugu,muvwaha,ndugu,giry1241
tammur,takká,tammur,selár,tammur,takká,tammur,selár,gond1265
broþar,swistar,broþar,swistar,broþar,swistar,broþar,swistar,goth1244
naʼ-thǎ-hǎ,naʼ-be,taʼ-yä,naʼ-be-ǎ,naʼ-thǎ-hǎ,naʼ-be,taʼ-yä,na-be-ǎ,gros1243
ikuwɨčiá,harəpihárə,ikuwɨčiá,harəpihárə,harəpihárə,haininawai,harəpihárə,haininawai,guaj1256
pulngaarr,kaanhaal,kaarka,tyinkurr,pulngaarr,kaanhaal,kaarka,tyinkurr,gugu1255
yaba,gaanhaal,gaarga,jin-gurr,yaba,gaanhaal,gaarga,jin-gurr,gugu1255a
märobhäi,märibǎhen,märobhäi,mäzhidhäkatebahen,märobhäi,märibǎhen,märobhäi,mäzhidhäkatebahen,guja1252
dyukarrngu,yapa,gutha\',gutha\',dyukarrngu,yapa,gutha\',gutha\',guma1253
kainan,kainan,katanthebar,katanthebar,kainan,kainan,katanthebar,katanthebar,gunt1241
gogok,jabok,cager,ɖaɖːa,gogok,jabok,ɖaɖːa,jabok,gunw1252
thakuny,mayarra,wapurtu,thitha,thakuny,mayarra,wapurtu,thitha,guny1241
dyukarrngu,yapa,yukuyuku,gutha\',dyukarrngu,yapa,yukuyuku,gutha\',gupa1247
ngapa,kawulu,kalaty,karlaty,ngapa,kawulu,kalaty,karlaty,guri1247
sókóro,maagókóro,sókóro,maagókóro,sókóro,maagókóro,sókóro,maagókóro,gusi1247
soonʼ-da-ga,saʼ-che,saʼ-chǎ,sa-chith,soonʼ-da-ga,saʼ-che,saʼ-chǎ,sa-chith,gwic1235
òō,òō,òō,òō,òō,òō,òō,òō,gwii1239
hogosi,tua,tihi,tua,tua,hogosi,tua,tihi,hano1246
sizing,maring,sizing,maring,maring,sizing,maring,sizing,hano1246a
oɣosi,tua-mʷa,oɣosi,tua-mʷa,tua-mʷa,oɣosi,tua-mʷa,oɣosi,hano1246b
kapatararian,kapatararian,kapatararian,kapatararian,kapatararian,kapatararian,kapatararian,kapatararian,hanu1241
sǔn-noʼ-ga,sa-daʼ-za,sǔn-noʼ-gä-yǎʼ-za,sa-daʼ-za-yǎʼ-za,sǔn-noʼ-ga,sa-daʼ-za,sǔn-noʼ-gä-yǎʼ-za,sa-daʼ-za-yǎʼ-za,hare1243
kaikuane,kaikua'ana,kaikuane,kaikua'ana,kaikua'ana,kaikuahine,kaikua'ana,kaikuahine,hawa1245
mukúluwange,mukúluwange,mutówange,mutówange,mukúluwange,mukúluwange,mutówange,mutówange,haya1250
omu-nene,e-rumbi,omu-angu,omu-angu,omu-nene,e-rumbi,omu-angu,omu-angu,here1253
ma-tä-rooʼ,mä-roo,mat-soʼ-gä,mǎ-tä-kaʼ-zhä,mee-ä-käʼ,mat-tä-weʼ-ä,mat-soʼ-gä,mǎ-tä-kaʼ-zhä,hida1246
ii-kni-w,ii-kni-w,ii-kni-w,ii-kni-w,ii-kni-w,ii-kni-w,ii-kni-w,ii-kni-w,high1278
utod,utod,utod,utod,utod,utod,utod,utod,hili1240
merábarábhái,meríbaríbahin,meráchotábhái,merichotíbahin,merábarábhái,meríbaríbahin,meráchotábhái,merichotíbahin,hind1269
šeš,neka-,šeš,neka-,šeš,neka-,šeš,neka-,hitt1242
tutvak,teik,tutvak,teik,teik,tutvak,teik,tutvak,hiww1237
yeɣpayr,kuyr,grdseryeɣpayr,grdserkuyr,yeɣpayr,kuyr,grdseryeɣpayr,grdserkuyr,homs1234
paava,qööqa,*tïpko,*tïpko,paava,qööqa,*tïpko,*tïpko,hopi1249
pa'čí,ko'cí,poní,piní,pa'čí,ko'cí,poní,piní,huar1255
fivér,nővér,öcz,húg,fivér,nővér,öcz,húg,hung1274
uñutc,at,kil,detc,uñutc,at,kil,detc,hupa1239
agi,agi,agi,agi,agi,agi,agi,agi,ibal1244
menyadi,menyadi,menyadi,menyadi,menyadi,menyadi,menyadi,menyadi,iban1264
wagi,wagi,wagi,wagi,wagi,wagi,wagi,wagi,iban1267
bróðir,systir,bróðir,systir,bróðir,systir,bróðir,systir,icel1247
io',io',ai',ai',io',io',ai',ai',idaa1241
mosən,mosən,mənʤən,mənʤən,mosən,mosən,mənʤən,mənʤən,idii1243
tulang,tulang,tulang,tulang,tulang,tulang,tulang,tulang,ifug1247
-parape,-parape,natimuri,-ati,-parape,-parape,natimuri,-ati,igna1246
nara,ali,nara,ali,ali,nara,ali,nara,iliu1237
kabsat,kabsatababai,kabsat,kabsatababai,kabsat,kabsatababai,kabsat,kabsatababai,ilok1237
nadóri-ara,nádoru-ara,namároqe,namároqo,nadóri-ara,nádoru-ara,namároqe,namároqo,inan1242
kakak,kakak,adik,adik,kakak,kakak,adik,adik,indo1316
ekka,ekka,endi,endi,ekka,ekka,endi,endi,indo1317
velloi,siar,velloi,siar,velloi,siar,velloi,siar,ingr1248
he-yenʼ-nä,heen-tan̤ʼ-ga,e-chunʼ-cha,heen-tun̤ʼ-ga,he-yenʼ-nä,he-yuʼ-nä,heen-thun̤ʼ-ga,heen-tan̤ʼ-ya,iowa1245
talkaka,talkaka,talkaka,talkaka,talkaka,talkaka,talkaka,talkaka,iray1237
dearbrāthair,deirbhshiur,dearbrāthair,deirbhshiur,dearbrāthair,deirbhshiur,dearbrāthair,deirbhshiur,iris1253
kaparsut,kaparsut,kaparsut,kaparsut,kaparsut,kaparsut,kaparsut,kaparsut,isna1241
fratello,sorella,fratello,sorella,fratello,sorella,fratello,sorella,ital1282
ahmi-ʔyasa,ahmi-yasaʔka,ahmi-ʔyasa,ahmi-yasaʔka,ahmi-ʔyasa,ahmi-yasaʔka,ahmi-ʔyasa,ahmi-yasaʔka,iton1250
uc̄i,ruc̄i,nuqʼeuc̄i,nuqʼeruc̄i,uc̄i,ruc̄i,nuqʼeuc̄i,nuqʼeruc̄i,itsa1239
kaaka,kaaka,wari,wari,kaaka,kaaka,wari,wari,ivat1242
brada~brɛda,sɩsta,lɩklbrɛda~lɩklbrada,lɩklsɩsta,brada~brɛda,sɩsta,lɩklbrɛda~lɩklbrada,lɩklsɩsta,jama1262
a´-nee,a´-nih,o-to´-to,e-mo´-to,a´-nee,a´-nih,o-to´-to,e-mo´-to,japa1256
papa,kapulu,ngatya,ngatya,papa,kapulu,ngatya,ngatya,jaru1254
kangmas,mbakyu,adhilanang,adikwadon,kangmas,mbakyu,adhilanang,adikwadon,java1254
сínà'áˑ',сílá',сínà'áˑ',сílá',сínà'áˑ',сílá',сínà'áˑ',сílá',jica1244
phù,naw,naw,naw,phù,naw,naw,naw,jing1260
!ko,!kwi,tsin,tsin,!ko,!kwi,tsin,tsin,juho1239
tukaka,tukaka,tuai,tuai,tukaka,tukaka,tuai,tuai,kaba1285
achan,achi,tambi,anuchatti,achan,achi,tambi,anuchatti,kada1242
naha,foto,naha,foto,naha,foto,naha,foto,kada1286
che-kywý,che-ruké,che-kywykeý,che-kypyý,che-rikeý,che-rendý,che-riwý,chen-rendý-miní,kaiw1246
babat,tukoiab,babat,tukoiab,tukoiab,babat,tukoiab,babat,kala1377
mamnd,mamnd,mamksen,mamksen,mamnd,mamnd,mamksen,mamksen,kala1397
an-i-ga,an-ga-juʼ-ga,ar-ka-lu-a-ra,na-ka-ra,an-ga-ju-ga,a-le-ka-ra,nu-ka-ra,na-juʼ-ga,kala1399
ngarni,puwa,wungkurlu,wungkurlu,ngarni,puwa,wungkurlu,wungkurlu,kalk1246
-naka,-naka,-kak,-kak,-naka,-naka,-kak,-kak,kama1365
iekiwýt,ierikét,iekiwýt,iekypiýt,ierikeýt,iereinýt,ieriwýt,iereinýt,kama1373
mukuwa,mukuwa,mwinawa,mwinawa,mukuwa,mukuwa,mwinawa,mwinawa,kamb1297
anamini,angukawini,anamini,angukawini,angupaluhu,anawini,angupaluhu,anawini,kamb1299
agi,agi,yugran,yugran,agi,agi,yugran,yugran,kank1243
be-cheʼ-do,be-shoʼ-wa,be-sun̤ʼ-gä,ah-seʼ-zhe-gä,be-zheʼ-yeh,be-tun̤ʼ-ga,be-sun̤ʼ-gä,be-tun̤ʼ-gä-zhin̤ʼ-gä,kans1243
koloja,koloja,nkasa,nkasa,koloja,koloja,nkasa,nkasa,kaon1241
tuahina,tuahina,tuahina,tuahina,tuahina,tuahina,tuahina,tuahina,kapi1249
ave,hangau,ave,hangau,hangau,ave,hangau,ave,kapi1249a
paparla,kaputyu,marrkatu,marrkatu,paparla,kaputyu,marrkatu,marrkatu,kara1476
dunancanamtemun,kianpastemun,dunancanamcicaun,kianpascicaun,kiancanamtemun,dunanpastemun,kiancanamcicaun,dunanpascicaun,kara1499
yehwěh-pau-khwa,yehwěh-paumü,yehpü´pau-khwa,yehpü´pau-mü,yehwěh-pau-khwa,yeh-wěh-paumü,yehpü´pau-khwa,yehpü´pau-mü,kare1337
katya,thurtu,marrkara,katya,katya,thurtu,marrkara,katya,kari1304
típah,kústān,čá̄s,čī́š,típah,kústān,čá̄s,čī́š,karo1304
kurta,kurta,marlangu,marlangu,kurta,kurta,marlangu,marlangu,kart1247
bōi,beni,bōi,beni,bōi,beni,bōi,beni,kash1277
ʔa:kinʔ,dikinʔ,k'unʔ,šomenʔ,ʔa:kinʔ,dikinʔ,k'unʔ,šomenʔ,kash1280
maning,tuangavin,maning,tasingavin,tuang,vivining,tasing,livinging,katb1237
yunga,yakkana,panyapi,panyapi,yunga,yakkana,panyapi,panyapi,kaur1267
pavi,pazi,čaka'i,nami'i,pavi,pazi,čaka'i,nami'i,kawa1283
kularint,jakukaṱu,kularint,tu:cint,ṱapucu,kularint,tu:cint,kularint,kaya1318
kɨwɨt,rɨkiet,kɨwɨt,kɨpɨʔɨt,rekiʔɨt,rewɨt,rewiret,rewɨt,kaya1329
ni-tha-thäʼ,ni-mi-thäʼ,kä-chǎ-mä-thǎʼ-mi,kä-chǎ-nä-thǎʼ-ni,ni-tha-thäʼ,ni-mi-thäʼ,kä-chǎ-nä-thǎʼ-mi,kä-chǎ-mä-thǎʼ-ni,kick1244
mokorowakwa,mokorowakwa,morunawakwa,morunawakwa,mokorowakwa,mokorowakwa,morunawakwa,morunawakwa,kiku1240
lu-,tua-,lu-,bwada-,tua-,lu-,bwada-,lu-,kili1267
sìt'sìséˑ,cílà,sìt'sìséˑ,cílà,sìt'sìséˑ,cílà,sìt'sìséˑ,cílà,kiow1264
tukeh,tukeh,tadey,tadey,tukeh,tukeh,tadey,tadey,kipu1237
-ura,-nana,-ura,-naga,-nana,-ura,-naga,-ura,kira1248
námu,mábirirárobo,níriradúbu,nirirárobo,námu,mábirirárobo,níriradúbu,nirirárobo,kiwa1251
òm,òm,ik,ik,òm,òm,ik,ik,klon1234
aṇṇën,akkën,tammaṇën,taṅge,aṇṇën,akkën,tammaṇën,taṅge,koda1255
kaka,kaka,hai,hai,kaka,kaka,hai,hai,kode1237
atanac,poana,muna,poana,atanac,poana,muna,poana,komb1273
wayn-nìɨlwema,jèmtìilema,wayn-nìɨtwelà,jèmtìitelà,wayn-nìɨlwema,jèmtìilema,wayn-nìɨtwelà,jèmtìitelà,komc1235
nane,nane,nəŋgeθ,nəŋgeθ,nane,nane,nəŋgeθ,nəŋgeθ,komn1238
phuméape,phuméadi,motwape,motwadi,phuméape,phuméadi,motwape,motwadi,komo1260
kaka,kaka,hai,hai,kaka,kaka,hai,hai,kona1243
kaaka,kaaka,andi,andi,kaaka,kaaka,andi,andi,koro1311
lěk-lass,loǔk-lass,lik-srik,loǔk-srik,lěk-lass,loǔk-lass,lik-srik,loǔk-srik,kosr1238
ndomi,mbomo,ndomi,zimi,mbomo,kadji,zimi,kadji,kota1274
ba',ba',pai,pung,ba',ba',pai,pung,kris1246
taigu,turagu,taigu,turagu,turagu,taigu,turagu,taigu,kuan1248
dada,ba:ʔi,au,aṇgi,dada,ba:ʔi,au,aṇgi,kuii1252
kurranyutyanu,kurranyutyanu,kulyarri,marlatyanu,kurranyutyanu,kurranyutyanu,kulyarri,marlatyanu,kuka1246
yaba,babarr,yabaju,jinkurr,yaba,babarr,yabaju,jinkurr,kuku1273
kaka,kaka,andi,andi,kaka,kaka,andi,andi,kuli1254
dad,didi,bhulā,bhulī,dad,didi,bhulā,bhulī,kuma1273
kaku,kuutyarr,kampirr,kampirrkan,kaku,kuutyarr,kampirr,kampirrkan,kumb1268
эркъардаш,къызардаш,гиччикъардаш,гиччикъызардаш,эркъардаш,къызардаш,гиччикъардаш,гиччикъызардаш,kumy1244
olaŋar,ebaŋar,akaŋar,elaŋar,olaŋar,ebaŋar,akaŋar,elaŋar,kunj1248
dadas,ṛis,dai,ṛi,dadas,ṛis,dai,ṛi,kuru1302
ka-tǎtʼ,katʼ-so,katʼ-sha,kä-rǎ-nä,ka-tǎtʼ,katʼ-so,katʼ-sha,kä-nǎ-nä,kute1249
yapu,ya'a,ya'athu,ya'athu,yapu,ya'a,ya'athu,ya'athu,kuuk1238
tada,nana,arhi,poda,tada,nana,arhi,poda,kuvi1243
o'a,o'anageni,asi,asi,o'a,o'anageni,asi,asi,kwai1243
kamɨni,prea-,kamɨni,prɨsi-,prea-,kɨtirimwá-,prɨsi-,kɨtirimwá-,kwam1252
miunntumba,kalitumbå,ndtem,kalindembî,miunntumba,kalitumbå,ndtem,kalindembî,kwas1243
miidiila,laka,miidiila,kumoy,laka,mowoy,kumoy,mowoy,kwom1262
pemalene,kakingi,pemalene,kakingi,yangone,pemalene,yangone,pemalene,kyak1244
bhrā,bhéṇ,bhrā,bhéṇ,bhrā,bhéṇ,bhrā,bhéṇ,lahn1241
kaaka,kaaka,hai,hai,kaaka,kaaka,hai,hai,laiw1239
tibʼ-a-lo,chu-wa',me-sonʼ-kä-lä,me-tonʼ-kä,che-aʼ,ton-ka',me-sonʼ-kä-lä,me-tänkʼ-she,lako1247
uwesu,uwesu,uwesu,uwesu,uwesu,uwesu,uwesu,uwesu,lala1264
kaka,kaka,hai,hai,kaka,kaka,hai,hai,lalo1239
-aipang,-i'e,-aipang,-iaku,-ikkar,-aipang,-iaku,-aipang,lamm1241
luto,toboro,luto,aiber,toboro,luto,aiber,luto,lamo1244
tʃukaka,tʃukaka,tʃuai,tʃuai,tʃukaka,tʃukaka,tʃuai,tʃuai,land1259
kungku,yaku,kungku,kungku,kuu,kuu,kuu,kuu,lard1243
manungk,tugangk,manungk,naaruongk,mame,vövönungk,havungk,vövönungk,lare1249
frāter,soror,frāterminor,sororminor,frāter,soror,frāterminor,sororminor,lati1261
frater,soror,frater,soror,frater,soror,frater,soror,lati1261a
brālis,māsa,jaunākaisbrālis,jaunākāmāsa,brālis,māsa,jaunākaisbrālis,jaunākāmāsa,latv1249
weka,tuaka,weka,tachi,tuaka,weka,tachi,weka,laua1243
sia'a,sia'a,tuai,tuai,sia'a,sia'a,tuai,tuai,lauj1238
lok-jeʼ-hä,ak-jeʼ-yä,le-gäʼ-ah,ka-gäʼ-ahʼ,lok-jeʼ-hä,ak-jeʼ-yä,le-gäʼ-ah,ka-gäʼ-ahʼ,laur1250
'auā,dōra,waena,sāsi,dōra,'auā,sāsi,waena,lauu1247
tai,gore,tai,gore,tai,gore,tai,gore,lele1267
nɨmwan-,pwia-,nɨmwan-,norh-,pwia-,nouin-,norh-,nouin-,lena1238
kuna'anungk,getawangk,kuna'anungk,geta'asungk,getawangk,kubabunungk,geta'asungk,kubabunungk,lete1241
m̃ene-,lue-,m̃ene-,lue-,arue-,vine-,arue-,vine-,lewo1242
garli,ngil-angil,walykga,walykga,garli,ngil-angil,walykga,walykga,limi1242
tatámokóló,yaya,tatáléki,lekiyamwasi,tatámokóló,yaya,tatáléki,lekiyamwasi,ling1263
tatan,vivin,tasn,vivin,tatan,vivin,tasn,vivin,ling1265
cìkìsí,сìt'cílà',cìkìsí,сìt'cílà',cìkìsí,сìt'cílà',cìkìsí,сìt'cílà',lipa1241
aji̠,atst,niza̠,ni̠ma,aji̠,atst,niza̠,ni̠ma,lisu1250a
aji̠,atsi,niza̠,ni̠ma,aji̠,atsi,niza̠,ni̠ma,lisu1250b
aji̠,tatɕi,niza̠,ni̠ma,aji̠,tatɕi,niza̠,ni̠ma,lisu1250c
avi,adzj,nɛɹmɒ,nənə,avi,adzj,nɛɹmɒ,nənə,lisu1250d
brolis,sesuõ,brolis,sesuõ,brolis,sesuõ,brolis,sesuõ,lith1251
manungk,tugangk,manungk,naaruongk,mame,vövönungk,havungk,vövönungk,litz1237
irànga,riaka,irànga,nongoru,riaka,birànga,nongoru,birànga,lolo1264
wɛ,tɛˀi,wɛ,tɛˀi,tɛˀi,wɛ,tɛˀi,wɛ,loni1238
minjɛ-ari,jɛre-,minjɛ-ari,jɛre-,hela-,mɛtɛhal,hela-,mɛtɛhal,lonw1238
chichiak,takelek,chichiak,takelek,tigik,chichiak,tigik,chichiak,loto1240
muhulwani,kaizeli,munyani,kaizeli,muhulwani,kaizeli,munyani,kaizeli,lozi1239
mukulu,mukulu,muakunyi,muakunyi,mukulu,mukulu,muakunyi,muakunyi,luba1249
nkolo,nkolo,nkasa,nkasa,mukulu,nkolo,nkasa,nyenga,luba1250
tinamean,palun,tinamean,palun,palun,tinafin,palun,tinafin,lubu1242
nopáa,qe'svukt,péét,máspíít,nopáa,qe'svukt,péét,máspíít,luis1253
brudder,schwester,brudder,schwester,brudder,schwester,brudder,schwester,luxe1241
tata',tata',ani',ani',tata',tata',ani',ani',maan1238
rimoritamoni,remo,rimoritamoni,rimorimpinte,tenoe,rimorimpinte,rimoritamoni,rimorimpinte,maba1278
bátko,ceca,brat,sestra,bátko,ceca,brat,sestra,mace1250
ninugu,tang,ninugu,tang,tang,ninugu,tang,ninugu,mada1284
lɛlɛ,vivni,lɛlɛ,vivni,lɛlɛ,vivni,lɛlɛ,vivni,maee1241
soe-,vatasi-,soe-,vatasi-,tasi-,vatasi-,tasi-,vatasi-,mafe1237
mɛnɛ-re,tala-,mɛnɛ-re,tala-,tala,mɛtɛhal,tala,mɛtɛhal,maga1262
paŋgra,bɛ̄ɳ,ɔ̀knɔb'ài,tshɛ̄ɪ,paŋgra,bɛ̄ɳ,ɔ̀knɔb'ài,tshɛ̄ɪ,maha1287
t-ano,t-ao,t-ano,t-ao,t-ao,t-ano,t-ao,t-ano,maib1239
bháiyā,didi,bhāy,bahīn,bháiyā,didi,bhāy,bahīn,mait1250
néna,néna,wòbia,wòbia,néna,néna,wòbia,wòbia,makl1246
numbumbunu,numbumbunu,numbumbunu,numbumbunu,numbumbunu,numbumbunu,numbumbunu,numbumbunu,mako1251
cettan,ceṭṭati,anujanambi,anujati,cettan,ceṭṭati,anujanambi,anujati,mala1464
annan,akkah,thambi,thankachi,annan,akkah,thambi,thankachi,mala1468
abang,adek,abang,adek,abang,adek,abang,adek,mala1479
ba,irmangfemi,irmangmachu,irmangfemi,ba,irmangfemi,irmangmachu,irmangfemi,mala1533
n'-hayʼ-sees,nu-muʼ-sees,noo-seeʼ-mees,noo-seeʼ-mees,n'-hayʼ-sees,nu-muʼ-sees,noo-seeʼ-mees,noo-seeʼ-mees,male1293
kurta,yipa,gurda,yiba,kurta,yipa,gurda,yiba,malg1242
bruder,matki,bruder,liki,bruder,matki,bruder,liki,mali1284
vuosocotiku,nokuvorai,vuosocotiku,nokuvorai,nokuvorai,socotiku,nokuvorai,socotiku,malo1243
söghösök,lelei,söghösök,tisukwaven,lelei,söghösökdövat,tisuk,söghösökdövat,malu1245
tari,a'a,to'a,to'a,a'a,tari,to'a,to'a,mana1295
me-shoʼ-kä,me-noʼ-ka,me-shoʼ-kä,me-noʼ-ka,mooʼ-kä,p-tä-meʼ-ha,me-shoʼ-kä,p-tä-meʼ-ha,mand1446
tugane,tuakana,tugane,teina,tuakana,tue'ine,teina,tue'ine,mang1401
tu-ngane,tua-kana,tu-ngane,teina,tua-kana,tua-'ine,teina,tua-'ine,mang1402
nara,weta,nara,weta,ka'é,weta,asé,weta,mang1405
naha,foto,naha,foto,naha,foto,naha,foto,mang1407
sanasī,kàkī,sanasī,foekī,kàkī,sanasīfinī,foekī,sanasīfinī,mang1408
indigbegena,indamowa,injemeito,indamehito,indagona,indamowa,indagto,indamehito,mani1235
yaɣpɨɣ,yaɣaɣi,apsʸi,esʸ,yaɣpɨɣ,yaɣaɣi,apsʸi,esʸ,mans1258
tungaane,tuakana,tungaane,teina,tuakana,tuahine,teina,tuahine,maor1246
kaka,kaka,ari,ari,kaka,kaka,ari,ari,mara1404
thaguny,kaminu,waburdu,mayada,thaguny,kaminu,waburdu,mayada,marg1253
ˈtotu,ɸalu,ˈtotu,ɸalu,ɸalu,ˈtotu,ɸalu,ˈtotu,mari1426a
totua,tua,totua,tua,tua,totua,tua,totua,mari1426b
ɸindi-k,tua-k,ɸindi-k,tua-k,tua-k,ɸindi-k,tua-k,ɸindi-k,mari1426c
ɸindik,tua,ɸindik,tua,tua,ɸindik,tua,ɸindik,mari1426d
ɸindik,tuak,ɸindik,tuak,tuak,ɸindik,tuak,ɸindik,mari1426e
fndĭŋ,tua,fndĭŋ,tua,tua,fndĭŋ,tua,fndĭŋ,mari1426f
finfiⁿdi,tua,finfiⁿdi,tua,tua,finfiⁿdi,tua,finfiⁿdi,mari1426g
fiⁿdae,tua,fiⁿdae,tua,tua,fiⁿdae,tua,fiⁿdae,mari1426h
soɣoti,tue-ŋgu,soɣoti,tue-ŋgu,tue-ŋgu,soɣoti,tue-ŋgu,soɣoti,mari1426i
tunane,tua'ana,tunane,teina,tua'ana,tuehine,teina,tuehine,marq1246
jeu,jeu,jetu,jetu,jeu,jeu,jetu,jetu,mars1254
kurta,tyurtu,marlangu,marlangu,kurta,tyurtu,marlangu,marlangu,mart1256
bhāīji,jiji,bhāīji,bahin,bhāīji,jiji,bhāīji,bahin,marw1260
wandayaumu-khulu,wandayaseumu-khulu,wandayaumu-keehe,wandayaseumu-keehe,yaayaumu-khulu,wandayaumu-khulu,yaayaumu-keehe,wandayaumu-keehe,masa1299
wawa,wawa,wawa,wawa,ava-,wawa,ava-,wawa,mask1242
lu,ka,lu,te,ka,lu,te,lu,matu1261
yaaya,yaawa,makhuni,galeengi,yaaya,yaawa,makhuni,galeengi,mbal1257
nan,bami,nangan,bami,nan,bami,nangan,bami,mbla1238
anga,anga,akina,akina,anga,anga,akina,akina,meke1243
kaka,kaka,hai,hai,kaka,kaka,hai,hai,meko1237
kave,taina,kave,taina,taina,kave,taina,kave,mele1250
na-nǎʼ,ne-maʼ,na-saʼ,na-saʼ,na-nǎʼ,ne-maʼ,na-saʼ,na-saʼ,meno1252
tukaka,tukaka,tuɸai,tuɸai,tukaka,tukaka,tuɸai,tuɸai,menu1237
běrbet,le,běrbet,le,le,běrbet,le,běrbet,meri1244
mutaanociamûkûrû,mwareociamûkûrû,mutaanociamwanake,mwareociamwanake,mutaanociamûkûrû,mwareociamûkûrû,mutaanociamwanake,mwareociamwanake,meru1245
cìkìs,cílà',cìkìs,cílà',cìkìs,cílà',cìkìs,cílà',mesc1238
na-saʼ-mä,nǎ-misʼ-sǎ,nǎ-seʼ-mǎ,nǎ-seʼ-mǎ,na-saʼ-mä,nǎ-misʼ-sǎ,nǎ-seʼ-mǎ,nǎ-seʼ-mǎ,mesk1242
ediera,edokora,ediesa,edokosa,edokora,ediera,edokosa,ediesa,meya1236
ne-sǎ-säʼ,ne-mis-säʼ,se-me-mäʼ,ne-go-se-mäʼ,ne-sǎ-säʼ,ne-mis-säʼ,se-me-mäʼ,ne-go-se-mäʼ,miam1252
broder,sister,broder,sister,broder,sister,broder,sister,midd1317
bruoder,swëster,bruoder,swëster,bruoder,swëster,bruoder,swëster,midd1343
édí,édí,úmbèskà,úmbèskà,édí,édí,úmbèskà,úmbèskà,mido1240
n'-seesʼ,nu-meesʼ,n'-chi-gu-numʼ,n'-kwa-jeechʼ,n'-seesʼ,nu-meesʼ,n'-chi-gu-numʼ,n'-kwa-jeech,mikm1235
tasiná,tasinavaviná,tasiná,tasinavaviná,turaná,tasiná,turaná,tasiná,mini1251
l-ḳaya,l-ḳaya,l-anoḳ,l-anoʔo,l-ḳaya,l-ḳaya,l-anoḳ,l-anoʔo,moco1246
adhelphos,adelphi,adhelphos,adelphi,adhelphos,adelphi,adhelphos,adelphi,mode1248
lak-jeʼ-hä,ahk-jeʼ-hä,eʼ-gä-hä,kaʼ-gä-hä,läk-jeʼ-hä,ahk-jeʼ-hä,eʼ-gä-hä,kaʼ-gä-hä,moha1258
n'-tä-kunʼ,nä-meesʼ,n'-hˑi-sumʼ,n'-hˑi-sumʼ,n'-tä-kun,nä-meesʼ,n'-hˑi-sumʼ,n'-hˑi-sumʼ,mohe1244
mólúlu,mólúlu,enongoni,enongoni,mólúlu,mólúlu,enongoni,enongoni,mokp1239
ax,egt͡ʃʰ,tu,tu,ax,egt͡ʃʰ,tu,tu,mong1331
botomolo,nsómí,bokume,nkåna,botomolo,nsómí,bokume,nkåna,mong1338
aka,aka,uai,uai,aka,aka,uai,uai,mori1268
kaka,kaka,andi,andi,kaka,kaka,andi,andi,mori1269
tukaka,tukaka,tuai,tuai,tukaka,tukaka,tuai,tuai,moro1287
mwengeang,pwiipwi,mwengeang,pwiipwi,pwiipwi,mwengeang,pwiipwi,mwengeang,mort1237
wo'xi-tk,wo'xi-ʔ,wo'xi-tka'ki-tk,wo'xi-ʔ-ka'ki-s,wo'xi-tk,wo'xi-ʔ,wo'xi-tka'ki-tk,wo'xi-ʔ-ka'ki-s,mose1249
tutuai,tuaga,tutuai,tasiu,tuaga,tutuai,tasiu,tutuai,mota1237
tētek,ithik,tētek,ithik,ithik,tētek,ithik,tētek,motl1237
taihugu,kakagu,taihugu,tadigu,kakagu,taihugu,tadigu,taihugu,motu1246
lutno,atua,lutno,agatno,atua,lutno,agatno,lutno,mouk1240
lutno,tobro,lutno,aiber,tobro,lutno,aiber,lutno,mouk1240a
al-lakʷa,al-kʷeya,a-na,a-na,al-lakʷa,al-kʷeya,a-na,a-na,movi1243
yây,yây,ʊkↄ:m,ʊkↄ:m,yây,yây,ʊkↄ:m,ʊkↄ:m,mpuo1241
ngapa,kapu,karlatya,karlatya,ngapa,kapu,karlatya,karlatya,mudb1240
livuk-,tazi-na,livuk-,tazi-na,tazi-na,livuk-,tazi-na,livuk-,mudu1242
isa,isa,ai,ai,isa,isa,ai,ai,muna1247
ni,mā,mbadndzà̪m,ntṳ'ndzà̪m,ni,mā,mbadndzà̪m,ntṳ'ndzà̪m,mung1266
tua-nga'ane,tau-kete,tua-nga'ane,taina,tau-kete,tua-hine,taina,tua-hine,mung1271
nain-nʼ-hansʼ,naiuʼ-na-waseʼ,naine-hiseʼ-sa-musʼ,nain-hiseʼ-sa-musʼ,nain-nʼ-hansʼ,nainʼ-na-waseʼ,naiu-hiseʼ-sa-musʼ,nain-hiseʼ-sa-musʼ,muns1251
ŋat̪an,munak,ŋat̪an,munak,ŋat̪an,munak,ŋat̪an,munak,murr1258
papa,kampany,muwan,kuwira,papa,kampany,muwan,kuwira,muru1266
tue-,tue-,nenga-,nenga-,tue-,tue-,nenga-,nenga-,muss1246
na,ka'e,na,azi,ka'e,weta,azi,weta,nage1237
e-hatamale-,hatavile-,e-hatamale-,hatavile-,e-hatamale-,hatavile-,e-hatamale-,hatavile-,naka1262
diagu,diagu,diagu,diagu,diagu,dimafingu,diagu,dimafingu,nali1244
fafnagu,duagu,fafnagu,duagu,dasigu,fafnagu,dasigu,fafnagu,nali1244b
ánè,ánè,nèngèn,nèngèn,ánè,ánè,nèngèn,nèngèn,nama1266
suan,ngkoren,suan,ngkoren,suan,ngkoren,suan,ngkoren,nama1268
titih,nana,titih,nana,suaŋ,alik,suaŋ,alik,nama1268b
ane,ane,nngn,nngn,ane,ane,nngn,nngn,namb1293
wei,opyei,wei,opyei,myei,plapyei,myei,plapyei,nang1262
bru,šiši,bru,šiši,bru,šiši,bru,šiši,nege1244
tatahinalik,tahinalik,tatahinalik,tahinalik,tahin,tatahinalik,tahin,tatahinalik,neha1247
nʸa,nʸenʸa,papa,nʸepapa,nʸa,nʸenʸa,papa,nʸepapa,nene1249
ane,ane,nngn,nngn,ane,ane,nngn,nngn,nenn1238
ane,ane,nngn,nngn,ane,ane,nngn,nngn,nenn1238a
dāi,didi,bhai,bahini,dāi,didi,bhai,bahini,nepa1254
tua-,tua-,tua-,tas-,tua-,jokhos-,tas-,jokhos-,nese1235
kurta,tirna,marlany,marlany,kurta,tirna,marlany,marlany,ngaa1240
puyu,woːlaɹoː,puyu,marlangu,puyu,woːlaɹoː,puyu,marlangu,ngad1258
wulkɨn,jabok,wulkɨn,wulkɨncan,wawuɖ,jabok,wulkɨn,jabok,ngal1292
st̪uju,st̪uttaɹi,kulawarta,kulawarta,st̪uju,st̪uttaɹi,kulawarta,kulawarta,ngam1265
ngapa,kawurlu,karlaty,karlaty,ngapa,kawurlu,karlaty,karlaty,ngar1235
katha,murrkunu,mangarthi,marrkara,katha,murrkunu,mangarthi,marrkara,ngar1286
katya,ngaramputyi,marrkara,mari,katya,ngaramputyi,marrkara,mari,ngar1287
tay,ngoreng,tay,ngoreng,tay,ngoreng,tay,ngoreng,ngun1274
wurda,nhadumba,wurda,malyu,wurda,nhadumba,wurda,malyu,nhan1238
tuaga'ane,tokoua,tuaga'ane,tokoua,tokoua,tuafafine,tokoua,tuafafine,niua1240
tugane,matakainaanga,tugane,matakainaanga,matakainaga,mahakitaga,matakainaanga,mahakitaga,niue1239
ndumi,mukulu,ndumi,meghèghè,mukulu,kédi,meghèghè,kédi,njeb1242
kardaš,siŋli,ini,karɨndas,kardaš,siŋli,ini,karɨndas,noga1249
bābí'i,amá',bañá'a,böní'i,bābí'i,amá',bañá'a,böní'i,nort1551
bra,xuşkê,bra,xuşkê,bra,xuşkê,bra,xuşkê,nort2641
tannāl,sēlār,tammur,sēlār,tannāl,sēlār,tammur,sēlār,nort2702
tay,ngoreng,tay,ngoreng,tay,ngoreng,tay,ngoreng,nort2836
talang,talang,talang,talang,taovjen,talang,taovjen,talang,nort2839
tunane,tuaana,tunane,teina,tuaana,tuehine,teina,tuehine,nort2845
kaka,tup̃ia,kaka,notah,tup̃ia,kaka,notah,kaka,nort2847
yunaailalaki,yuna,anochiailalaki,anochi,yunaailalaki,yuna,anochiailalaki,anochi,nort2877
táa,čáas,túun,túun,táa,čáas,túun,túun,nort2938
apiak,ataurok,nukatceak,nukatceak,apiak,ataurok,nukatceak,nukatceak,nort2944
gusum,etim,tönim,kam,gusum,etim,tönim,kam,nort2952
nishimes,nimises,nijimish,nimises,nishikwese,nidawema,nijimish,nijimish,nort2961
ǰa'ba,ǰa'baũ'ẽrã,ǰa'batẽã-be'ma,ǰa'baũ'ẽrãtẽã-be'ma,ǰa'ba,ǰa'baũ'ẽrã,ǰa'batẽã-be'ma,ǰa'baũ'ẽrãtẽã-be'ma,nort2972
bror,søster,bror,søster,bror,søster,bror,søster,norw1259
ełbayr,k'uyr,ełbayr,k'uyr,ełbayr,k'uyr,ełbayr,k'uyr,nucl1235
abi,abla,kardeš,kardeš,abi,abla,kardeš,kardeš,nucl1301
nǎnnǎannǎ,nǎnnǎǎkkǎ,nǎnnǎtǎmmǎ,nǎnnǎtǎngi,nǎnnǎannǎ,nǎnnǎǎkkǎ,nǎnnǎtǎmmǎ,nǎnnǎtǎnga,nucl1305
akou,ama,maun,nyima,akou,ama,nyi,hnama,nucl1310
nwannēnwokē,nwannēnwaàyị̀,nwannēnwokē,nwannēnwaàyị̀,nwannēnwokē,nwannēnwaàyị̀,nwannēnwokē,nwannēnwaàyị̀,nucl1417
kaka',embhu',ale',ale',kaka',embhu',ale',ale',nucl1460
moengai,bwisi,moengai,bwisi,bwisi,moengai,bwisi,moengai,nucl1479
maɣay-anem,maɣay-anum,es-anem,es-anum,maɣay-anem,maɣay-anum,es-anem,es-anum,nucl1622
ani,ane,otōto,imōto,ani,ane,otōto,imōto,nucl1643
haat,łgaawkˀ,haat,łgaawkˀ,haat,łgaawkˀ,haat,łgaawkˀ,nucl1649
ne-sǎ-zä',ne-me-säʼ,ne-she-mäʼ,ne-she-mäʼ,ne-sǎ-zä',ne-me-säʼ,ne-she-mäʼ,ne-she-mäʼ,nucl1653
lu,sikanewe,lu,kapowe,sika,lunewe,kapa,lunewe,numb1247
kurta,thurta,marrka,marrka,kurta,thurta,marrka,marrka,nyam1271
mama,kangku,marrka,marrka,mama,kangku,marrka,marrka,nyan1301
murgin,murgingan,ɠanɖiliɲ,ɠanɖiyan,murgin,murgingan,ɠanɖiliɲ,ɠanɖiyan,nyaw1247
mukuru,mukuru,muto,muto,mukuru,mukuru,muto,muto,nyor1246
mʷaqane,tuqaka-,mʷaqane,taci-,tuqaka-,pine,taci-,pine,ocea1241
naʔâ:j,ʔə̂:j,ʔă:w,kɛ̂:nkû:nkwɛ̂:,naʔâ:j,ʔə̂:j,ʔă:w,kɛ̂:nkû:nkwɛ̂:,oduu1239
nis-si-yǎʼ,ne-mis-sǎʼ,ne-she-mǎʼ,ne-she-mǎʼ,nis-si-yǎʼ,ne-mis-sǎʼ,ne-she-mǎʼ,ne-she-mǎʼ,ojib1241
ell-käkʼ-chä,eel-keʼ-kä,eel-seeʼ-sin-chä,eel-cheʼ-choopsʼ,eel-käk-chä,eel-keʼ-kä,eel-seʼ-sin-chä,eel-cheʼ-choopsʼ,okan1243
maningeri,taling,maningeri,taling,taling,taling,taling,taling,olal1237
ʔaχā,χātā,ʔaxāzʁērā,χātāzʁērtā,ʔaχā,χātā,ʔaxāzʁērā,χātāzʁērtā,olda1245
broðor,sweostor,broðor,sweostor,broðor,sweostor,broðor,sweostor,olde1238
bráthair,siur,bráthair,siur,bráthair,siur,bráthair,siur,oldi1245
brōðir,systir,brōðir,systir,brōðir,systir,brōðir,systir,oldn1244
brawd,chwaer,brawd,chwaer,brawd,chwaer,brawd,chwaer,oldw1239
wee-teʼ-noo,wee-zǒn̤ʼ-thǎ,wee-sǒn̤ʼ-gä,wee-tǒnʼ-gä,wee-zheʼ-thǎ,wee-tǒuʼ-ga,wee-sǒn̤ʼ-gä,wee-tǒnʼ-gä,omah1247
ḳayin,nahḳn,aʔč,aʔn,ḳayin,nahḳn,aʔč,aʔn,onaa1245
läk-jeʼ-hä,ahk-jeʼ-hä,le-gäʼ-ah,ka-gä-ahʼ,läk-jeʼ-hä,ahk-jeʼ-hä,le-gäʼ-hä,ka-gä-ahʼ,onei1249
kuh-jeʼ-ah,uh-jeʼ-ah,haʼ-gǎ,kaʼ-gǎ,kuh-jeʼ-ah,uh-jeʼ-ah,haʼ-gǎ,kaʼ-gǎ,onon1246
ave,hangau,ave,hangau,hangau,ave,hangau,ave,onto1237
vatzi,cotziguat,voniguat,viniguat,vatzi,cotziguat,voniguat,viniguat,opat1246
uparabhāi,attā,sa:nɔbha:i,baḻā,uparabhāi,attā,sa:nɔbha:i,baḻā,oriy1255
we-chinʼ-to,we-shoʼ-la,we-sonʼ-kä,we-tunʼ-ka,we-sheʼ-lä,we-tunʼ-ka,we-sonʼ-kä,we-tunʼ-ka,osag1243
æfsymær,kho,æfsymær,kho,æfsymær,kho,æfsymær,kho,osse1243
ævsymær,xwæræ,ævsymær,xwæræ,ævsymær,xwæræ,ævsymær,xwæræ,osse1245
hee-yeʼ-nä,heen-tangʼ-a,e-chunʼ-che,heen-tauʼ-gǎ,hee-yeʼ-nä,wau-heʼ-cha,heen-thunʼ-ga,heen-tan̤ʼ-gǎ,otoo1241
n'-sǎʼ-yǎ,n'-misʼ-sǎ,n'-sheʼ-mǎ,n'-sheʼ-mǎ,n'-sǎʼ-yǎ,n'-misʼ-sǎ,n'-sheʼ-mǎ,n'-sheʼ-mǎ,otta1242
wafaisina,kafaisina,wafaisina,kafaisina,wafaisina,kafaisina,wafaisina,kafaisina,owaa1237
tuak,tuak,tuak,tuak,tīme,tuak,tīme,tuak,paam1238
ʔa.miəŋ,ʔa-mo̰ːʔ,ʔa.ʔɛːm,ʔa.ʔɛːm,ʔa.miəŋ,ʔa-mo̰ːʔ,ʔa.ʔɛːm,ʔa.ʔɛːm,paco1243
kaka,kaka,hai,hai,kaka,kaka,hai,hai,pado1242
yakh-thẽʔh,yakh-thẽʔh,yakh-thẽʔh,yakh-thẽʔh,yakh-thẽʔh,yakh-thẽʔh,yakh-thẽʔh,yakh-thẽʔh,paez1247
ilanga,bilanga,ilanga,bilanga,ilanga,bilanga,ilanga,bilanga,pagu1249
ciè,ciè,aajii,aajii,ciè,ciè,aajii,aajii,paic1239
kaka,kaka,kaka,kaka,kaka,kaka,kaka,kaka,paiw1248
chochad,chudel,chochad,merreng,chudel,chochad,merreng,chochad,pala1344
anna,akka,thampi,thankacchi,anna,akka,thampi,thankacchi,pali1274
capatátálaláqui,capatátábabaí,capatátálaláqui,capatátábabaí,capatátálaláqui,capatátábabaí,capatátálaláqui,capatátábabaí,pamp1243
papi,patsi,tami,nammi,papi,patsi,tami,nammi,pana1305
jeṭṭhā,vaddiipàìn,bīr,chotiipàìn,jeṭṭhā,vaddiipàìn,bīr,chotiipàìn,panj1256
lɑlɑ,mʌšrɑxor,kʌšʌrror,kʌšrɑxor,lɑlɑ,mʌšrɑxor,kʌšʌrror,kʌšrɑxor,pash1269
ftenetimoli,rimotimoli,ftenetinimjomi,rimo,ftenetimoli,rimotimoli,ftenetinimjomi,rimo,pata1260
ta-läʼ-lik-tis,a-täʼ-he,käʼ-we-ta,a-täʼ-he,a-däʼ-de,a-täʼ-he,a-däʼ-de,a-täʼ-ke,pawn1254
sia'ang,sia'ang,tuai,tuai,sia'ang,sia'ang,tuai,tuai,pend1242
tua-hine,tua-kana,tua-hine,teina,tua-kana,tua-ngane,teina,tua-ngane,penr1237
ne-sanʼ-zä,ne-mis-säʼ,ne-she-mäʼ,ne-she-mäʼ,ne-sanʼ-zä,ne-misʼ-säʼ,ne-she-mäʼ,ne-she-mäʼ,peor1238
mukulu,mukulu,mukombo,mukombo,mukulu,mukulu,mukombo,mukombo,phen1239
neese-säʼ,nee-misʼ-tä,nis-kunʼ-ä,ne-sisʼ-sä,neese-säʼ,nee-misʼ-tä,nis-kunʼ-ä,ne-sisʼ-sä,pieg1239
l-a'ḳaya,l-a'ḳaya,l-anoḳ-ole-k,l-anʔo-le,l-a'ḳaya,l-a'ḳaya,l-anoḳ-ole-k,l-anʔo-le,pila1245
thungane,thokana,thungane,teina,thokana,thuohine,teina,thuohine,pile1238
kaaka,kangkuru,marlanypa,marlanypa,kaaka,kangkuru,marlanypa,marlanypa,pint1250
kurrki,kurrkanyi,ngatha,napuku,kurrki,kurrkanyi,ngatha,napuku,pirr1240
kurta,kangkuru,marlany,marlany,kurta,kangkuru,marlany,marlany,pitj1243
thithi,kaku,wangi,wangi,thithi,kaku,wangi,wangi,pitt1247
neese-taseʼ,ne-misʼ,ne-semeʼ,ne-shemeʼ,neese-taseʼ,ne-misʼ,ne-semeʼ,ne-shemeʼ,plai1258
pedali,pirien,pedali,pirien,pirien,pedali,pirien,pedali,pohn1238
rī,rīali,rī,rīali,rī,rīali,rī,rīali,pohn1238a
brat,siostra,brat,siostra,brat,siostra,brat,siostra,poli1260
ton-noʼ-hä,zhon-daʼ-hä,kä-gaʼ,we-haʼ,zhin-däʼ-hä,ton-gaʼ-hä,kä-gaʼ,wee-haʼ,ponc1241
roxangk,penengk,rasingk,penengk,roxangk,penengk,rasingk,penengk,port1285
menenkulu,meresilii,menenkulu,meresilii,biibilen,meresilii,biibilen,meresilii,port1286
n'-seh-sǎʼ,n'-mis-sǎʼ,ne-she-mǎʼ,ne-she-mǎʼ,n'-seh-säʼ,n'-mis-sǎʼ,ne-she-mǎʼ,ne-she-mǎʼ,pota1247
brātē,svestrā,brātē,svestrā,brātē,svestrā,brātē,svestrā,prus1238
-pe-wãi,-hã-wãi,-pe-wãii-tɨt,-hã-wãii-tɨt,-pe-wãi,-hã-wãi,-pe-wãii-tɨt,-hã-wãii-tɨt,puin1248
kainga,taina,kainga,taina,taina,kainga,taina,kainga,puka1242
mwéngeyáng,pwi-,mwéngeyáng,pwi-,pwi-,mwéngeyáng,pwi-,mwéngeyáng,pulu1242
o-mẽ,o-yĩ,ayĩ-mãĩ,ayĩ-kaĩ,o-mẽ,o-yĩ,ayĩ-mãĩ,ayĩ-kaĩ,pume1238
malamailan,malamailan,maranak,maranak,malamailan,malamailan,maranak,maranak,puyu1239
y'wai-po-knwä,y'waí-po-mu,y'pu-po-khwä,y'pu-po-mu,y'wai-po-knwä,y'waí-po-mu,y'pu-po-khwǎ,y'pu-po-mu,pwoo1239
taḳsoḳte,taḳsoḳte-seles,are,are-seles,taḳsoḳte,taḳsoḳte-seles,are,are-seles,qawa1238
adǎmadei,adǎmadei,dǎmdie,dǎmdie,ayǒngadei,ayǒngadei,ayǒngadei,ayǒngadei,rade1240
kaka,kaka,hai,hai,kaka,kaka,hai,hai,raha1237
tua-ngane,tua-kana,tua-ngane,teina,tua-kana,tua-hine,teina,tua-hine,raka1237
ata-riki,tua-kana,taina,taina,ata-riki,tua-hine,taina,taina,rapa1244
tu'aane,tua'ana,tu'aane,teina,tua'ana,tauahine,teina,tauahine,rapa1245
tungāne,tuakana,tungāne,teina,tuakana,tua'ine,teina,tua'ine,raro1241
magkabukto,magkabukto,magkabukto,magkabukto,magkabukto,magkabukto,magkabukto,magkabukto,rata1245
kako',kako',asua',asua',kako',kako',asua',asua',reja1240
waawa,yapa,gutha\',gutha\',waawa,yapa,gutha\',gutha\',rita1239
nene,tatǎ,frate,sorǎ,nene,tatǎ,frate,sorǎ,roma1327
taataato,taeva,taataato,taeva,araoko,taataava,araoko,taataava,roto1249
sagavane,sasigi,sagavane,sasiga,sasigi,saghani,sasiga,saghani,rotu1241
tukaka,tukaka,tuai,tuai,tukaka,tukaka,tuai,tuai,rout1237
tasi-na,tasi-na,tasi-na,tasi-na,tasi-na,vavene-na,tasi-na,vavene-na,rovi1238
brat,sestra,brat,sestra,brat,sestra,brat,sestra,russ1263
брат,сестра,брат,сестра,брат,сестра,брат,сестра,russ1263a
asi-,asi-,asi-,asi-,asi-,asi-,asi-,asi-,saaa1240
waiwinik,selak,waiwinik,selak,selak,wainik,selak,wainik,saaa1241
alhalualhalhusa,alhaluaalhaina,lhimilavaelhalhusa,ilhimilavaealhaina,alhalualhalhusa,alhaluaalhaina,lhimilavaelhalhusa,ilhimilavaealhaina,saar1237
lusudsatian,lusudsatian,lusudsatian,lusudsatian,lusudsatian,lusudsatian,lusudsatian,lusudsatian,saba1263
nanå,nanå,bwå,bwå,nanå,nanå,bwå,bwå,saka1287
ndumu,muru,ndumu,rimèlè,muru,karè,rimèlè,karè,sake1247
tuagane,uso,tei,uso,uso,tuafafine,tei,tuafafine,samo1305
tua-gane,tua-'aa,tua-gane,tua-'aa,tua-'aa,tua-fafine,tua-'aa,tua-fafine,samo1305a
ima,ifü,ini,ini,ima,ifü,ini,ini,sang1321
agraja,agrajā,avaraja,avarajā,agraja,agrajā,avaraja,avarajā,sans1269
mpangi,mpangi,mbunji,mbunji,mpangi,mpangi,mbunji,mbunji,sans1272
flanek,flanek,flanek,flanek,flanek,flanek,flanek,flanek,sara1326
frade,sorre,frade,sorre,frade,sorre,frade,sorre,sard1257
mwengean,pwi,mwengean,pwi,pwi,mwengean,pwi,mwengean,sata1237
bruur,suster,bruur,suster,bruur,suster,bruur,suster,sate1242
fteno,tenotawioi,fteno,renotowioi,tenotatenloi,remo,renotatenloi,remo,sawa1247
seze,mware,seze,mware,mware,seze,mware,seze,seke1241
ndomu,mbomu,ndomu,ndembi,mbonu,kodu,ndembi,kodu,seki1238
tɩmnʸa,nenʸnʸa,kɨpatɩmnʸa,kɨpanenʸnʸa,tɩmnʸa,nenʸnʸa,kɨpatɩmnʸa,kɨpanenʸnʸa,selk1253
häʼ-je,ahʼ-je,haʼ-gǎ,kaʼ-gǎ,häʼ-je,ahʼ-je,haʼ-gǎ,kaʼ-gǎ,sene1264
brat,sestra,brat,sestra,brat,sestra,brat,sestra,serb1264
pas,-qöö˞r,prit,piit,pas,-qöö˞r,prit,piit,serr1255
yǎway-khwǎ,yǎway-mu,yǎpu-khwǎ,yǎpu-mu,yǎway-khwǎ,yǎway-mu,yǎpu-khwǎ,yǎpu-mu,sgaw1245
apo,atcu,apo,atcugui,apo,atcu,apo,atcugui,shas1239
n'-tha-thäʼ,nǐ-mǐ-thäʼ,n'-the-ma-thäʼ,n'-the-ma-thäʼ,n'-tha-thäʼ,nǐ-mǐ-thäʼ,n'-the-ma-thäʼ,n'-the-ma-thäʼ,shaw1249
àcu,ái,àŋa,àŋa,àcu,ái,àŋa,àŋa,sher1255
šu,riši,kʼaʔdɨšu,kʼaʔdɨriši,šu,riši,kʼaʔdɨšu,kʼaʔdɨriši,shin1265
jóchi,chípi,chío,chío,jóchi,chípi,chío,chío,ship1254
papi,paci,tami,nammi,papi,paci,tami,nammi,shos1248
man,avenhai,man,avenhai,avenhai,veven,avenhai,veven,siee1239
kave,taina,kave,taina,taina,kave,taina,kave,sika1261
wue,wue,wari,wari,wue,wue,wari,wari,sika1262
jeṭhu,dādī,bhāu,bheṇu,jeṭhu,dādī,bhāu,bheṇu,sind1272
ayya,akka,malli,nangi,ayya,akka,malli,nangi,sinh1246
wo-těko-ko,wo-tětseay-tseay,wo-těheung-te,wo-těmei-mei,wo-těko-ko,wo-tětseay-tseay,wo-těheung-te,wo-těmei-mei,sini1245
eribi,enoŋe,ŋõŋe,enoŋe,eribi,enoŋe,ŋõŋe,enoŋe,siri1273
kǔnʼ-dig-eh,säʼ-dä,a-chaʼ-a,a-daʼ-ze,kǔnʼ-dig-eh,säʼ-dä,a-chaʼ-a,a-daʼ-ze,slav1253
brȁt,séstra,brȁt,séstra,brȁt,séstra,brȁt,séstra,slov1268
brat,sestra,brat,sestra,brat,sestra,brat,sestra,slov1269
mwanhinaomukulu,mugandaomukulu,mwanhina,muganda,mugandaomukulu,mwanhinaomukulu,muganda,mwanhina,soga1242
amuk,isaŋ,amuk,ñama,isaŋ,mɨr,ñama,mɨr,soge1235
yéy,yéy,lék,lék,yéy,yéy,lék,lék,song1299
meaŋa-i,meaŋa-i,meaŋa-i,meaŋa-i,keinapa,meaŋa-i,widi,meaŋa-i,sons1242
brat,sestra,brat,sestra,brat,sestra,brat,sestra,sout1528
tai,tetkpur,taises,tetses,taik͡pur,tetk͡pur,taisɛs,tetses,sout2856
mwene-,hala-,mwene-,hala-,hala-,vene-,hala-,vene-,sout2857
hinne,tu,hinne,tu,tu,hinne,tu,hinne,sout2859
tuangane,loko,tuangane,loko,loko,tuangane,loko,tuangane,sout2865
tuaána,tuehine,eteina,tuehine,tuaána,tuehine,eteina,tuehine,sout2866
kakə,p̃ia,kakə,p̃ia,p̃ia,kakə,p̃ia,kakə,sout2869
'au,'au,'viau,'viau,'au,'au,'viau,'viau,sout2883
gundee,sembade,sechie,sedéa,gundee,sembade,sechie,sedéa,sout2959
papi-ci,paci-,cahkai,nami-ci,papi-ci,paci-,cahkai,nami-ci,sout2969
šiiš,šiiš,sïpji'n,sïpji'n,šiiš,šiiš,sïpji'n,sïpji'n,sout2975
xiix,xiix,xiku,mia'njaduuñ,xiix,xiix,xiku,mia'njaduuñ,sout2976
eu'l-kähkʼ-tsä,en'l-chitʼ-shä,is-sisʼ-sin-sä,en'l-tsitsʼ-ǎ-opesʼ,en-katsʼ-tch',en'l-chitʼ-shä,is-sinʼ-sä,en'l-tsitsʼ-ǎ-opesʼ,spok1245
hermanomayor,hermanamayor,hermanomenor,hermanamenor,hermanomayor,hermanamayor,hermanomenor,hermanamenor,stan1288
germà,germana,germà,germana,germà,germana,germà,germana,stan1289
ainé,ainée,frère,soeur,ainé,ainée,frère,soeur,stan1290
ˈbɹʌðə,sĭs'tər,ˈbɹʌðə,sĭs'tər,ˈbɹʌðə,sĭs'tər,ˈbɹʌðə,sĭs'tər,stan1293
bʀuːdɐ,ˈʃvɛstɐ,bʀuːdɐ,ˈʃvɛstɐ,bʀuːdɐ,ˈʃvɛstɐ,bʀuːdɐ,ˈʃvɛstɐ,stan1295
æːx,ʔxt,æːx,ʔxt,æːx,ʔxt,æːx,ʔxt,stan1323
ˈɛwɛɡɑni,ˈɡai,ˈĩʲɛpi,ˈjũtu,ˈɛwɛɡɑni,ˈɡai,ˈĩʲɛpi,ˈjũtu,suki1245
yâya,yâya,mpangiyakala,múkomba,yâya,yâya,mulêki,mpanginkento,suku1259
kulu,nkulu,zpua,nzana,kulu,nkulu,zpua,nzana,suku1261
sanōhī,kàk,sanōhī,foek,kàk,sanōhīfīna,foek,sanōhīfīna,sula1245
múkúlú,ilumbu,mzuna,ilumbu,múkúlú,ilumbu,mzuna,ilumbu,sumb1240
lanceuk,lanceuk,adi,adi,lanceuk,lanceuk,adi,adi,sund1252
lóa,ngóranãm,lóa,ngármẽy,ngóranãm,mahd,ngármẽy,mahd,suru1262
yaya,kibusi,mpangi,kibusi,yaya,kibusi,mpangi,kibusi,suun1239
aʔ5kəu55,aʔ5tsiɑ51,阿弟,mᴇ31-13tsɿ,aʔ5kəu55,aʔ5tsiɑ51,阿弟,mᴇ31-13tsɿ,suzh1234
bror,syster,yngrebror,yngresyster,bror,syster,yngrebror,yngresyster,swed1254
ku-su-cum,ku-cheech,keet-than-äsh-lo,keet-than-ee-she-ok,ku-su-cum,ku-cheech,keet-than-äsh-lo,keet-than-ee-she-ok,taba1266
tayali,tayali,tayali,tayali,tayali,tayali,tayali,tayali,tady1237
kapatid,kapatid,kapatid,kapatid,kapatid,kapatid,kapatid,kapatid,taga1270
tu'ane,tua'ana,tu'ane,tainatuahine,tua'ana,tua-hine,teinatu'ane,tua-hine,tahi1242
sia'a,sia'a,tuai,tuai,sia'a,sia'a,tuai,tuai,taje1237a
sia'ang,sia'ang,tuai,tuai,sia'ang,sia'ang,tuai,tuai,taje1237b
ako,apa,uko,uko,ako,apa,uko,uko,taji1245
sia'a,sia'a,tuai,tuai,sia'a,sia'a,tuai,tuai,taji1246
lu-,tei-,lu-,tei-,tei-,lu-,tei-,lu-,taki1248
vavinena,kasinadaki,vavinena,kasinadaki,kasinagare,vavinena,kasinagare,vavinena,tali1259
foto,kaka,foto,oelī,kaka,foto,oelī,foto,tali1262
entǎmaiyan,enakkäl,entambí,entangaichchi,entǎmaiyan,enakkärl,entambí,entangaichchi,tami1289
analahy,rahavavy,analahy,rahavavy,rahalahy,anakavy,rahalahy,anakavy,tana1285
tabai,ve-tabai,tasi,ve-tasi,tabai,ve-tabai,tasi,ve-tasi,tang1347
che-kuwyra,che-rykera,che-kuwyra,che-kypýura,che-rikayra,che-rinyra,che-riwyra,che-rinyra,tapi1254
ŋmano,ina,ŋmano,ina,ruelxi,vino,ruelxi,vino,tasi1237
tungane,tokana,tungane,teina,tokana,tahini,teina,tahini,taum1237
kaka,kaka,kaka,kaka,kaka,kaka,kaka,kaka,taus1251
magulang,magulang,manghud,manghud,magulang,magulang,manghud,manghud,taus1251a
gō,gō,gō,gō,gō,gō,gō,gō,tehu1242
-ianqai,-ianqai,-ianqai,-ianqai,-ianqai,-ianqai,-ianqai,-ianqai,teiw1235
annǎ,ǎkkǎ,tǎmmǔdǔ,chěllělǔ,annǎ,ǎkkǎ,tǎmmǔdǔ,chěllělǔ,telu1262
he-kiwyra,he-rikéra,he-kiwyra,he-kipiyra,he-rikiyra,he-reinyra,he-riwyra,he-reinyra,temb1276
-reky'yra-,-rendyr-,-rey'reta-,-rendyr-,-reky'yra-,-rendyr-,-rey'reta-,-rendyr-,tenh1241
no-vi-pa-ra,no-vi-pa-re,no-vi-te-u,no-vi-pa-re,no-vi-pa-ra,no-vi-pa-re,no-vi-te-u,no-vi-pa-re,tesu1245
enundu,kademi,kushi,kushi,enundu,kadiemi,kushi,kushi,tete1250
maun,abi,alin,alin,maun,abi,alin,alin,tetu1245
maun,biin,alin,alin,maun,biin,alin,alin,tetu1246
minlhafut,minlhafut,minlhafut,minlhafut,minlhafut,minlhafut,minlhafut,minlhafut,thao1240
pamkanam,yapa,nganpuumi,wiila,pamkanam,yapa,nganpuumi,wiila,thay1249
ijoemadihoetoe,ijoemadjodjo,ijoemadihoetoe,firamadjodjo,ijoemanjira,firamadihoetoe,firamanjira,firamadihoetoe,tido1248
hira,manjira,hira,djodjofofoja,manjira,fira,djodjononau,fira,tido1248a
vasa-,tiga-,vasa-,tiga-,tiga-,vasa-,tiga-,vasa-,tiga1245
kave,taina,kave,taina,taina,kave,taina,kave,tiko1237
kave,taina,kave,taina,taina,kave,taina,kave,tiko1237a
auhẽřẽ,aušoo,auhẽřẽ,auti,aušoo,auhẽřẽ,auti,auhẽřẽ,tiri1258
wangbanuvesen,wangbanuvesen,wangbanukiriki,wangbanukiriki,wangbanuvesen,wangbanuvesen,wangbanukiriki,wangbanukiriki,tivv1240
-éekˀ,-dlaakˀ,-kéekˀ,-kéekˀ,-éekˀ,-dlaakˀ,-kéekˀ,-kéekˀ,tlin1245
doqora,doqora,doqora,doqora,doqora,doqora,doqora,doqora,toab1237
ỹapichaqa',ỹapilte,l-anoḳ,l-anoʔo,ỹapichaqa',ỹapilte,l-anoḳ,l-anoʔo,toba1269
sekywyra,serykéra,sekywyra,sepyky'yra,seryke'yra,serenyra,serywyra,serenyra,toca1235
an,akkā,nodrved,nodrvedkugh,an,akkā,nodrved,nodrvedkugh,toda1252
tuagāne,taina,tuagāne,taina,taina,tuafafine,taina,tuafafine,toke1240
tua-gane,fetau-taina,tua-gane,fetau-taina,fetau-taina,tua-fafine,fetau-taina,tua-fafine,toke1240a
pracar,ṣar,pracar,ṣar,pracar,ṣar,pracar,ṣar,tokh1242
procer,ṣer,procer,ṣer,procer,ṣer,procer,ṣer,tokh1243
sista,barata,sista,barata,barata,sista,barata,sista,tokp1240
kaka,kaka,andi,andi,kaka,kaka,andi,andi,tola1247
onigi,ati,tce'le,eci,onigi,ati,tce'le,eci,tolo1259
kaka,kaka,hai,hai,kaka,kaka,hai,hai,toma1248
kaka'tuama,kaka'wēwēnē,tuarituama,tuariwēwēnē,kaka'tuama,kaka'wēwēnē,tuarituama,tuariwēwēnē,tomb1243
sia'a,sia'a,tuai-nyo,tuai-nyo,sia'a,sia'a,tuai-nyo,tuai-nyo,tomi1243
tua-ngaane,tao-kete,tua-ngaane,tehina,tao-kete,tuo-fefine,tehina,tuo-fefine,tong1325
kaka'tuama,kakakwewene,tuarituama,tuariwewene,kaka'tuama,kakakwewene,tuarituama,tuariwewene,tons1240
munyanya,mugenzi,munyanya,mugenzi,mugenzi,munyanya,mugenzi,munyanya,toor1238
tukaka,tukaka,tuai,tuai,tukaka,tukaka,tuai,tuai,tore1237
brada,sisi,brada,sisi,brada,sisi,brada,sisi,torr1261
və'la,motər,və'la,lʸoče,və'la,motər,və'la,lʸoče,tosk1239
tukka,tukka,tuali,tuali,tukka,tukka,tuali,tuali,toto1304
-ati,-ati,ati,ati,-ati,-ati,ati,ati,trin1274
-adif,-adif-le,adifpat,-adif-lepat,-adif,-adif-le,adifpat,-adif-lepat,trum1247
mono,kadi,ndome,kadi,mono,kadi,ndome,kadi,tsog1243
hosiyamina,hosi,ndisana,ndisana,hosiyamina,hosi,ndisana,ndisana,tson1249
tu-'ane,tua-'ana,tu-'ane,teina,tua-'ana,tua-hine,teina,tua-hine,tuam1242
tuane'a,tua-ana,tuane'a,teina,tua-ana,tua-hine,teina,tua-hine,tubu1240
yeémami,yeémamió,yeékabi,yeékabio,yeémami,yeémamió,yeékabi,yeékabio,tuca1252
ikaka,ikaka,iai,iai,ikaka,ikaka,iai,iai,tuka1249
tʃukaka,tʃukaka,tʃuai,tʃuai,tʃukaka,tʃukaka,tʃuai,tʃuai,tula1253
tʌsi,tʌu,tʌsi,tʌu,tʌsi,tʌu,tʌsi,tʌu,tung1290
kybyra,tykêra,kybykyra,kypýy,tykyyra,tendyra,tybykyra,tendyra,tupi1274
aphu,api,anau,anaujan,aphu,api,anau,anaujan,turu1249
ahk-räʼ-je,ahkʼ-je,käʼ-gä,käʼ-gä,ahk-räʼ-je,ahkʼ-je,käʼ-gä,käʼ-gä,tusc1257
tuagane,taina,tuagane,taina,taina,tuagane,taina,tuagane,tuva1244
nauf,tataf,nauf,olif,tataf,fetof,olif,fetof,uabm1237
apay-agay,apay-agay,suzer̃-vɩn,suzer̃-vɩn,apay-agay,apay-agay,suzer̃-vɩn,suzer̃-vɩn,udmu1245
ula-,ula-,ula-,ula-,ula-,ula-,ula-,ula-,ulaw1237
hari?+naki?aya?,hari?+nduhaya?,hari?+naki?uk,hari?+nduh?uk,hari?+naki?aya?,hari?+nduhaya?,hari?+naki?uk,hari?+nduh?uk,umaj1240
mume,mbuale,mume,mbuale,huvange,huvange,manjange,manjange,umbu1257
kaka,ati,weli,weli,kaka,ati,weli,weli,umir1236
yapu,ya'a,ya'a,ya'a,yapu,ya'a,ya'a,ya'a,umpi1239
avwasungk,avwasungk,mwenengk,tasingk,avwasungk,vevenungk,tasingk,vevenungk,unua1237
ne-sǐʼ-ya,ne-misʼ-sa,ne-sheʼ-ma,ne-sheʼ-ma,ne-sǐ-ya,ne-misʼ-sa,ne-sheʼ-ma,ne-sheʼ-ma,uppe1274
kaka,kaka,adi,adi,ca,ca,adi,adi,urak1238
barabhai,āpā,chotabhai,bahen,barabhai,āpā,chotabhai,bahen,urdu1245
paví-ci,pací-ci,čaqxá-ci,namí-ci,paví-ci,pací-ci,čaqxá-ci,namí-ci,utee1244a
pä-venʼ,päʼ-chenʼ,säʼ-häts-en,nä-michʼ-en,pä-venʼ,pä-chenʼ,säʼ-hätsʼ-en,nä-michʼ-en,utes1238
hogotuk,tutu,hogotuk,tehik,tutu,hogotuk,tehik,hogotuk,vaoo1237
vavanina,togana,vavanina,kaena,togana,vavanina,kaena,vavanina,vari1239
ve|l'l',čižoi,ve|l'l',čižoi,ve|l'l',čižoi,ve|l'l',čižoi,veps1250
owo-,uwa-,owo-,isi-,uwa-,owo-,isi-,owo-,vera1241
manungk,tuangk,manungk,tasungk,tuangk,vivinungk,tasungk,vivinungk,vinm1237
pral,pʰe,pral,pʰe,pral,pʰe,pral,pʰe,vlax1238
tutuëk,togëk,tutuëk,tësik,togëk,tutuëk,tësik,tutuëk,vure1239
lalu,lilikiya,thunungkuthu,urinhath-,lalu,lilikiya,thunungkuthu,urinhath-,waga1260
tukaka,tukaka,tuai,tuai,tukaka,tukaka,tuai,tuai,waia1242
on,at,tcel,de,on,at,tcel,de,wail1244
mim,makba,t”ka,t”ka,mim,makba,t”ka,t”ka,waim1253
hwü̃,hõ,baü,bayó,hwü̃,hõ,baü,bayó,waim1255
oy-eφeka,oy-akno,oy-eφeka,oy-akno,oy-akno,oy-eφeka,oy-akno,oy-eφeka,waiw1244
kurta,kuntya,tyintyamarta,iku,kurta,kuntya,tyintyamarta,iku,waja1257
frè,sour,frè,sour,frè,sour,frè,sour,wall1255
tautuagane,tao-kete,tautuagane,tauta'a,tao-kete,tauta'a,tehina,tauta'a,wall1257
baba,babanya,gagulu,gagulinya,baba,babanya,gagulu,gagulinya,wamb1258
phôgem,'azhim,nucu,sim,phôgem,'azhim,nucu,sim,wang1287
kurta,jurtu,malaju,malaju,kurta,jurtu,malaju,malaju,wang1288
nhuthi,kaku,kuparli,kuparli,nhuthi,kaku,kuparli,kuparli,wang1290
nhuthi,kaku,kupaka,kupaka,nhuthi,kaku,kupaka,kupaka,wang1290a
piŋi,naɹpoːe,kalpamay,puurrii,piŋi,naɹpoːe,kalpamay,puurrii,wang1291
kupu,kapuɭu,marla,marla,kupu,kapuɭu,marla,marla,wanm1242
-inawɨẓa,-ˀdaˀdakʰuu,-ˀdawiʔičʰan,-ˀdawiʔičʰan,-inawɨẓa,-ˀdaˀdakʰuu,-ˀdawiʔičʰan,-ˀdawiʔičʰan,wapi1253
murrkardi,kaku,tyitya,tyitya,murrkardi,kaku,tyitya,tyitya,warl1254
papardi,kapurlu,kukurnu,ngawurru,papardi,kapurlu,kukurnu,ngawurru,warl1254a
paparti,kapurlu,kukurnu,kungurni,paparti,kapurlu,kukurnu,kungurni,warl1255
wartayi,kakayi,kuku,kuku-iyar,wartayi,kakayi,kuku,kuku-iyar,warr1257
muki,tyurka,kurramara,kurramara,muki,tyurka,kurramara,kurramara,waru1264
lefthand1,kapurlu,kuka,kuka,lefthand1,kapurlu,kuka,kuka,waru1265
kaka,kaka,hai,hai,kaka,kaka,hai,hai,waru1266
yandang,tjatjarrang,wangat,barrmbarra,yandang,tjatjarrang,wangat,barrmbarra,wath1238
jeniŋgmaro,lewiŋg,jeniŋgmaro,laseŋg,lewiŋg,jeniŋgkefi,laseŋg,jeniŋgkefi,watu1246
-tu-ka'ka,-tu-kaka-lu,-se-žɨ,-se-žu,-tu-ka'ka,-tu-kaka-lu,-se-žɨ,-se-žu,waur1244
tukaka,tukaka,tußai,tußai,tukaka,tukaka,tußai,tußai,wawo1239
kakay,ɲãɲã,mɔmĩlĩ,kuyã-miti,kakay,ɲãɲã,mɔmĩlĩ,kuyã-miti,waya1270
ta-waľa,ta-waľa,te-mɨľia,ta-šunuu,ta-waľa,ta-waľa,te-mɨľia,ta-šunuu,wayu1243
ftenotenlol,remotenlol,ftenotatetoetei,remotatetoetei,ftenotenlol,remotenlol,ftenotatetoetei,remotatetoetei,weda1240
brawd,chwaer,brawd,chwaer,brawd,chwaer,brawd,chwaer,wels1247
-nang,-nang,-kaku,-kaku,-nang,-nang,-kaku,-kaku,wers1238
nebanagusia,ahizpa,nebagatzea,ahizpa,anaia,arrebanagusia,anaia,arrebagaztea,west1508
berɑdær,xɑhær,dɑdær,apa,berɑdær,xɑhær,dɑdær,apa,west2369
bharāprā,bhaiṇa,nikkaprā,chuṭērībhaiṇa,bharāprā,bhaiṇa,nikkaprā,chuṭērībhaiṇa,west2386
kave,soa,kave,soa,soa,kave,soa,kave,west2515
me'emahan,suled,me'emahan,suled,suled,etevey,suled,etevey,west2555
duksayan,duksayan,duksayan,duksayan,duksayan,duksayan,duksayan,duksayan,west2559
ka',ka',di',di',ka',ka',di',di',west2560
mbani,aaki,mbani,aaki,ame,mbani,ame,mbani,west2599
cìkìsń,cílà',cìkìsń,cílà',cìkìsń,cílà',cìkìsń,cílà',west2615
kaka,p̄ia*,kaka,p̄ia*,p̄ia*,kaka,p̄ia*,kaka,whit1269
wuny,yap,pont,wiil,wuny,yapa,punta,wila,wikm1247
e-cheʼ-to,e-nooʼ,e-sǔnkʼ,e-chunkʼ,e-neʼ,e-nooʼ,e-sǔnkʼ,wychʼ-kä,winn1245
nany,ngömör,yönggan,ngömör,nany,ngömör,yönggan,ngömör,wipi1242
kaaka,katyi,kaakang,muukan,kaaka,katyi,kaakang,muukan,wira1262
mariya,kangkiya,marlany,pangunu,mariya,kangkiya,marlany,pangunu,wira1265
kaka,kaka,hai,hai,kaka,kaka,hai,hai,wiwi1237
lu,toka,lu,tei,toka,lu,tei,lu,woge1237
pangkany,lathkany,thithith,panpan,pangkany,lathkany,thithith,panpan,woiw1237
aka,aka,ande,ande,aka,aka,ande,ande,woli1241
kukudya,karrindyira,murrkadya,murrkadya,kukudya,karrindyira,murrkadya,murrkadya,wong1246
neese-taseʼ,ne-mishʼ,ne-sha-mishʼ,ne-sha-mishʼ,neese-taseʼ,ne-mishʼ,ne-sha-mishʼ,ne-sha-mishʼ,wood1236
katha,apari,ruti,apari,katha,apari,ruti,apari,wulg1239
ʔari,tafi,ʔari,tafi,lofu,ʔari,lofu,ʔari,wuvu1239
ha-yeʼ-uh,a-yeʼ-uh,ha-ye-aʼ-hä,ya-ye-ahʼ-hä,ha-yeʼ-uh,a-yeʼ-uh,ha-ye-aʼ-hä,ya-ye-ahʼ-hä,wyan1247
age',gege',du,nun,age',gege',du,nun,xibe1242
luŋac,têwaò,luŋac,têwaò,têwa,luò,têwa,luò,yabe1254
upunua,opadi,itamu,amatiki,upunua,opadi,itamu,amatiki,yadh1237
kada,kananji,kanugwa,kanab,kada,kananji,kanugwa,kanab,yagw1240
makyani,pangi,makyani,pangi,makyani,pangi,makyani,pangi,yaka1269
kádí-wà-pàé,kádí-wà-mòétò,kádí-wà-pàé,kádí-wà-mòétò,kádí-wà-pàé,kádí-wà-mòétò,kádí-wà-pàé,kádí-wà-mòétò,yaka1272
pongtina'i,kakka,pongtina'i,sali,kakka,pongtina'i,sali,pongtina'i,yaka1277
nä-aiʼ-yas,pǎts,patsht,a-seep,nä-aiʼ-yas,pǎts,es-hupʼ,ats,yaki1237
thawirti,thirrirri,kanamu,kanamu,thawirti,thirrirri,kanamu,kanamu,yala1262
thawirti,thirrirri,kanamu,kanamu,thawirti,thirrirri,kanamu,kanamu,yala1262a
waym,way-kipa,ašouwa,uš-kipa,waym,way-kipa,ašouwa,uš-kipa,yama1264
kaka,kaka,wari,wari,kaka,kaka,wari,wari,yami1254
nguthu,kaku,ngatharri,ngatharri,nguthu,kaku,ngatharri,ngatharri,yand1253
nguthu,kaku,ngathadi,ngathadi,nguthu,kaku,ngathadi,ngathadi,yand1253a
papa,ngatyapapa,winaka,winaka,papa,ngatyapapa,winaka,winaka,yany1243
abachi,ako,wai,wai,sai,ako,saila,wai,yaqu1251
ic̷i-naha,ľ̥inia-naha,ic̷i-naha,ľ̥inia-naha,ic̷i-naha,ľ̥inia-naha,ic̷i-naha,ľ̥inia-naha,yavi1244
tîdê,mbwó,tîdê,mbwó,mbwó,tîdê,mbwó,tîdê,yele1255
nana,nana,wobia,wobia,nana,nana,wobia,wobia,yelm1242
tyilipurrway,tyangkul,kaningkirray,tyangkul,tyilipurrway,tyangkul,kaningkirray,tyangkul,yidi1250
jiliburrway,janggul,ganinggirray,janggul,jiliburrway,janggul,ganinggirray,janggul,yidi1250a
kaya,thurtu,kurtaarra,kurtaarra,kaya,thurtu,kurtaarra,kurtaarra,yind1247
pulqa,luqan+ng,pann,pann,pulqa,luqan+ng,pann,pann,yiry1245
bakhomba,bakhomba,baphangi,bakhomba,bakhomba,bakhomba,baphangi,bakhomba,yomb1244
panyupa,thatyip,kityika,panyuip,panyupa,thatyip,kityika,panyuip,yort1237
zucun,cic,idzin,idzin,zucun,cic,idzin,idzin,yuca1254
kakung,nanaang,panaam,yirrkaang,kakung,nanaang,panaam,yirrkaang,yugu1249
k'itc,k'itc,la'n,mu'n,k'itc,k'itc,la'n,mu'n,yuki1243
kuta,nyarrumpa,malatyu,malatyu,kuta,nyarrumpa,malatyu,malatyu,yulp1239
pipi,neshu,dyama,dyama,pii,yee,paa,yee,yura1255
nemit,nepin,neiku,neikeu,nemit,nepin,neiku,neikeu,yuro1248
abãʰlõ,abalou,hãyẽ,hãlihayu,abãʰlõ,abalou,hãyẽ,hãlihayu,yuwa1244
kaka,kaka,tahi,tahi,kaka,kaka,tahi,tahi,zaba1237
murumuna,mwanyanya,murumuna,mwanyanya,murumuna,mwanyanya,murumuna,mwanyanya,zinz1238
u´-mnawa´-tǔ,u-dä´-dawa´-tǔ,u-mnä´-wawä´-ma,u-dá´dawa´-tǔ,u´-mnawa´-tǔ,u-dä´-dawa´-tǔ,u-mnä´-wawä´-ma,u-dä-dawa´-tǔ,zulu1248
