Glottocode,mFBeD,mFBeS,mFByD,mFByS,mFZeD,mFZeS,mFZyD,mFZyS,mMBeD,mMBeS,mMByD,mMByS,mMZeD,mMZeS,mMZyD,mMZyS,wFBeD,wFBeS,wFByD,wFByS,wFZeD,wFZeS,wFZyD,wFZyS,wMBeD,wMBeS,wMByD,wMByS,wMZeD,wMZeS,wMZyD,wMZyS
ache1246,ãpãradjy,ãpãray,ãpãradjy,ãpãray,eimemby,eimemby,eimemby,eimemby,tutyradjy,tutyray,tutyradjy,tutyray,eimemby,eimemby,eimemby,eimemby,ãpãradjy,ãpãray,ãpãradjy,ãpãray,eimemby,eimemby,eimemby,eimemby,ãpãradjy,ãpãray,ãpãradjy,ãpãray,eimemby,eimemby,eimemby,eimemby
afri1274,niggie,neef,niggie,neef,niggie,neef,niggie,neef,niggie,neef,niggie,neef,niggie,neef,niggie,neef,niggie,neef,niggie,neef,niggie,neef,niggie,neef,niggie,neef,niggie,neef,niggie,neef,niggie,neef
aghu1253,čibxar,čibxar,čibxar,čibxar,čibxar,čibxar,čibxar,čibxar,čibxar,čibxar,čibxar,čibxar,čibxar,čibxar,čibxar,čibxar,čibxar,čibxar,čibxar,čibxar,čibxar,čibxar,čibxar,čibxar,čibxar,čibxar,čibxar,čibxar,čibxar,čibxar,čibxar,čibxar
agua1253,i'ka'yac̷u-t,i'ka'yac̷u-t,i'ka'yac̷u-t,i'ka'yac̷u-t,i'ka'yac̷u-t,i'ka'yac̷u-t,i'ka'yac̷u-t,i'ka'yac̷u-t,i'ka'yac̷u-t,i'ka'yac̷u-t,i'ka'yac̷u-t,i'ka'yac̷u-t,i'ka'yac̷u-t,i'ka'yac̷u-t,i'ka'yac̷u-t,i'ka'yac̷u-t,i'ka'yac̷u-t,i'ka'yac̷u-t,i'ka'yac̷u-t,i'ka'yac̷u-t,i'ka'yac̷u-t,i'ka'yac̷u-t,i'ka'yac̷u-t,i'ka'yac̷u-t,i'ka'yac̷u-t,i'ka'yac̷u-t,i'ka'yac̷u-t,i'ka'yac̷u-t,i'ka'yac̷u-t,i'ka'yac̷u-t,i'ka'yac̷u-t,i'ka'yac̷u-t
akhv1239,wac̄iqʼabi,wac̄iqʼabi,wac̄iqʼabi,wac̄iqʼabi,wac̄iqʼabi,wac̄iqʼabi,wac̄iqʼabi,wac̄iqʼabi,wac̄iqʼabi,wac̄iqʼabi,wac̄iqʼabi,wac̄iqʼabi,wac̄iqʼabi,wac̄iqʼabi,wac̄iqʼabi,wac̄iqʼabi,wac̄iqʼabi,wac̄iqʼabi,wac̄iqʼabi,wac̄iqʼabi,wac̄iqʼabi,wac̄iqʼabi,wac̄iqʼabi,wac̄iqʼabi,wac̄iqʼabi,wac̄iqʼabi,wac̄iqʼabi,wac̄iqʼabi,wac̄iqʼabi,wac̄iqʼabi,wac̄iqʼabi,wac̄iqʼabi
alba1267,kushërirë,kushëri,kushërirë,kushëri,kushërirë,kushëri,kushërirë,kushëri,kushërirë,kushëri,kushërirë,kushëri,kushërirë,kushëri,kushërirë,kushëri,kushërirë,kushëri,kushërirë,kushëri,kushërirë,kushëri,kushërirë,kushëri,kushërirë,kushëri,kushërirë,kushëri,kushërirë,kushëri,kushërirë,kushëri
alya1239,angkuriya,awiyatja,aytiyatja,aytiyatja,altyele,ankele,altyele,ankele,altyele,ankele,altyele,ankele,angkuriya,awiyatja,aytiyatja,aytiyatja,angkuriya,awiyatja,aytiyatja,aytiyatja,altyele,ankele,altyele,ankele,altyele,ankele,altyele,ankele,angkuriya,awiyatja,aytiyatja,aytiyatja
amha1245,yä-aggotlej,yä-aggotlej,yä-aggotlej,yä-aggotlej,yä-akestlej,yä-akestlej,yä-akestlej,yä-akestlej,yä-aggotlej,yä-aggotlej,yä-aggotlej,yä-aggotlej,yä-akestlej,yä-akestlej,yä-akestlej,yä-akestlej,yä-aggotlej,yä-aggotlej,yä-aggotlej,yä-aggotlej,yä-akestlej,yä-akestlej,yä-akestlej,yä-akestlej,yä-aggotlej,yä-aggotlej,yä-aggotlej,yä-aggotlej,yä-akestlej,yä-akestlej,yä-akestlej,yä-akestlej
anci1242,anepsiá,anepsiós,anepsiá,anepsiós,anepsiá,anepsiós,anepsiá,anepsiós,anepsiá,anepsiós,anepsiá,anepsiós,anepsiá,anepsiós,anepsiá,anepsiós,anepsiá,anepsiós,anepsiá,anepsiós,anepsiá,anepsiós,anepsiá,anepsiós,anepsiá,anepsiós,anepsiá,anepsiós,anepsiá,anepsiós,anepsiá,anepsiós
ancu1238,wacaʕal,wacaʕal,wacaʕal,wacaʕal,wacaʕal,wacaʕal,wacaʕal,wacaʕal,wacaʕal,wacaʕal,wacaʕal,wacaʕal,wacaʕal,wacaʕal,wacaʕal,wacaʕal,wacaʕal,wacaʕal,wacaʕal,wacaʕal,wacaʕal,wacaʕal,wacaʕal,wacaʕal,wacaʕal,wacaʕal,wacaʕal,wacaʕal,wacaʕal,wacaʕal,wacaʕal,wacaʕal
anda1281,wacʔal,wacʔal,wacʔal,wacʔal,wacʔal,wacʔal,wacʔal,wacʔal,wacʔal,wacʔal,wacʔal,wacʔal,wacʔal,wacʔal,wacʔal,wacʔal,wacʔal,wacʔal,wacʔal,wacʔal,wacʔal,wacʔal,wacʔal,wacʔal,wacʔal,wacʔal,wacʔal,wacʔal,wacʔal,wacʔal,wacʔal,wacʔal
andi1255,wacʔal,wacʔal,wacʔal,wacʔal,wacʔal,wacʔal,wacʔal,wacʔal,wacʔal,wacʔal,wacʔal,wacʔal,wacʔal,wacʔal,wacʔal,wacʔal,wacʔal,wacʔal,wacʔal,wacʔal,wacʔal,wacʔal,wacʔal,wacʔal,wacʔal,wacʔal,wacʔal,wacʔal,wacʔal,wacʔal,wacʔal,wacʔal
arch1244,šekert̄u,šekert̄u,šekert̄u,šekert̄u,šekert̄u,šekert̄u,šekert̄u,šekert̄u,šekert̄u,šekert̄u,šekert̄u,šekert̄u,šekert̄u,šekert̄u,šekert̄u,šekert̄u,šekert̄u,šekert̄u,šekert̄u,šekert̄u,šekert̄u,šekert̄u,šekert̄u,šekert̄u,šekert̄u,šekert̄u,šekert̄u,šekert̄u,šekert̄u,šekert̄u,šekert̄u,šekert̄u
asut1235,rumbúrya,mjinåwa,rumbúrya,mjinåwa,rumbúrya,mjinåwa,rumbúrya,mjinåwa,rumbúrya,mjinåwa,rumbúrya,mjinåwa,rumbúrya,mjinåwa,rumbúrya,mjinåwa,rumbúrya,mjinåwa,rumbúrya,mjinåwa,rumbúrya,mjinåwa,rumbúrya,mjinåwa,rumbúrya,mjinåwa,rumbúrya,mjinåwa,rumbúrya,mjinåwa,rumbúrya,mjinåwa
avar1256,vatsalav,vatsalav,vatsalav,vatsalav,vatsalav,vatsalav,vatsalav,vatsalav,vatsalav,vatsalav,vatsalav,vatsalav,vatsalav,vatsalav,vatsalav,vatsalav,vatsalav,vatsalav,vatsalav,vatsalav,vatsalav,vatsalav,vatsalav,vatsalav,vatsalav,vatsalav,vatsalav,vatsalav,vatsalav,vatsalav,vatsalav,vatsalav
aves1237,tūriyō-puθra-,tūriyō-puθra-,tūriyō-puθra-,tūriyō-puθra-,tūriyō-puθra-,tūriyō-puθra-,tūriyō-puθra-,tūriyō-puθra-,tūriyō-puθra-,tūriyō-puθra-,tūriyō-puθra-,tūriyō-puθra-,tūriyō-puθra-,tūriyō-puθra-,tūriyō-puθra-,tūriyō-puθra-,tūriyō-puθra-,tūriyō-puθra-,tūriyō-puθra-,tūriyō-puθra-,tūriyō-puθra-,tūriyō-puθra-,tūriyō-puθra-,tūriyō-puθra-,tūriyō-puθra-,tūriyō-puθra-,tūriyō-puθra-,tūriyō-puθra-,tūriyō-puθra-,tūriyō-puθra-,tūriyō-puθra-,tūriyō-puθra-
awet1244,inhýt,itatiý,inhýt,itiwýt,inhýt,itatiý,inhýt,itiwýt,inhýt,itatiý,inhýt,itiwýt,inhýt,itatiý,inhýt,itiwýt,itatét,ikiwýt,ikypiýt,ikiwýt,itatét,ikiwýt,ikypiýt,ikiwýt,itatét,ikiwýt,ikypiýt,ikiwýt,itatét,ikiwýt,ikypiýt,ikiwýt
ayor1240,hõ'ra-i,hõ'ra-i,hõ'ra-i,hõ'ra-i,hõ'ra-i,hõ'ra-i,hõ'ra-i,hõ'ra-i,hõ'ra-i,hõ'ra-i,hõ'ra-i,hõ'ra-i,hõ'ra-i,hõ'ra-i,hõ'ra-i,hõ'ra-i,hõ'ra-i,hõ'ra-i,hõ'ra-i,hõ'ra-i,hõ'ra-i,hõ'ra-i,hõ'ra-i,hõ'ra-i,hõ'ra-i,hõ'ra-i,hõ'ra-i,hõ'ra-i,hõ'ra-i,hõ'ra-i,hõ'ra-i,hõ'ra-i
bagv1239,was̄āb,was̄āb,was̄āb,was̄āb,was̄āb,was̄āb,was̄āb,was̄āb,was̄āb,was̄āb,was̄āb,was̄āb,was̄āb,was̄āb,was̄āb,was̄āb,was̄āb,was̄āb,was̄āb,was̄āb,was̄āb,was̄āb,was̄āb,was̄āb,was̄āb,was̄āb,was̄āb,was̄āb,was̄āb,was̄āb,was̄āb,was̄āb
balo1260,naxozatk,naxozatk,naxozatk,naxozatk,trizatk,trizatk,trizatk,trizatk,trizatk,trizatk,trizatk,trizatk,trizatk,trizatk,trizatk,trizatk,naxozatk,naxozatk,naxozatk,naxozatk,trizatk,trizatk,trizatk,trizatk,trizatk,trizatk,trizatk,trizatk,trizatk,trizatk,trizatk,trizatk
bann1248,i`a'm•a,ivávi,ivöni’i,ivaña',i`a'm•a,ivávi,ivöni’i,ivaña',i`a'm•a,ivávi,ivöni’i,ivaña',i`a'm•a,ivávi,ivöni’i,ivaña',i`a'm•a,ivávi,ivöni’i,ivaña',i`a'm•a,ivávi,ivöni’i,ivaña',i`a'm•a,ivávi,ivöni’i,ivaña',i`a'm•a,ivávi,ivöni’i,ivaña'
bari1297,sāyasašī,sāyasašī,sāyasašī,sāyasašī,sāyasašī,sāyasašī,sāyasašī,sāyasašī,sāyasašī,sāyasašī,sāyasašī,sāyasašī,sāyasašī,sāyasašī,sāyasašī,sāyasašī,sāyasašī,sāyasašī,sāyasašī,sāyasašī,sāyasašī,sāyasašī,sāyasašī,sāyasašī,sāyasašī,sāyasašī,sāyasašī,sāyasašī,sāyasašī,sāyasašī,sāyasašī,sāyasašī
basq1248,kü'süɲa,kü'süɲa,kü'süɲa,kü'süɲa,kü'süɲa,kü'süɲa,kü'süɲa,kü'süɲa,kü'süɲa,kü'süɲa,kü'süɲa,kü'süɲa,kü'süɲa,kü'süɲa,kü'süɲa,kü'süɲa,kü'süɲa,kü'süɲa,kü'süɲa,kü'süɲa,kü'süɲa,kü'süɲa,kü'süɲa,kü'süɲa,kü'süɲa,kü'süɲa,kü'süɲa,kü'süɲa,kü'süɲa,kü'süɲa,kü'süɲa,kü'süɲa
bata1285,ntodubahangwéyandito,ntodubahangwéyamomo,ndembébahangwéyandito,ndembébahangwéyamomo,ntodubanyongwéyandito,ntodubanyongwéyamomo,ndembébanyongwéyandito,ndembébanyongwéyamomo,ntodubahongwéyandito,ntodubahongwéyamomo,ndembébahongwéyandito,ndembébahongwéyamomo,ntodubanyangwéyandito,ntodubanyangwéyamomo,ndembébanyangwéyandito,ndembébanyangwéyamomo,ntodubahangwéyandito,ntodubahangwéyamomo,ndembébahangwéyandito,ndembébahangwéyamomo,ntodubanyongwéyandito,ntodubanyongwéyamomo,ndembébanyongwéyandito,ndembébanyongwéyamomo,ntodubahongwéyandito,ntodubahongwéyamomo,ndembébahongwéyandito,ndembébahongwéyamomo,ntodubanyangwéyandito,ntodubanyangwéyamomo,ndembébanyangwéyandito,ndembébanyangwéyamomo
batl1238,wacħal,wacħal,wacħal,wacħal,wacħal,wacħal,wacħal,wacħal,wacħal,wacħal,wacħal,wacħal,wacħal,wacħal,wacħal,wacħal,wacħal,wacħal,wacħal,wacħal,wacħal,wacħal,wacħal,wacħal,wacħal,wacħal,wacħal,wacħal,wacħal,wacħal,wacħal,wacħal
bats1242,šice,šice,šice,šice,šice,šice,šice,šice,šice,šice,šice,šice,šice,šice,šice,šice,šice,šice,šice,šice,šice,šice,šice,šice,šice,šice,šice,šice,šice,šice,šice,šice
baur1253,mpiri,mpiri,mpiri,mpiri,mpiri,mpiri,mpiri,mpiri,mpiri,mpiri,mpiri,mpiri,mpiri,mpiri,mpiri,mpiri,mpiri,mpiri,mpiri,mpiri,mpiri,mpiri,mpiri,mpiri,mpiri,mpiri,mpiri,mpiri,mpiri,mpiri,mpiri,mpiri
bela1254,dvajúradnajasjastrá,dvajúradnybrat,dvajúradnajasjastrá,dvajúradnybrat,dvajúradnajasjastrá,dvajúradnybrat,dvajúradnajasjastrá,dvajúradnybrat,dvajúradnajasjastrá,dvajúradnybrat,dvajúradnajasjastrá,dvajúradnybrat,dvajúradnajasjastrá,dvajúradnybrat,dvajúradnajasjastrá,dvajúradnybrat,dvajúradnajasjastrá,dvajúradnybrat,dvajúradnajasjastrá,dvajúradnybrat,dvajúradnajasjastrá,dvajúradnybrat,dvajúradnajasjastrá,dvajúradnybrat,dvajúradnajasjastrá,dvajúradnybrat,dvajúradnajasjastrá,dvajúradnybrat,dvajúradnajasjastrá,dvajúradnybrat,dvajúradnajasjastrá,dvajúradnybrat
beng1280,jaṭhtato-bon,jeṭhtato-bhai,khudtato-bon,khudtato-bhai,pishtato-bon,pishtato-bhai,pishtato-bon,pishtato-bhai,mamato-bon,mamato-bhai,mamato-bon,mamato-bhai,mashtato-bon,mashtato-bhai,mashtato-bon,mashtato-bhai,jaṭhtato-bon,jeṭhtato-bhai,khudtato-bon,khudtato-bhai,pishtato-bon,pishtato-bhai,pishtato-bon,pishtato-bhai,mamato-bon,mamato-bhai,mamato-bon,mamato-bhai,mashtato-bon,mashtato-bhai,mashtato-bon,mashtato-bhai
bera1259,moko,moko,moko,moko,moko,moko,moko,moko,moko,moko,moko,moko,moko,moko,moko,moko,moko,moko,moko,moko,moko,moko,moko,moko,moko,moko,moko,moko,moko,moko,moko,moko
bezh1248,waccal,waccal,waccal,waccal,waccal,waccal,waccal,waccal,waccal,waccal,waccal,waccal,waccal,waccal,waccal,waccal,waccal,waccal,waccal,waccal,waccal,waccal,waccal,waccal,waccal,waccal,waccal,waccal,waccal,waccal,waccal,waccal
biha1245,pitiaut-bahan,pitiaut-bhai,pitiaut-bahan,pitiaut-bhai,phupheri-bahan,phuphera-bhai,phupheri-bahan,phuphera-bhai,mameri-bahan,mamera-bhai,mameri-bahan,mamera-bhai,mauseri-bahan,mausera-bhai,mauseri-bahan,mausera-bhai,pitiaut-bahan,pitiaut-bhai,pitiaut-bahan,pitiaut-bhai,phupheri-bahan,phuphera-bhai,phupheri-bahan,phuphera-bhai,mameri-bahan,mamera-bhai,mameri-bahan,mamera-bhai,mauseri-bahan,mausera-bhai,mauseri-bahan,mausera-bhai
bila1255,namami,namami,namami,namami,sono,sono,sono,sono,sono,sono,sono,sono,namami,namami,namami,namami,namami,namami,namami,namami,sono,sono,sono,sono,sono,sono,sono,sono,namami,namami,namami,namami
bitt1240,ʔueiʔait,ʔueiʔait,ʔueiʔait,ʔueiʔait,ʔueiʔait,ʔueiʔait,ʔueiʔait,ʔueiʔait,ʔueiʔait,ʔueiʔait,ʔueiʔait,ʔueiʔait,ʔueiʔait,ʔueiʔait,ʔueiʔait,ʔueiʔait,ʔueiʔait,ʔueiʔait,ʔueiʔait,ʔueiʔait,ʔueiʔait,ʔueiʔait,ʔueiʔait,ʔueiʔait,ʔueiʔait,ʔueiʔait,ʔueiʔait,ʔueiʔait,ʔueiʔait,ʔueiʔait,ʔueiʔait,ʔueiʔait
bret1244,keniterv,kenderv,keniterv,kenderv,keniterv,kenderv,keniterv,kenderv,keniterv,kenderv,keniterv,kenderv,keniterv,kenderv,keniterv,kenderv,keniterv,kenderv,keniterv,kenderv,keniterv,kenderv,keniterv,kenderv,keniterv,kenderv,keniterv,kenderv,keniterv,kenderv,keniterv,kenderv
budu1248,q̄ardaš,q̄ardaš,q̄ardaš,q̄ardaš,q̄ardaš,q̄ardaš,q̄ardaš,q̄ardaš,q̄ardaš,q̄ardaš,q̄ardaš,q̄ardaš,q̄ardaš,q̄ardaš,q̄ardaš,q̄ardaš,q̄ardaš,q̄ardaš,q̄ardaš,q̄ardaš,q̄ardaš,q̄ardaš,q̄ardaš,q̄ardaš,q̄ardaš,q̄ardaš,q̄ardaš,q̄ardaš,q̄ardaš,q̄ardaš,q̄ardaš,q̄ardaš
buku1249,yaaya,waanda,yaaya,waanda,yaaya,waanda,yaaya,waanda,yaaya,waanda,yaaya,waanda,yaaya,waanda,yaaya,waanda,yaaya,waanda,yaaya,waanda,yaaya,waanda,yaaya,waanda,yaaya,waanda,yaaya,waanda,yaaya,waanda,yaaya,waanda
bulg1262,bratovčedka,bratovčed,bratovčedka,bratovčed,bratovčedka,bratovčed,bratovčedka,bratovčed,bratovčedka,bratovčed,bratovčedka,bratovčed,bratovčedka,bratovčed,bratovčedka,bratovčed,bratovčedka,bratovčed,bratovčedka,bratovčed,bratovčedka,bratovčed,bratovčedka,bratovčed,bratovčedka,bratovčed,bratovčedka,bratovčed,bratovčedka,bratovčed,bratovčedka,bratovčed
bush1247,genge,baba,genge,baba,genge,baba,genge,baba,genge,baba,genge,baba,genge,baba,genge,baba,genge,baba,genge,baba,genge,baba,genge,baba,genge,baba,genge,baba,genge,baba,genge,baba
cayu1262,či-'koǰiβi,či-'koǰiβi,či-'koǰiβi,či-'koǰiβi,či-'koǰiβi,či-'koǰiβi,či-'koǰiβi,či-'koǰiβi,či-'koǰiβi,či-'koǰiβi,či-'koǰiβi,či-'koǰiβi,či-'koǰiβi,či-'koǰiβi,či-'koǰiβi,či-'koǰiβi,či-'koǰiβi,či-'koǰiβi,či-'koǰiβi,či-'koǰiβi,či-'koǰiβi,či-'koǰiβi,či-'koǰiβi,či-'koǰiβi,či-'koǰiβi,či-'koǰiβi,či-'koǰiβi,či-'koǰiβi,či-'koǰiβi,či-'koǰiβi,či-'koǰiβi,či-'koǰiβi
cent1972,amoaza,amoaza,amoaza,amoaza,purza,purza,purza,purza,khaloaza,khaloaza,khaloaza,khaloaza,purza,purza,purza,purza,amoaza,amoaza,amoaza,amoaza,purza,purza,purza,purza,khaloaza,khaloaza,khaloaza,khaloaza,purza,purza,purza,purza
cent2142,xilata,xilata,xilata,xilata,xilata,xilata,xilata,xilata,xilata,xilata,xilata,xilata,xilata,xilata,xilata,xilata,xilata,xilata,xilata,xilata,xilata,xilata,xilata,xilata,xilata,xilata,xilata,xilata,xilata,xilata,xilata,xilata
cham1309,wacāb,wacāb,wacāb,wacāb,wacāb,wacāb,wacāb,wacāb,wacāb,wacāb,wacāb,wacāb,wacāb,wacāb,wacāb,wacāb,wacāb,wacāb,wacāb,wacāb,wacāb,wacāb,wacāb,wacāb,wacāb,wacāb,wacāb,wacāb,wacāb,wacāb,wacāb,wacāb
chem1251,ha'ütüniwaantsi,'ontokwavï,ha'ütüniwaantsi,'ontokwavï,ha'ütüniwaantsi,'ontokwavï,ha'ütüniwaantsi,'ontokwavï,ha'ütüniwaantsi,ha'ütüniwaantsi,ha'ütüniwaantsi,ha'ütüniwaantsi,ha'ütüniwaantsi,'ontokwavï,ha'ütüniwaantsi,'ontokwavï,ha'ütüniwaantsi,'ontokwavï,ha'ütüniwaantsi,'ontokwavï,ha'ütüniwaantsi,'ontokwavï,ha'ütüniwaantsi,'ontokwavï,ha'ütüniwaantsi,ha'ütüniwaantsi,ha'ütüniwaantsi,ha'ütüniwaantsi,ha'ütüniwaantsi,'ontokwavï,ha'ütüniwaantsi,'ontokwavï
chim1301,antxala,antxala,antxala,antxala,antxala,antxala,antxala,antxala,antxala,antxala,antxala,antxala,antxala,antxala,antxala,antxala,antxala,antxala,antxala,antxala,antxala,antxala,antxala,antxala,antxala,antxala,antxala,antxala,antxala,antxala,antxala,antxala
chip1261,sela,sela,sela,sela,sela,sela,sela,sela,sela,sela,sela,sela,sela,sela,sela,sela,sela,sela,sela,sela,sela,sela,sela,sela,sela,sela,sela,sela,sela,sela,sela,sela
chir1284,uc̄iq’ar,uc̄iq’ar,uc̄iq’ar,uc̄iq’ar,uc̄iq’ar,uc̄iq’ar,uc̄iq’ar,uc̄iq’ar,uc̄iq’ar,uc̄iq’ar,uc̄iq’ar,uc̄iq’ar,uc̄iq’ar,uc̄iq’ar,uc̄iq’ar,uc̄iq’ar,uc̄iq’ar,uc̄iq’ar,uc̄iq’ar,uc̄iq’ar,uc̄iq’ar,uc̄iq’ar,uc̄iq’ar,uc̄iq’ar,uc̄iq’ar,uc̄iq’ar,uc̄iq’ar,uc̄iq’ar,uc̄iq’ar,uc̄iq’ar,uc̄iq’ar,uc̄iq’ar
chok1245,ndumbu,pangi,ndumbu,pangi,musonyi,musonyi,musonyi,musonyi,musonyi,musonyi,musonyi,musonyi,ndumbu,pangi,ndumbu,pangi,ndumbu,pangi,ndumbu,pangi,musonyi,musonyi,musonyi,musonyi,musonyi,musonyi,musonyi,musonyi,ndumbu,pangi,ndumbu,pangi
chur1257,bratu-čędŭ,bratu-čędŭ,bratu-čędŭ,bratu-čędŭ,bratu-čędŭ,bratu-čędŭ,bratu-čędŭ,bratu-čędŭ,bratu-čędŭ,bratu-čędŭ,bratu-čędŭ,bratu-čędŭ,bratu-čędŭ,bratu-čędŭ,bratu-čędŭ,bratu-čędŭ,bratu-čędŭ,bratu-čędŭ,bratu-čędŭ,bratu-čędŭ,bratu-čędŭ,bratu-čędŭ,bratu-čędŭ,bratu-čędŭ,bratu-čędŭ,bratu-čędŭ,bratu-čędŭ,bratu-čędŭ,bratu-čędŭ,bratu-čędŭ,bratu-čędŭ,bratu-čędŭ
coca1259,paya,ima,paya,ima,paya,ima,paya,ima,paya,ima,paya,ima,paya,ima,paya,ima,paya,ima,paya,ima,paya,ima,paya,ima,paya,ima,paya,ima,paya,ima,paya,ima
cofa1242,kĩši,kĩši,kĩši,kĩši,kĩši,kĩši,kĩši,kĩši,kĩši,kĩši,kĩši,kĩši,kĩši,kĩši,kĩši,kĩši,kĩši,kĩši,kĩši,kĩši,kĩši,kĩši,kĩši,kĩši,kĩši,kĩši,kĩši,kĩši,kĩši,kĩši,kĩši,kĩši
cube1242,mamico,mamicu,mamico,mamicu,chimaco,chimacu,chimaco,chimacu,chimaco,chimacu,chimaco,chimacu,mamico,mamicu,mamico,mamicu,mamico,mamicu,mamico,mamicu,chimaco,chimacu,chimaco,chimacu,chimaco,chimacu,chimaco,chimacu,mamico,mamicu,mamico,mamicu
cusc1236,sispawayqe,sispawayqe,sispawayqe,sispawayqe,sispawayqe,sispawayqe,sispawayqe,sispawayqe,sispawayqe,sispawayqe,sispawayqe,sispawayqe,sispawayqe,sispawayqe,sispawayqe,sispawayqe,sispawayqe,sispawayqe,sispawayqe,sispawayqe,sispawayqe,sispawayqe,sispawayqe,sispawayqe,sispawayqe,sispawayqe,sispawayqe,sispawayqe,sispawayqe,sispawayqe,sispawayqe,sispawayqe
czec1258,sestřenice,bratranec,sestřenice,bratranec,sestřenice,bratranec,sestřenice,bratranec,sestřenice,bratranec,sestřenice,bratranec,sestřenice,bratranec,sestřenice,bratranec,sestřenice,bratranec,sestřenice,bratranec,sestřenice,bratranec,sestřenice,bratranec,sestřenice,bratranec,sestřenice,bratranec,sestřenice,bratranec,sestřenice,bratranec
dani1285,kusine,fætter,kusine,fætter,kusine,fætter,kusine,fætter,kusine,fætter,kusine,fætter,kusine,fætter,kusine,fætter,kusine,fætter,kusine,fætter,kusine,fætter,kusine,fætter,kusine,fætter,kusine,fætter,kusine,fætter,kusine,fætter
dari1249,doxtær-æmu,pesær-æmu,doxtær-æmu,pesær-æmu,doxtær-æmme,pesær-æmme,doxtær-æmme,pesær-æmme,doxtær-dayi,pesær-dayi,doxtær-dayi,pesær-dayi,doxtær-xale,pesær-xale,doxtær-xale,pesær-xale,doxtær-æmu,pesær-æmu,doxtær-æmu,pesær-æmu,doxtær-æmme,pesær-æmme,doxtær-æmme,pesær-æmme,doxtær-dayi,pesær-dayi,doxtær-dayi,pesær-dayi,doxtær-xale,pesær-xale,doxtær-xale,pesær-xale
dhuw1249,mulirriɲ7,mulirriɲ7,mulirriɲ7,mulirriɲ7,mulirriɲ7,mulirriɲ7,mulirriɲ7,mulirriɲ7,garmala,garmala,garmala,garmala,mulirriɲ7,mulirriɲ7,mulirriɲ7,mulirriɲ7,mulirriɲ7,mulirriɲ7,mulirriɲ7,mulirriɲ7,mulirriɲ7,mulirriɲ7,mulirriɲ7,mulirriɲ7,garmala,garmala,garmala,garmala,mulirriɲ7,mulirriɲ7,mulirriɲ7,mulirriɲ7
digo1243,mwenenu,mwenenu,mwenenu,mwenenu,mkpwoi,mkpwoi,mkpwoi,mkpwoi,mkpwoi,mkpwoi,mkpwoi,mkpwoi,mwenenu,mwenenu,mwenenu,mwenenu,mwenenu,mwenenu,mwenenu,mwenenu,mkpwoi,mkpwoi,mkpwoi,mkpwoi,mkpwoi,mkpwoi,mkpwoi,mkpwoi,mwenenu,mwenenu,mwenenu,mwenenu
dutc1256,nicht,neef,nicht,neef,nicht,neef,nicht,neef,nicht,neef,nicht,neef,nicht,neef,nicht,neef,nicht,neef,nicht,neef,nicht,neef,nicht,neef,nicht,neef,nicht,neef,nicht,neef,nicht,neef
east2283,zarmikˀ,zarmikˀ,zarmikˀ,zarmikˀ,zarmikˀ,zarmikˀ,zarmikˀ,zarmikˀ,zarmikˀ,zarmikˀ,zarmikˀ,zarmikˀ,zarmikˀ,zarmikˀ,zarmikˀ,zarmikˀ,zarmikˀ,zarmikˀ,zarmikˀ,zarmikˀ,zarmikˀ,zarmikˀ,zarmikˀ,zarmikˀ,zarmikˀ,zarmikˀ,zarmikˀ,zarmikˀ,zarmikˀ,zarmikˀ,zarmikˀ,zarmikˀ
east2295,švester'kind,švester'kind,švester'kind,švester'kind,švester'kind,švester'kind,švester'kind,švester'kind,švester'kind,švester'kind,švester'kind,švester'kind,švester'kind,švester'kind,švester'kind,švester'kind,švester'kind,švester'kind,švester'kind,švester'kind,švester'kind,švester'kind,švester'kind,švester'kind,švester'kind,švester'kind,švester'kind,švester'kind,švester'kind,švester'kind,švester'kind,švester'kind
east2447,tuanga'ane,taina,tuanga'ane,taina,tuanga'ane,taina,tuanga'ane,taina,tuanga'ane,taina,tuanga'ane,taina,tuanga'ane,taina,tuanga'ane,taina,taina,tuanga'ane,taina,tuanga'ane,taina,tuanga'ane,taina,tuanga'ane,taina,tuanga'ane,taina,tuanga'ane,taina,tuanga'ane,taina,tuanga'ane
ekon1238,nkana,nkana,nkana,nkana,nkana,nkana,nkana,nkana,nkana,nkana,nkana,nkana,nkana,nkana,nkana,nkana,nkana,nkana,nkana,nkana,nkana,nkana,nkana,nkana,nkana,nkana,nkana,nkana,nkana,nkana,nkana,nkana
elam1244,iza:oei-za,iza:oei-za,iza:oei-za,iza:oei-za,iza:oei-za,iza:oei-za,iza:oei-za,iza:oei-za,iza:oei-za,iza:oei-za,iza:oei-za,iza:oei-za,iza:oei-za,iza:oei-za,iza:oei-za,iza:oei-za,iza:oei-za,iza:oei-za,iza:oei-za,iza:oei-za,iza:oei-za,iza:oei-za,iza:oei-za,iza:oei-za,iza:oei-za,iza:oei-za,iza:oei-za,iza:oei-za,iza:oei-za,iza:oei-za,iza:oei-za,iza:oei-za
enap1235,ñaʔtsú,-yako,ñaʔtsú,-yako,maté,puamó,maté,puamó,maté,puamó,maté,puamó,ñaʔtsú,yakó,ñaʔtsú,yakó,ñaʔtsú,-yako,ñaʔtsú,-yako,maté,puamó,maté,puamó,maté,puamó,maté,puamó,ñaʔtsú,yakó,ñaʔtsú,yakó
erzy1239,lʸelʸa,lʸelʸa,lʸelʸa,lʸelʸa,lʸelʸa,lʸelʸa,lʸelʸa,lʸelʸa,lʸelʸa,lʸelʸa,lʸelʸa,lʸelʸa,lʸelʸa,lʸelʸa,lʸelʸa,lʸelʸa,lʸelʸa,lʸelʸa,lʸelʸa,lʸelʸa,lʸelʸa,lʸelʸa,lʸelʸa,lʸelʸa,lʸelʸa,lʸelʸa,lʸelʸa,lʸelʸa,lʸelʸa,lʸelʸa,lʸelʸa,lʸelʸa
esto1258,nəbu,nəbu,nəbu,nəbu,nəbu,nəbu,nəbu,nəbu,nəbu,nəbu,nəbu,nəbu,nəbu,nəbu,nəbu,nəbu,nəbu,nəbu,nəbu,nəbu,nəbu,nəbu,nəbu,nəbu,nəbu,nəbu,nəbu,nəbu,nəbu,nəbu,nəbu,nəbu
fang1246,kadzam,monedzan,kadzam,monedzan,kadzam,monedzan,kadzam,monedzan,kadzam,monedzan,kadzam,monedzan,kadzam,monedzan,kadzam,monedzan,monedzan,ndômzam,monedzan,ndômzam,monedzan,ndômzam,monedzan,ndômzam,monedzan,ndômzam,monedzan,ndômzam,monedzan,ndômzam,monedzan,ndômzam
finn1318,ser̃kku,ser̃kku,ser̃kku,ser̃kku,ser̃kku,ser̃kku,ser̃kku,ser̃kku,ser̃kku,ser̃kku,ser̃kku,ser̃kku,ser̃kku,ser̃kku,ser̃kku,ser̃kku,ser̃kku,ser̃kku,ser̃kku,ser̃kku,ser̃kku,ser̃kku,ser̃kku,ser̃kku,ser̃kku,ser̃kku,ser̃kku,ser̃kku,ser̃kku,ser̃kku,ser̃kku,ser̃kku
fris1239,nicht,neef,nicht,neef,nicht,neef,nicht,neef,nicht,neef,nicht,neef,nicht,neef,nicht,neef,nicht,neef,nicht,neef,nicht,neef,nicht,neef,nicht,neef,nicht,neef,nicht,neef,nicht,neef
ghod1238,yacʕal,yacʕal,yacʕal,yacʕal,yacʕal,yacʕal,yacʕal,yacʕal,yacʕal,yacʕal,yacʕal,yacʕal,yacʕal,yacʕal,yacʕal,yacʕal,yacʕal,yacʕal,yacʕal,yacʕal,yacʕal,yacʕal,yacʕal,yacʕal,yacʕal,yacʕal,yacʕal,yacʕal,yacʕal,yacʕal,yacʕal,yacʕal
giga1238,wacab,wacab,wacab,wacab,wacab,wacab,wacab,wacab,wacab,wacab,wacab,wacab,wacab,wacab,wacab,wacab,wacab,wacab,wacab,wacab,wacab,wacab,wacab,wacab,wacab,wacab,wacab,wacab,wacab,wacab,wacab,wacab
goth1244,gadiliggs,gadiliggs,gadiliggs,gadiliggs,gadiliggs,gadiliggs,gadiliggs,gadiliggs,gadiliggs,gadiliggs,gadiliggs,gadiliggs,gadiliggs,gadiliggs,gadiliggs,gadiliggs,gadiliggs,gadiliggs,gadiliggs,gadiliggs,gadiliggs,gadiliggs,gadiliggs,gadiliggs,gadiliggs,gadiliggs,gadiliggs,gadiliggs,gadiliggs,gadiliggs,gadiliggs,gadiliggs
guaj1256,haininawai,harəpihárə,haininawai,harəpihárə,ɨhi-na,harəwaiya,ɨhi-na,harəwaiya,emeriko,harəwaiya,emeriko,harəwaiya,haininawai,harəpiana,haininawai,harəpiana,harəpihárə,ikuwɨčiá,harəpihárə,ikuwɨčiá,ɨhi-na,iménə,ɨhi-na,iménə,mɨmɨrə,mɨmɨrə,mɨmɨrə,mɨmɨrə,harəpihárə,ikuwɨčiá,harəpihárə,ikuwɨčiá
guja1252,pitarāibahan,pitarāibhāi,pitarāibahan,pitarāibhāi,phoiyātbahan,phoiyātbhāi,phoiyātbahan,phoiyātbhāi,mauḷāibahan,mauḷāibhāi,mauḷāibahan,mauḷāibhāi,masiyābahan,masiyābhāi,masiyābahan,masiyābhāi,pitarāibahan,pitarāibhāi,pitarāibahan,pitarāibhāi,phoiyātbahan,phoiyātbhāi,phoiyātbahan,phoiyātbhāi,mauḷāibahan,mauḷāibhāi,mauḷāibahan,mauḷāibhāi,masiyābahan,masiyābhāi,masiyābahan,masiyābhāi
haaa1252,umwishiki,mwenewachu,umwishiki,mwenewachu,umuvyara,umuvyara,umuvyara,umuvyara,umuvyara,umuvyara,umuvyara,umuvyara,umwishiki,mwenewachu,umwishiki,mwenewachu,mwenewachu,umusaza,mwenewachu,umusaza,umuvyara,umuvyara,umuvyara,umuvyara,umuvyara,umuvyara,umuvyara,umuvyara,mwenewachu,umusaza,mwenewachu,umusaza
haus1257,ɗan'uwa,ɗan'uwa,ɗan'uwa,ɗan'uwa,ɗan'uwa,ɗan'uwa,ɗan'uwa,ɗan'uwa,ɗan'uwa,ɗan'uwa,ɗan'uwa,ɗan'uwa,ɗan'uwa,ɗan'uwa,ɗan'uwa,ɗan'uwa,ɗan'uwa,ɗan'uwa,ɗan'uwa,ɗan'uwa,ɗan'uwa,ɗan'uwa,ɗan'uwa,ɗan'uwa,ɗan'uwa,ɗan'uwa,ɗan'uwa,ɗan'uwa,ɗan'uwa,ɗan'uwa,ɗan'uwa,ɗan'uwa
hawa1245,kaikuahine,kaikuaʔana,kaikuahine,kaikuaʔana,kaikuahine,kaikuaʔana,kaikuahine,kaikuaʔana,kaikuahine,kaikuaʔana,kaikuahine,kaikuaʔana,kaikuahine,kaikuaʔana,kaikuahine,kaikuaʔana,kaikuaʔana,kaikuane,kaikuaʔana,kaikuane,kaikuaʔana,kaikuane,kaikuaʔana,kaikuane,kaikuaʔana,kaikuane,kaikuaʔana,kaikuane,kaikuaʔana,kaikuane,kaikuaʔana,kaikuane
haya1250,omulúmuna,omulúmuna,omulúmuna,omulúmuna,omwi:wa,omwi:wa,omwi:wa,omwi:wa,ma:wento,malûmi,ma:wento,malûmi,omulúmuna,omulúmuna,omulúmuna,omulúmuna,omulúmuna,omulúmuna,omulúmuna,omulúmuna,omwi:wa,omwi:wa,omwi:wa,omwi:wa,ma:wento,malûmi,ma:wento,malûmi,omulúmuna,omulúmuna,omulúmuna,omulúmuna
here1253,omu-zamumue,omu-zamumue,omu-zamumue,omu-zamumue,omu-zamumue,omu-zamumue,omu-zamumue,omu-zamumue,omu-zamumue,omu-zamumue,omu-zamumue,omu-zamumue,omu-zamumue,omu-zamumue,omu-zamumue,omu-zamumue,omu-zamumue,omu-zamumue,omu-zamumue,omu-zamumue,omu-zamumue,omu-zamumue,omu-zamumue,omu-zamumue,omu-zamumue,omu-zamumue,omu-zamumue,omu-zamumue,omu-zamumue,omu-zamumue,omu-zamumue,omu-zamumue
hidd1238,was̄ʕal,was̄ʕal,was̄ʕal,was̄ʕal,was̄ʕal,was̄ʕal,was̄ʕal,was̄ʕal,was̄ʕal,was̄ʕal,was̄ʕal,was̄ʕal,was̄ʕal,was̄ʕal,was̄ʕal,was̄ʕal,was̄ʕal,was̄ʕal,was̄ʕal,was̄ʕal,was̄ʕal,was̄ʕal,was̄ʕal,was̄ʕal,was̄ʕal,was̄ʕal,was̄ʕal,was̄ʕal,was̄ʕal,was̄ʕal,was̄ʕal,was̄ʕal
high1278,i-wehka-swa-i-kni-w,i-wehka-swa-i-kni-w,i-wehka-swa-i-kni-w,i-wehka-swa-i-kni-w,i-wehka-swa-i-kni-w,i-wehka-swa-i-kni-w,i-wehka-swa-i-kni-w,i-wehka-swa-i-kni-w,i-wehka-swa-i-kni-w,i-wehka-swa-i-kni-w,i-wehka-swa-i-kni-w,i-wehka-swa-i-kni-w,i-wehka-swa-i-kni-w,i-wehka-swa-i-kni-w,i-wehka-swa-i-kni-w,i-wehka-swa-i-kni-w,i-wehka-swa-i-kni-w,i-wehka-swa-i-kni-w,i-wehka-swa-i-kni-w,i-wehka-swa-i-kni-w,i-wehka-swa-i-kni-w,i-wehka-swa-i-kni-w,i-wehka-swa-i-kni-w,i-wehka-swa-i-kni-w,i-wehka-swa-i-kni-w,i-wehka-swa-i-kni-w,i-wehka-swa-i-kni-w,i-wehka-swa-i-kni-w,i-wehka-swa-i-kni-w,i-wehka-swa-i-kni-w,i-wehka-swa-i-kni-w,i-wehka-swa-i-kni-w
hind1269,caceribahan,cacerabhai,caceribahan,cacerabhai,phupheribahan,phupherabhai,phupheribahan,phupherabhai,mameribahan,mamerabhai,mameribahan,mamerabhai,mɔseribahan,mɔserabhai,mɔseribahan,mɔserabhai,caceribahan,cacerabhai,caceribahan,cacerabhai,phupheribahan,phupherabhai,phupheribahan,phupherabhai,mameribahan,mamerabhai,mameribahan,mamerabhai,mɔseribahan,mɔserabhai,mɔseribahan,mɔserabhai
hinu1240,wacʕal,wacʕal,wacʕal,wacʕal,wacʕal,wacʕal,wacʕal,wacʕal,wacʕal,wacʕal,wacʕal,wacʕal,wacʕal,wacʕal,wacʕal,wacʕal,wacʕal,wacʕal,wacʕal,wacʕal,wacʕal,wacʕal,wacʕal,wacʕal,wacʕal,wacʕal,wacʕal,wacʕal,wacʕal,wacʕal,wacʕal,wacʕal
hitt1242,anninniyami-,anninniyami-,anninniyami-,anninniyami-,anninniyami-,anninniyami-,anninniyami-,anninniyami-,anninniyami-,anniniyami-,anninniyami-,anniniyami-,anninniyami-,anninniyami-,anninniyami-,anninniyami-,anninniyami-,anninniyami-,anninniyami-,anninniyami-,anninniyami-,anninniyami-,anninniyami-,anninniyami-,anninniyami-,anniniyami-,anninniyami-,anniniyami-,anninniyami-,anninniyami-,anninniyami-,anninniyami-
homs1234,zarmig,zarmig,zarmig,zarmig,zarmig,zarmig,zarmig,zarmig,zarmig,zarmig,zarmig,zarmig,zarmig,zarmig,zarmig,zarmig,zarmig,zarmig,zarmig,zarmig,zarmig,zarmig,zarmig,zarmig,zarmig,zarmig,zarmig,zarmig,zarmig,zarmig,zarmig,zarmig
hung1274,unokatestvér,unokatestvér,unokatestvér,unokatestvér,unokatestvér,unokatestvér,unokatestvér,unokatestvér,unokatestvér,unokatestvér,unokatestvér,unokatestvér,unokatestvér,unokatestvér,unokatestvér,unokatestvér,unokatestvér,unokatestvér,unokatestvér,unokatestvér,unokatestvér,unokatestvér,unokatestvér,unokatestvér,unokatestvér,unokatestvér,unokatestvér,unokatestvér,unokatestvér,unokatestvér,unokatestvér,unokatestvér
hunz1247,wacʕal,wacʕal,wacʕal,wacʕal,wacʕal,wacʕal,wacʕal,wacʕal,wacʕal,wacʕal,wacʕal,wacʕal,wacʕal,wacʕal,wacʕal,wacʕal,wacʕal,wacʕal,wacʕal,wacʕal,wacʕal,wacʕal,wacʕal,wacʕal,wacʕal,wacʕal,wacʕal,wacʕal,wacʕal,wacʕal,wacʕal,wacʕal
icel1247,systkinabörn,systkinabörn,systkinabörn,systkinabörn,systkinabörn,systkinabörn,systkinabörn,systkinabörn,systkinabörn,systkinabörn,systkinabörn,systkinabörn,systkinabörn,systkinabörn,systkinabörn,systkinabörn,systkinabörn,systkinabörn,systkinabörn,systkinabörn,systkinabörn,systkinabörn,systkinabörn,systkinabörn,systkinabörn,systkinabörn,systkinabörn,systkinabörn,systkinabörn,systkinabörn,systkinabörn,systkinabörn
igna1246,-čehi,-čehi,-čehi,-čehi,-čehi,-čehi,-čehi,-čehi,-čehi,-čehi,-čehi,-čehi,-čehi,-čehi,-čehi,-čehi,-čehi,-čehi,-čehi,-čehi,-čehi,-čehi,-čehi,-čehi,-čehi,-čehi,-čehi,-čehi,-čehi,-čehi,-čehi,-čehi
ingr1248,seukkoi,seukkoi,seukkoi,seukkoi,seukkoi,seukkoi,seukkoi,seukkoi,seukkoi,seukkoi,seukkoi,seukkoi,seukkoi,seukkoi,seukkoi,seukkoi,seukkoi,seukkoi,seukkoi,seukkoi,seukkoi,seukkoi,seukkoi,seukkoi,seukkoi,seukkoi,seukkoi,seukkoi,seukkoi,seukkoi,seukkoi,seukkoi
ingu1240,dä-wešiywoʕ,dä-wešiywoʕ,dä-wešiywoʕ,dä-wešiywoʕ,dä-wešiywoʕ,dä-wešiywoʕ,dä-wešiywoʕ,dä-wešiywoʕ,dä-wešiywoʕ,dä-wešiywoʕ,dä-wešiywoʕ,dä-wešiywoʕ,dä-wešiywoʕ,dä-wešiywoʕ,dä-wešiywoʕ,dä-wešiywoʕ,dä-wešiywoʕ,dä-wešiywoʕ,dä-wešiywoʕ,dä-wešiywoʕ,dä-wešiywoʕ,dä-wešiywoʕ,dä-wešiywoʕ,dä-wešiywoʕ,dä-wešiywoʕ,dä-wešiywoʕ,dä-wešiywoʕ,dä-wešiywoʕ,dä-wešiywoʕ,dä-wešiywoʕ,dä-wešiywoʕ,dä-wešiywoʕ
inxo1238,wacahaw,wacahaw,wacahaw,wacahaw,wacahaw,wacahaw,wacahaw,wacahaw,wacahaw,wacahaw,wacahaw,wacahaw,wacahaw,wacahaw,wacahaw,wacahaw,wacahaw,wacahaw,wacahaw,wacahaw,wacahaw,wacahaw,wacahaw,wacahaw,wacahaw,wacahaw,wacahaw,wacahaw,wacahaw,wacahaw,wacahaw,wacahaw
iris1253,colceathar,colceathar,colceathar,colceathar,colceathar,colceathar,colceathar,colceathar,colceathar,colceathar,colceathar,colceathar,colceathar,colceathar,colceathar,colceathar,colceathar,colceathar,colceathar,colceathar,colceathar,colceathar,colceathar,colceathar,colceathar,colceathar,colceathar,colceathar,colceathar,colceathar,colceathar,colceathar
ital1282,cugina,cugino,cugina,cugino,cugina,cugino,cugina,cugino,cugina,cugino,cugina,cugino,cugina,cugino,cugina,cugino,cugina,cugino,cugina,cugino,cugina,cugino,cugina,cugino,cugina,cugino,cugina,cugino,cugina,cugino,cugina,cugino
iton1250,pataʔweʔname,pataʔweʔname,pataʔweʔname,pataʔweʔname,pataʔweʔname,pataʔweʔname,pataʔweʔname,pataʔweʔname,pataʔweʔname,pataʔweʔname,pataʔweʔname,pataʔweʔname,pataʔweʔname,pataʔweʔname,pataʔweʔname,pataʔweʔname,pataʔweʔname,pataʔweʔname,pataʔweʔname,pataʔweʔname,pataʔweʔname,pataʔweʔname,pataʔweʔname,pataʔweʔname,pataʔweʔname,pataʔweʔname,pataʔweʔname,pataʔweʔname,pataʔweʔname,pataʔweʔname,pataʔweʔname,pataʔweʔname
itsa1239,kʼʷiniuc̄iqʼar,kʼʷiniuc̄iqʼar,kʼʷiniuc̄iqʼar,kʼʷiniuc̄iqʼar,kʼʷiniuc̄iqʼar,kʼʷiniuc̄iqʼar,kʼʷiniuc̄iqʼar,kʼʷiniuc̄iqʼar,kʼʷiniuc̄iqʼar,kʼʷiniuc̄iqʼar,kʼʷiniuc̄iqʼar,kʼʷiniuc̄iqʼar,kʼʷiniuc̄iqʼar,kʼʷiniuc̄iqʼar,kʼʷiniuc̄iqʼar,kʼʷiniuc̄iqʼar,kʼʷiniuc̄iqʼar,kʼʷiniuc̄iqʼar,kʼʷiniuc̄iqʼar,kʼʷiniuc̄iqʼar,kʼʷiniuc̄iqʼar,kʼʷiniuc̄iqʼar,kʼʷiniuc̄iqʼar,kʼʷiniuc̄iqʼar,kʼʷiniuc̄iqʼar,kʼʷiniuc̄iqʼar,kʼʷiniuc̄iqʼar,kʼʷiniuc̄iqʼar,kʼʷiniuc̄iqʼar,kʼʷiniuc̄iqʼar,kʼʷiniuc̄iqʼar,kʼʷiniuc̄iqʼar
iyoj1235,-tyelas,-tyelas,-tyelas,-tyelas,-tyelas,-tyelas,-tyelas,-tyelas,-tyelas,-tyelas,-tyelas,-tyelas,-tyelas,-tyelas,-tyelas,-tyelas,-tyelas,-tyelas,-tyelas,-tyelas,-tyelas,-tyelas,-tyelas,-tyelas,-tyelas,-tyelas,-tyelas,-tyelas,-tyelas,-tyelas,-tyelas,-tyelas
jama1262,kɔzɩn,kɔzɩn,kɔzɩn,kɔzɩn,kɔzɩn,kɔzɩn,kɔzɩn,kɔzɩn,kɔzɩn,kɔzɩn,kɔzɩn,kɔzɩn,kɔzɩn,kɔzɩn,kɔzɩn,kɔzɩn,kɔzɩn,kɔzɩn,kɔzɩn,kɔzɩn,kɔzɩn,kɔzɩn,kɔzɩn,kɔzɩn,kɔzɩn,kɔzɩn,kɔzɩn,kɔzɩn,kɔzɩn,kɔzɩn,kɔzɩn,kɔzɩn
jica1244,сílá',sìkìsé',сílá',sìkìsé',сílá',sìkìsé',сílá',sìkìsé',сílá',sìkìsé',сílá',sìkìsé',сílá',sìkìsé',сílá',sìkìsé',сílá',sìkìsé',сílá',sìkìsé',сílá',sìkìsé',сílá',sìkìsé',сílá',sìkìsé',сílá',sìkìsé',сílá',sìkìsé',сílá',sìkìsé'
jude1256,kuxole,kuxole,kuxole,kuxole,kuxole,kuxole,kuxole,kuxole,kuxole,kuxole,kuxole,kuxole,kuxole,kuxole,kuxole,kuxole,kuxole,kuxole,kuxole,kuxole,kuxole,kuxole,kuxole,kuxole,kuxole,kuxole,kuxole,kuxole,kuxole,kuxole,kuxole,kuxole
kaiw1246,che-rendý,che-rikeý,chen-rendý-miní,che-riwý,che-rendý,che-rikeý,chen-rendý-miní,che-riwý,che-rendý,che-rikeý,chen-rendý-miní,che-riwý,che-rendý,che-rikeý,chen-rendý-miní,che-riwý,che-ruké,che-kywý,che-kypyý,che-kywykeý,che-ruké,che-kywý,che-kypyý,che-kywykeý,che-ruké,che-kywý,che-kypyý,che-kywykeý,che-ruké,che-kywý,che-kypyý,che-kywykeý
kalk1246,puwa,thapu,puwa,thapu,kungi,muwangu,kungi,muwangu,kungi,muwangu,kungi,muwangu,puwa,thapu,puwa,thapu,puwa,thapu,puwa,thapu,kungi,muwangu,kungi,muwangu,kungi,muwangu,kungi,muwangu,puwa,thapu,puwa,thapu
kama1373,iereinýt,ierikeýt,iereinýt,ieriwýt,iereinýt,ierikeýt,iereinýt,ieriwýt,iereinýt,ierikeýt,iereinýt,ieriwýt,iereinýt,ierikeýt,iereinýt,ieriwýt,ierikét,iekiwýt,iekypiýt,iekiwýt,ierikét,iekiwýt,iekypiýt,iekiwýt,ierikét,iekiwýt,iekypiýt,iekiwýt,ierikét,iekiwýt,iekypiýt,iekiwýt
kamb1297,mwibawa,mwibawa,mwibawa,mwibawa,mwibawa,mwibawa,mwibawa,mwibawa,mwibawa,mwibawa,mwibawa,mwibawa,mwibawa,mwibawa,mwibawa,mwibawa,mwibawa,mwibawa,mwibawa,mwibawa,mwibawa,mwibawa,mwibawa,mwibawa,mwibawa,mwibawa,mwibawa,mwibawa,mwibawa,mwibawa,mwibawa,mwibawa
kaon1241,koloja,koloja,nkasa,nkasa,koloja,koloja,nkasa,nkasa,koloja,koloja,nkasa,nkasa,koloja,koloja,nkasa,nkasa,koloja,koloja,nkasa,nkasa,koloja,koloja,nkasa,nkasa,koloja,koloja,nkasa,nkasa,koloja,koloja,nkasa,nkasa
kapi1249,tuahina,tuahina,tuahina,tuahina,tuahina,tuahina,tuahina,tuahina,tuahina,tuahina,tuahina,tuahina,tuahina,tuahina,tuahina,tuahina,tuahina,tuahina,tuahina,tuahina,tuahina,tuahina,tuahina,tuahina,tuahina,tuahina,tuahina,tuahina,tuahina,tuahina,tuahina,tuahina
kash1277,piter-beni,pitur-boi,piter-beni,pitur-boi,pofter-beni,poftur-boi,pofter-beni,poftur-boi,mamter-beni,mamtur-boi,mamter-beni,mamtur-boi,master-beni,mastur-boi,master-beni,mastur-boi,piter-beni,pitur-boi,piter-beni,pitur-boi,pofter-beni,poftur-boi,pofter-beni,poftur-boi,mamter-beni,mamtur-boi,mamter-beni,mamtur-boi,master-beni,mastur-boi,master-beni,mastur-boi
kaur1267,kou-wou,kou-wou,kou-wou,kou-wou,kou-wou,kou-wou,kou-wou,kou-wou,kou-wou,kou-wou,kou-wou,kou-wou,kou-wou,kou-wou,kou-wou,kou-wou,kou-wou,kou-wou,kou-wou,kou-wou,kou-wou,kou-wou,kou-wou,kou-wou,kou-wou,kou-wou,kou-wou,kou-wou,kou-wou,kou-wou,kou-wou,kou-wou
kaya1329,remiʔuramet,remiʔuramet,remiʔuramet,remiʔuramet,remiʔuramet,remiʔuramet,remiʔuramet,remiʔuramet,remiʔuramet,remiʔuramet,remiʔuramet,remiʔuramet,remiʔuramet,remiʔuramet,remiʔuramet,remiʔuramet,remiʔuramet,remiʔuramet,remiʔuramet,remiʔuramet,remiʔuramet,remiʔuramet,remiʔuramet,remiʔuramet,remiʔuramet,remiʔuramet,remiʔuramet,remiʔuramet,remiʔuramet,remiʔuramet,remiʔuramet,remiʔuramet
kett1243,amdus,amdun,amdus,amdun,amdus,amdun,amdus,amdun,amdus,amdun,amdus,amdun,amdus,amdun,amdus,amdun,amdus,amdun,amdus,amdun,amdus,amdun,amdus,amdun,amdus,amdun,amdus,amdun,amdus,amdun,amdus,amdun
khan1273,aspux,aspux,aspux,aspux,aspux,aspux,aspux,aspux,aspux,aspux,aspux,aspux,aspux,aspux,aspux,aspux,aspux,aspux,aspux,aspux,aspux,aspux,aspux,aspux,aspux,aspux,aspux,aspux,aspux,aspux,aspux,aspux
kiku1240,mwanawababam'uk'ur'u,mwanawababam'uk'ur'u,mwanawababamunyinyi,mwanawababamunyinyi,mwanawatata,mwanawatata,mwanawatata,mwanawatata,mwanawamama,mwanawamama,mwanawamama,mwanawamama,mwanawatata,mwanawatata,mwanawatata,mwanawatata,mwanawababam'uk'ur'u,mwanawababam'uk'ur'u,mwanawababamunyinyi,mwanawababamunyinyi,mwanawatata,mwanawatata,mwanawatata,mwanawatata,mwanawamama,mwanawamama,mwanawamama,mwanawamama,mwanawatata,mwanawatata,mwanawatata,mwanawatata
komc1235,wàynlùmsɨ̀nì,wàynlùmsɨ̀nì,wàynlùmsɨ̀nì,wàynlùmsɨ̀nì,wàynwàyn-nànì,wàynwàyn-nànì,wàynwàyn-nànì,wàynwàyn-nànì,wàynlùmsɨ̀nì,wàynlùmsɨ̀nì,wàynlùmsɨ̀nì,wàynlùmsɨ̀nì,wàynwàyn-nànì,wàynwàyn-nànì,wàynwàyn-nànì,wàynwàyn-nànì,wàynlùmsɨ̀nì,wàynlùmsɨ̀nì,wàynlùmsɨ̀nì,wàynlùmsɨ̀nì,wàynwàyn-nànì,wàynwàyn-nànì,wàynwàyn-nànì,wàynwàyn-nànì,wàynlùmsɨ̀nì,wàynlùmsɨ̀nì,wàynlùmsɨ̀nì,wàynlùmsɨ̀nì,wàynwàyn-nànì,wàynwàyn-nànì,wàynwàyn-nànì,wàynwàyn-nànì
komi1268,vogavok,vogavok,vogavok,vogavok,vogavok,vogavok,vogavok,vogavok,vogavok,vogavok,vogavok,vogavok,vogavok,vogavok,vogavok,vogavok,vogavok,vogavok,vogavok,vogavok,vogavok,vogavok,vogavok,vogavok,vogavok,vogavok,vogavok,vogavok,vogavok,vogavok,vogavok,vogavok
komo1260,aoa,aoa,aoa,aoa,ayane,ayane,ayane,ayane,auwani,ayane,auwani,ayane,aoa,aoa,aoa,aoa,aoa,aoa,aoa,aoa,ayane,ayane,ayane,ayane,auwani,ayane,auwani,ayane,aoa,aoa,aoa,aoa
kuka1246,katiwa,katiwa,katiwa,katiwa,ngarrumpa,ngarrumpa,ngarrumpa,ngarrumpa,ngarrumpa,ngarrumpa,ngarrumpa,ngarrumpa,katiwa,katiwa,katiwa,katiwa,katiwa,katiwa,katiwa,katiwa,ngarrumpa,ngarrumpa,ngarrumpa,ngarrumpa,ngarrumpa,ngarrumpa,ngarrumpa,ngarrumpa,katiwa,katiwa,katiwa,katiwa
kumy1244,уьзукъари,уьзукъари,уьзукъари,уьзукъари,уьзукъари,уьзукъари,уьзукъари,уьзукъари,уьзукъари,уьзукъари,уьзукъари,уьзукъари,уьзукъари,уьзукъари,уьзукъари,уьзукъари,уьзукъари,уьзукъари,уьзукъари,уьзукъари,уьзукъари,уьзукъари,уьзукъари,уьзукъари,уьзукъари,уьзукъари,уьзукъари,уьзукъари,уьзукъари,уьзукъари,уьзукъари,уьзукъари
kunz1243,vatsg-al,vatsg-al,vatsg-al,vatsg-al,vatsg-al,vatsg-al,vatsg-al,vatsg-al,vatsg-al,vatsg-al,vatsg-al,vatsg-al,vatsg-al,vatsg-al,vatsg-al,vatsg-al,vatsg-al,vatsg-al,vatsg-al,vatsg-al,vatsg-al,vatsg-al,vatsg-al,vatsg-al,vatsg-al,vatsg-al,vatsg-al,vatsg-al,vatsg-al,vatsg-al,vatsg-al,vatsg-al
kwas1243,miun,miun,miun,miun,miun,miun,miun,miun,miun,miun,miun,miun,miun,miun,miun,miun,miun,miun,miun,miun,miun,miun,miun,miun,miun,miun,miun,miun,miun,miun,miun,miun
lahn1241,pitrēr,pitrēr,pitrēr,pitrēr,phupphēr,phupphēr,phupphēr,phupphēr,môlēr,môlēr,môlēr,môlēr,masēr,masēr,masēr,masēr,pitrēr,pitrēr,pitrēr,pitrēr,phupphēr,phupphēr,phupphēr,phupphēr,môlēr,môlēr,môlēr,môlēr,masēr,masēr,masēr,masēr
lamb1271,inkasi,umukwasu,inkasi,umukwasu,umufyala,umufyala,umufyala,umufyala,umufyala,umufyala,umufyala,umufyala,inkasi,umukwasu,inkasi,umukwasu,inkasi,umukwasu,inkasi,umukwasu,umufyala,umufyala,umufyala,umufyala,umufyala,umufyala,umufyala,umufyala,inkasi,umukwasu,inkasi,umukwasu
lang1320,binamʊ,binamʊ,binamʊ,binamʊ,binamʊ,mwaniitu,binamʊ,mwaniitu,binamʊ,binamʊ,binamʊ,binamʊ,binamʊ,binamʊ,binamʊ,binamʊ,binamʊ,binamʊ,binamʊ,binamʊ,mwaniituaanyu,binamʊ,mwaniituaanyu,binamʊ,binamʊ,binamʊ,binamʊ,binamʊ,binamʊ,binamʊ,binamʊ,binamʊ
lati1261,sororpatruelis,fraterpatruelis,sororpatruelis,fraterpatruelis,amitina,amitinus,amitina,amitinus,consobrina,consobrinu,consobrina,consobrinu,consobrina,consobrinu,consobrina,consobrinu,sororpatruelis,fraterpatruelis,sororpatruelis,fraterpatruelis,amitina,amitinus,amitina,amitinus,consobrina,consobrinu,consobrina,consobrinu,consobrina,consobrinu,consobrina,consobrinu
latv1249,brālēns,brālēns,brālēns,brālēns,brālēns,brālēns,brālēns,brālēns,brālēns,brālēns,brālēns,brālēns,brālēns,brālēns,brālēns,brālēns,brālēns,brālēns,brālēns,brālēns,brālēns,brālēns,brālēns,brālēns,brālēns,brālēns,brālēns,brālēns,brālēns,brālēns,brālēns,brālēns
laua1243,weka,tuaka,weka,tachi,watchi,karua,watchi,karua,watchi,karua,watchi,karua,weka,tuaka,weka,tachi,tuaka,weka,tachi,weka,karua,watchi,karua,watchi,karua,watchi,karua,watchi,tuaka,weka,tachi,weka
leng1262,-yaɬiŋ,-yaɬiŋ,-yaɬiŋ,-yaɬiŋ,-yaɬiŋ,-yaɬiŋ,-yaɬiŋ,-yaɬiŋ,-yaɬiŋ,-yaɬiŋ,-yaɬiŋ,-yaɬiŋ,-yaɬiŋ,-yaɬiŋ,-yaɬiŋ,-yaɬiŋ,-yaɬiŋ,-yaɬiŋ,-yaɬiŋ,-yaɬiŋ,-yaɬiŋ,-yaɬiŋ,-yaɬiŋ,-yaɬiŋ,-yaɬiŋ,-yaɬiŋ,-yaɬiŋ,-yaɬiŋ,-yaɬiŋ,-yaɬiŋ,-yaɬiŋ,-yaɬiŋ
ling1263,ndeko,tatámokóló,ndeko,tatámokóló,ndeko,tatámokóló,ndeko,tatámokóló,ndeko,tatámokóló,ndeko,tatámokóló,ndeko,tatámokóló,ndeko,tatámokóló,ndeko,tatámokóló,ndeko,tatámokóló,ndeko,tatámokóló,ndeko,tatámokóló,ndeko,tatámokóló,ndeko,tatámokóló,ndeko,tatámokóló,ndeko,tatámokóló
lipa1241,сìt'cílà',cìkìsí,сìt'cílà',cìkìsí,сìt'cílà',cìkìsí,сìt'cílà',cìkìsí,сìt'cílà',cìkìsí,сìt'cílà',cìkìsí,сìt'cílà',cìkìsí,сìt'cílà',cìkìsí,сìt'cílà',cìkìsí,сìt'cílà',cìkìsí,сìt'cílà',cìkìsí,сìt'cílà',cìkìsí,сìt'cílà',cìkìsí,сìt'cílà',cìkìsí,сìt'cílà',cìkìsí,сìt'cílà',cìkìsí
lith1251,pusseserė,pusbrolis,pusseserė,pusbrolis,pusseserė,pusbrolis,pusseserė,pusbrolis,pusseserė,pusbrolis,pusseserė,pusbrolis,pusseserė,pusbrolis,pusseserė,pusbrolis,pusseserė,pusbrolis,pusseserė,pusbrolis,pusseserė,pusbrolis,pusseserė,pusbrolis,pusseserė,pusbrolis,pusseserė,pusbrolis,pusseserė,pusbrolis,pusseserė,pusbrolis
lozi1239,kaizeli,muhulwani,kaizeli,munyani,kaizeli,muhulwani,kaizeli,munyani,kaizeli,muhulwani,kaizeli,munyani,kaizeli,muhulwani,kaizeli,munyani,kaizeli,muhulwani,kaizeli,munyani,kaizeli,muhulwani,kaizeli,munyani,kaizeli,muhulwani,kaizeli,munyani,kaizeli,muhulwani,kaizeli,munyani
luba1249,muan'etu,muan'etu,muan'etu,muan'etu,muan'etu,muan'etu,muan'etu,muan'etu,muan'etu,muan'etu,muan'etu,muan'etu,muan'etu,muan'etu,muan'etu,muan'etu,muan'etu,muan'etu,muan'etu,muan'etu,muan'etu,muan'etu,muan'etu,muan'etu,muan'etu,muan'etu,muan'etu,muan'etu,muan'etu,muan'etu,muan'etu,muan'etu
lubu1243,suludunbebyai,suludunleyaki,kapingsan,kapingsan,suludunbebyai,suludunleyaki,kapingsan,kapingsan,suludunbebyai,suludunleyaki,kapingsan,kapingsan,suludunbebyai,suludunleyaki,kapingsan,kapingsan,suludunbebyai,suludunleyaki,kapingsan,kapingsan,suludunbebyai,suludunleyaki,kapingsan,kapingsan,suludunbebyai,suludunleyaki,kapingsan,kapingsan,suludunbebyai,suludunleyaki,kapingsan,kapingsan
lugu1238,lumbu,kulu,lumbu,kulu,mtani,mtani,mtani,mtani,mtani,mtani,mtani,mtani,lumbu,kulu,lumbu,kulu,kulu,lumbu,kulu,lumbu,mtani,mtani,mtani,mtani,mtani,mtani,mtani,mtani,kulu,lumbu,kulu,lumbu
maca1260,-elpik,-elpik,-elpik,-elpik,-elpik,-elpik,-elpik,-elpik,-elpik,-elpik,-elpik,-elpik,-elpik,-elpik,-elpik,-elpik,-ilpik,-ilpik,-ilpik,-ilpik,-ilpik,-ilpik,-ilpik,-ilpik,-ilpik,-ilpik,-ilpik,-ilpik,-ilpik,-ilpik,-ilpik,-ilpik
mace1250,bratučeda,bratučed,bratučeda,bratučed,bratučeda,bratučed,bratučeda,bratučed,bratučeda,bratučed,bratučeda,bratučed,bratučeda,bratučed,bratučeda,bratučed,bratučeda,bratučed,bratučeda,bratučed,bratučeda,bratučed,bratučeda,bratučed,bratučeda,bratučed,bratučeda,bratučed,bratučeda,bratučed,bratučeda,bratučed
macu1259,uwi,uwi,uwi,uwi,uwi,uwi,uwi,uwi,uwi,uwi,uwi,uwi,uwi,uwi,uwi,uwi,uwi,uwi,uwi,uwi,uwi,uwi,uwi,uwi,uwi,uwi,uwi,uwi,uwi,uwi,uwi,uwi
mait1250,pitiaut-bahan,pitiaut-bhai,pitiaut-bahan,pitiaut-bhai,pisiáutbahin,pisiáutbhāy,pisiáutbahin,pisiáutbhāy,mamiáutbahin,mamiáutbhāy,mamiáutbahin,mamiáutbhāy,masiáutbahin,masiáutbhāy,masiáutbahin,masiáutbhāy,pitiaut-bahan,pitiaut-bhai,pitiaut-bahan,pitiaut-bhai,pisiáutbahin,pisiáutbhāy,pisiáutbahin,pisiáutbhāy,mamiáutbahin,mamiáutbhāy,mamiáutbahin,mamiáutbhāy,masiáutbahin,masiáutbhāy,masiáutbahin,masiáutbhāy
mako1251,kakawalikola,kakawalikola,kakawalikola,kakawalikola,kakawalikola,kakawalikola,kakawalikola,kakawalikola,kakawalikola,kakawalikola,kakawalikola,kakawalikola,kakawalikola,kakawalikola,kakawalikola,kakawalikola,kakawalikola,kakawalikola,kakawalikola,kakawalikola,kakawalikola,kakawalikola,kakawalikola,kakawalikola,kakawalikola,kakawalikola,kakawalikola,kakawalikola,kakawalikola,kakawalikola,kakawalikola,kakawalikola
mala1479,adeksapu-pu,adeksapu-pu,adeksapu-pu,adeksapu-pu,adeksapu-pu,adeksapu-pu,adeksapu-pu,adeksapu-pu,adeksapu-pu,adeksapu-pu,adeksapu-pu,adeksapu-pu,adeksapu-pu,adeksapu-pu,adeksapu-pu,adeksapu-pu,adeksapu-pu,adeksapu-pu,adeksapu-pu,adeksapu-pu,adeksapu-pu,adeksapu-pu,adeksapu-pu,adeksapu-pu,adeksapu-pu,adeksapu-pu,adeksapu-pu,adeksapu-pu,adeksapu-pu,adeksapu-pu,adeksapu-pu,adeksapu-pu
mang1401,tue'ine,tuakana,tue'ine,teina,tue'ine,tuakana,tue'ine,teina,tue'ine,tuakana,tue'ine,teina,tue'ine,tuakana,tue'ine,teina,tuakana,tugane,teina,tugane,tuakana,tugane,teina,tugane,tuakana,tugane,teina,tugane,tuakana,tugane,teina,tugane
mans1258,sasɨɣ,sasɨɣ,sasɨɣ,sasɨɣ,sasɨɣ,sasɨɣ,sasɨɣ,sasɨɣ,sasɨɣ,sasɨɣ,sasɨɣ,sasɨɣ,sasɨɣ,sasɨɣ,sasɨɣ,sasɨɣ,sasɨɣ,sasɨɣ,sasɨɣ,sasɨɣ,sasɨɣ,sasɨɣ,sasɨɣ,sasɨɣ,sasɨɣ,sasɨɣ,sasɨɣ,sasɨɣ,sasɨɣ,sasɨɣ,sasɨɣ,sasɨɣ
mapu1245,mɨn̯a,mɨn̯a,mɨn̯a,mɨn̯a,mɨn̯a,mɨn̯a,mɨn̯a,mɨn̯a,mɨn̯a,mɨn̯a,mɨn̯a,mɨn̯a,mɨn̯a,mɨn̯a,mɨn̯a,mɨn̯a,mɨn̯a,mɨn̯a,mɨn̯a,mɨn̯a,mɨn̯a,mɨn̯a,mɨn̯a,mɨn̯a,mɨn̯a,mɨn̯a,mɨn̯a,mɨn̯a,mɨn̯a,mɨn̯a,mɨn̯a,mɨn̯a
maqu1238,waiɲe,waiɲe,waiɲe,waiɲe,waiɲe,waiɲe,waiɲe,waiɲe,waiɲe,waiɲe,waiɲe,waiɲe,waiɲe,waiɲe,waiɲe,waiɲe,waiɲe,waiɲe,waiɲe,waiɲe,waiɲe,waiɲe,waiɲe,waiɲe,waiɲe,waiɲe,waiɲe,waiɲe,waiɲe,waiɲe,waiɲe,waiɲe
mara1378,chulat-bahiṇa,chulat-bhāū,chulat-bahiṇa,chulat-bhāū,āte-bahiṇa,āte-bhāū,āte-bahiṇa,āte-bhāū,māme-bahiṇa,māme-bhāū,māme-bahiṇa,māme-bhāū,māus-bahiṇa,māwasbhāū,māus-bahiṇa,māwasbhāū,chulat-bahiṇa,chulat-bhāū,chulat-bahiṇa,chulat-bhāū,āte-bahiṇa,āte-bhāū,āte-bahiṇa,āte-bhāū,māme-bahiṇa,māme-bhāū,māme-bahiṇa,māme-bhāū,māus-bahiṇa,māwasbhāū,māus-bahiṇa,māwasbhāū
mart1256,marlanku,kurta,marlanku,kurta,makurnta,makurnta,makurnta,makurnta,makurnta,makurnta,makurnta,makurnta,marlanku,kurta,marlanku,kurta,marlanku,kurta,marlanku,kurta,makurnta,makurnta,makurnta,makurnta,makurnta,makurnta,makurnta,makurnta,marlanku,kurta,marlanku,kurta
masa1299,yaaya,yaaya,yaaya,yaaya,yaaya,yaaya,yaaya,yaaya,yaaya,yaaya,yaaya,yaaya,khi-khy-anyå-nyinå,khi-khy-anyå-nyinå,khi-khy-anyå-nyinå,khi-khy-anyå-nyinå,yaaya,yaaya,yaaya,yaaya,yaaya,yaaya,yaaya,yaaya,yaaya,yaaya,yaaya,yaaya,khi-khy-anyå-nyinå,khi-khy-anyå-nyinå,khi-khy-anyå-nyinå,khi-khy-anyå-nyinå
mash1270,hanɨrɨ,hanɨrɨ,hanɨrɨ,hanɨrɨ,hanɨrɨ,hanɨrɨ,hanɨrɨ,hanɨrɨ,hanɨrɨ,hanɨrɨ,hanɨrɨ,hanɨrɨ,hanɨrɨ,hanɨrɨ,hanɨrɨ,hanɨrɨ,hanɨrɨ,hanɨrɨ,hanɨrɨ,hanɨrɨ,hanɨrɨ,hanɨrɨ,hanɨrɨ,hanɨrɨ,hanɨrɨ,hanɨrɨ,hanɨrɨ,hanɨrɨ,hanɨrɨ,hanɨrɨ,hanɨrɨ,hanɨrɨ
mbal1257,gisoni,gisoni,gisoni,gisoni,gisoni,gisoni,gisoni,gisoni,gisoni,gisoni,gisoni,gisoni,gisoni,gisoni,gisoni,gisoni,gisoni,gisoni,gisoni,gisoni,gisoni,gisoni,gisoni,gisoni,gisoni,gisoni,gisoni,gisoni,gisoni,gisoni,gisoni,gisoni
mesc1238,cílà',cìkìs,cílà',cìkìs,cìɣóyé,cìkìs,cìɣóyé,cìkìs,cílà',cìkìs,cílà',cìkìs,cílà',cìkìs,cílà',cìkìs,cílà',cìkìs,cílà',cìkìs,cìɣóyé,cìkìs,cìɣóyé,cìkìs,cílà',cìkìs,cílà',cìkìs,cílà',cìkìs,cílà',cìkìs
mido1240,édí,édí,ánɟínássí,ánɟínúʃí,édí,édí,áɲɲínássí,áɲɲínúʃí,édí,édí,tízzínássí,tízzínúʃí,édí,édí,éŋéʃínássí,éŋéʃínúʃí,édí,édí,ánɟínássí,ánɟínúʃí,édí,édí,áɲɲínássí,áɲɲínúʃí,édí,édí,tízzínássí,tízzínúʃí,édí,édí,éŋéʃínássí,éŋéʃínúʃí
moco1246,l-ḳaya,l-ḳaya,l-ḳaya,l-ḳaya,l-ḳaya,l-ḳaya,l-ḳaya,l-ḳaya,l-ḳaya,l-ḳaya,l-ḳaya,l-ḳaya,l-ḳaya,l-ḳaya,l-ḳaya,l-ḳaya,l-ḳaya,l-ḳaya,l-ḳaya,l-ḳaya,l-ḳaya,l-ḳaya,l-ḳaya,l-ḳaya,l-ḳaya,l-ḳaya,l-ḳaya,l-ḳaya,l-ḳaya,l-ḳaya,l-ḳaya,l-ḳaya
mode1248,exadelphi,exadelphos,exadelphi,exadelphos,exadelphi,exadelphos,exadelphi,exadelphos,exadelphi,exadelphos,exadelphi,exadelphos,exadelphi,exadelphos,exadelphi,exadelphos,exadelphi,exadelphos,exadelphi,exadelphos,exadelphi,exadelphos,exadelphi,exadelphos,exadelphi,exadelphos,exadelphi,exadelphos,exadelphi,exadelphos,exadelphi,exadelphos
mokp1239,ndomé,mwanyango,ndomé,mwanyango,ndomé,mwanyango,ndomé,mwanyango,mola,mwanyango,mola,mwanyango,mola,mwanyango,mola,mwanyango,mwanyango,ndomé,mwanyango,ndomé,mwanyango,ndomé,mwanyango,ndomé,mola,ndomé,mola,ndomé,mola,ndomé,mola,ndomé
mong1338,nkåna,botomolo,nkåna,bokume,nkaneomoto,nkaneomoto,nkaneomoto,nkaneomoto,bona,bona,bona,bona,nkaneomoto,nkaneomoto,nkaneomoto,nkaneomoto,nkåna,botomolo,nkåna,bokume,nkaneomoto,nkaneomoto,nkaneomoto,nkaneomoto,bona,bona,bona,bona,nkaneomoto,nkaneomoto,nkaneomoto,nkaneomoto
mpuo1241,util,util,util,util,util,util,util,util,util,util,util,util,util,util,util,util,util,util,util,util,util,util,util,util,util,util,util,util,util,util,util,util
nege1244,gizin,gizin,gizin,gizin,gizin,gizin,gizin,gizin,gizin,gizin,gizin,gizin,gizin,gizin,gizin,gizin,gizin,gizin,gizin,gizin,gizin,gizin,gizin,gizin,gizin,gizin,gizin,gizin,gizin,gizin,gizin,gizin
nepa1254,dīdī,daju,baihīnī,bhāī,dīdī,daju,baihīnī,bhāī,dīdī,dāzū,baihīnī,dāzū,dīdī,daju,baihīnī,mused-bhai,dīdī,daju,baihīnī,bhāī,dīdī,daju,baihīnī,bhāī,dīdī,dāzū,baihīnī,dāzū,dīdī,daju,baihīnī,mused-bhai
ngul1246,lumbu,mkulu,lumbu,mkulu,lumbu,mkulu,lumbu,mkulu,lumbu,mkulu,lumbu,mkulu,lumbu,mkulu,lumbu,mkulu,mkulu,lumbu,mkulu,lumbu,mkulu,lumbu,mkulu,lumbu,mkulu,lumbu,mkulu,lumbu,mkulu,lumbu,mkulu,lumbu
nhan1238,kaga,kaga,kaga,kaga,kaga,kaga,kaga,kaga,kaga,kaga,kaga,kaga,kaga,kaga,kaga,kaga,kaga,kaga,kaga,kaga,kaga,kaga,kaga,kaga,kaga,kaga,kaga,kaga,kaga,kaga,kaga,kaga
nina1238,heli-ye,heli-ye,heli-ye,heli-ye,heli-ye,heli-ye,heli-ye,heli-ye,heli-ye,heli-ye,heli-ye,heli-ye,heli-ye,heli-ye,heli-ye,heli-ye,heli-ye,heli-ye,heli-ye,heli-ye,heli-ye,heli-ye,heli-ye,heli-ye,heli-ye,heli-ye,heli-ye,heli-ye,heli-ye,heli-ye,heli-ye,heli-ye
niue1239,mahakainaga,taokete,mahakainaga,tehina,mahakainaga,taokete,mahakainaga,tehina,mahakainaga,taokete,mahakainaga,tehina,mahakainaga,taokete,mahakainaga,tehina,taokete,mahakainaga,tehina,mahakainaga,taokete,mahakainaga,tehina,mahakainaga,taokete,mahakainaga,tehina,mahakainaga,taokete,mahakainaga,tehina,mahakainaga
niva1238,-čˀiniš,-čˀiniš,-čˀiniš,-čˀiniš,-čˀiniš,-čˀiniš,-čˀiniš,-čˀiniš,-čˀiniš,-čˀiniš,-čˀiniš,-čˀiniš,-čˀiniš,-čˀiniš,-čˀiniš,-čˀiniš,-čˀiniš,-čˀiniš,-čˀiniš,-čˀiniš,-čˀiniš,-čˀiniš,-čˀiniš,-čˀiniš,-čˀiniš,-čˀiniš,-čˀiniš,-čˀiniš,-čˀiniš,-čˀiniš,-čˀiniš,-čˀiniš
noga1249,аркалдас,аркалдас,аркалдас,аркалдас,аркалдас,аркалдас,аркалдас,аркалдас,аркалдас,аркалдас,аркалдас,аркалдас,аркалдас,аркалдас,аркалдас,аркалдас,аркалдас,аркалдас,аркалдас,аркалдас,аркалдас,аркалдас,аркалдас,аркалдас,аркалдас,аркалдас,аркалдас,аркалдас,аркалдас,аркалдас,аркалдас,аркалдас
nort1551,amá',bābí'i,böní'i,bañá'a,amá',bābí'i,böní'i,bañá'a,amá',bābí'i,böní'i,bañá'a,amá',bābí'i,böní'i,bañá'a,amá',bābí'i,böní'i,bañá'a,amá',bābí'i,böní'i,bañá'a,amá',bābí'i,böní'i,bañá'a,amá',bābí'i,böní'i,bañá'a
nort2641,dotmam,pismam,dotmam,pismam,keçmetî,kûrêmetî,keçmetî,kûrêmetî,dotxal,pisxal,dotxal,pisxal,dotxolat,pisxolat,dotxolat,pisxolat,dotmam,pismam,dotmam,pismam,keçmetî,kûrêmetî,keçmetî,kûrêmetî,dotxal,pisxal,dotxal,pisxal,dotxolat,pisxolat,dotxolat,pisxolat
nort2671,oɑmbeɑlli,oɑmbeɑlli,oɑmbeɑlli,oɑmbeɑlli,oɑmbeɑlli,oɑmbeɑlli,oɑmbeɑlli,oɑmbeɑlli,oɑmbeɑlli,oɑmbeɑlli,oɑmbeɑlli,oɑmbeɑlli,oɑmbeɑlli,oɑmbeɑlli,oɑmbeɑlli,oɑmbeɑlli,oɑmbeɑlli,oɑmbeɑlli,oɑmbeɑlli,oɑmbeɑlli,oɑmbeɑlli,oɑmbeɑlli,oɑmbeɑlli,oɑmbeɑlli,oɑmbeɑlli,oɑmbeɑlli,oɑmbeɑlli,oɑmbeɑlli,oɑmbeɑlli,oɑmbeɑlli,oɑmbeɑlli,oɑmbeɑlli
nort2697,emioglu,emioglu,emioglu,emioglu,emioglu,emioglu,emioglu,emioglu,emioglu,emioglu,emioglu,emioglu,emioglu,emioglu,emioglu,emioglu,emioglu,emioglu,emioglu,emioglu,emioglu,emioglu,emioglu,emioglu,emioglu,emioglu,emioglu,emioglu,emioglu,emioglu,emioglu,emioglu
nort2845,tuehine,tuaana,tuehine,teina,tuehine,tuaana,tuehine,teina,tuehine,tuaana,tuehine,teina,tuehine,tuaana,tuehine,teina,tuaana,tunane,teina,tunane,tuaana,tunane,teina,tunane,tuaana,tunane,teina,tunane,tuaana,tunane,teina,tunane
nort2942,ełedә́ke,ełechileke,ełedә́ke,ełechileke,ełedә́ke,ełechileke,ełedә́ke,ełechileke,ełedә́ke,ełechileke,ełedә́ke,ełechileke,ełedә́ke,ełechileke,ełedә́ke,ełechileke,ełedә́ke,ełechileke,ełedә́ke,ełechileke,ełedә́ke,ełechileke,ełedә́ke,ełechileke,ełedә́ke,ełechileke,ełedә́ke,ełechileke,ełedә́ke,ełechileke,ełedә́ke,ełechileke
nort2952,etim,gusum,etim,gusum,posim,posim,posim,posim,posim,posim,posim,posim,etim,gusum,etim,gusum,etim,gusum,etim,gusum,posim,posim,posim,posim,posim,posim,posim,posim,etim,gusum,etim,gusum
nort2972,ǰaba-kau,ǰaba-kau,ǰaba-kau,ǰaba-kau,ǰaba-kau,ǰaba-kau,ǰaba-kau,ǰaba-kau,ǰaba-kau,ǰaba-kau,ǰaba-kau,ǰaba-kau,ǰaba-kau,ǰaba-kau,ǰaba-kau,ǰaba-kau,ǰaba-kau,ǰaba-kau,ǰaba-kau,ǰaba-kau,ǰaba-kau,ǰaba-kau,ǰaba-kau,ǰaba-kau,ǰaba-kau,ǰaba-kau,ǰaba-kau,ǰaba-kau,ǰaba-kau,ǰaba-kau,ǰaba-kau,ǰaba-kau
norw1259,kusine,fetter,kusine,fetter,kusine,fetter,kusine,fetter,kusine,fetter,kusine,fetter,kusine,fetter,kusine,fetter,kusine,fetter,kusine,fetter,kusine,fetter,kusine,fetter,kusine,fetter,kusine,fetter,kusine,fetter,kusine,fetter
nucl1235,horełborałǰik,horełbortła,horełborałǰik,horełbortła,horak'roǰałǰik,horak'roǰtła,horak'roǰałǰik,horak'roǰtła,k'eruałǰik,k'erutła,k'eruałǰik,k'erutła,morak'roǰałǰik,morak'roǰtła,morak'roǰałǰik,morak'roǰtła,horełborałǰik,horełbortła,horełborałǰik,horełbortła,horak'roǰałǰik,horak'roǰtła,horak'roǰałǰik,horak'roǰtła,k'eruałǰik,k'erutła,k'eruałǰik,k'erutła,morak'roǰałǰik,morak'roǰtła,morak'roǰałǰik,morak'roǰtła
nucl1643,itoko,itoko,itoko,itoko,itoko,itoko,itoko,itoko,itoko,itoko,itoko,itoko,itoko,itoko,itoko,itoko,itoko,itoko,itoko,itoko,itoko,itoko,itoko,itoko,itoko,itoko,itoko,itoko,itoko,itoko,itoko,itoko
nucl1649,oʔos,oʔos,oʔos,oʔos,oʔos,oʔos,oʔos,oʔos,oʔos,oʔos,oʔos,oʔos,oʔos,oʔos,oʔos,oʔos,oʔos,oʔos,oʔos,oʔos,oʔos,oʔos,oʔos,oʔos,oʔos,oʔos,oʔos,oʔos,oʔos,oʔos,oʔos,oʔos
nyor1246,munyanya,mwene,munyanya,mwene,mwhiwha,mwhiwha,mwhiwha,mwhiwha,nyinento,nyinarumi,nyinento,nyinarumi,omwanananyinento,omwanananyinento,omwanananyinento,omwanananyinento,nyaka,munyanya,nyaka,munyanya,nyinaento,mwhiwha,nyinaento,mwhiwha,nyinento,nyinarumi,nyinento,nyinarumi,omwanananyinento,omwanananyinento,omwanananyinento,omwanananyinento
oduu1239,tâjkɛ̂:n,tâjkɛ̂:n,tâjkɛ̂:n,tâjkɛ̂:n,tâjkɛ̂:n,tâjkɛ̂:n,tâjkɛ̂:n,tâjkɛ̂:n,tâjkɛ̂:n,tâjkɛ̂:n,tâjkɛ̂:n,tâjkɛ̂:n,tâjkɛ̂:n,tâjkɛ̂:n,tâjkɛ̂:n,tâjkɛ̂:n,tâjkɛ̂:n,tâjkɛ̂:n,tâjkɛ̂:n,tâjkɛ̂:n,tâjkɛ̂:n,tâjkɛ̂:n,tâjkɛ̂:n,tâjkɛ̂:n,tâjkɛ̂:n,tâjkɛ̂:n,tâjkɛ̂:n,tâjkɛ̂:n,tâjkɛ̂:n,tâjkɛ̂:n,tâjkɛ̂:n,tâjkɛ̂:n
olda1245,bar-dādā,bar-dādā,bar-dādā,bar-dādā,bar-dādā,bar-dādā,bar-dādā,bar-dādā,bar-dādā,bar-dādā,bar-dādā,bar-dādā,bar-dādā,bar-dādā,bar-dādā,bar-dādā,bar-dādā,bar-dādā,bar-dādā,bar-dādā,bar-dādā,bar-dādā,bar-dādā,bar-dādā,bar-dādā,bar-dādā,bar-dādā,bar-dādā,bar-dādā,bar-dādā,bar-dādā,bar-dādā
oldh1241,fetirun-sun,fetirun-sun,fetirun-sun,fetirun-sun,fetirun-sun,fetirun-sun,fetirun-sun,fetirun-sun,fetirun-sun,fetirun-sun,fetirun-sun,fetirun-sun,fetirun-sun,fetirun-sun,fetirun-sun,fetirun-sun,fetirun-sun,fetirun-sun,fetirun-sun,fetirun-sun,fetirun-sun,fetirun-sun,fetirun-sun,fetirun-sun,fetirun-sun,fetirun-sun,fetirun-sun,fetirun-sun,fetirun-sun,fetirun-sun,fetirun-sun,fetirun-sun
oldn1244,brœðrungr,brœðrungr,brœðrungr,brœðrungr,brœðrungr,brœðrungr,brœðrungr,brœðrungr,brœðrungr,brœðrungr,brœðrungr,brœðrungr,brœðrungr,brœðrungr,brœðrungr,brœðrungr,brœðrungr,brœðrungr,brœðrungr,brœðrungr,brœðrungr,brœðrungr,brœðrungr,brœðrungr,brœðrungr,brœðrungr,brœðrungr,brœðrungr,brœðrungr,brœðrungr,brœðrungr,brœðrungr
oldr1238,stryjechka,stryjchichi,stryjechka,stryjchichi,stryjechka,stryjchichi,stryjechka,stryjchichi,ujéchka,ujéts,ujéchka,ujéts,ujéchka,ujéts,ujéchka,ujéts,stryjechka,stryjchichi,stryjechka,stryjchichi,stryjechka,stryjchichi,stryjechka,stryjchichi,ujéchka,ujéts,ujéchka,ujéts,ujéchka,ujéts,ujéchka,ujéts
onaa1245,ḳayin,ḳayin,ḳayin,ḳayin,ḳayin,ḳayin,ḳayin,ḳayin,ḳayin,ḳayin,ḳayin,ḳayin,ḳayin,ḳayin,ḳayin,ḳayin,ḳayin,ḳayin,ḳayin,ḳayin,ḳayin,ḳayin,ḳayin,ḳayin,ḳayin,ḳayin,ḳayin,ḳayin,ḳayin,ḳayin,ḳayin,ḳayin
onto1237,'ave,ɧaŋau,'ave,ɧaŋau,'ave,ɧaŋau,'ave,ɧaŋau,'ave,ɧaŋau,'ave,ɧaŋau,'ave,ɧaŋau,'ave,ɧaŋau,ɧaŋau,'ave,ɧaŋau,'ave,ɧaŋau,'ave,ɧaŋau,'ave,ɧaŋau,'ave,ɧaŋau,'ave,ɧaŋau,'ave,ɧaŋau,'ave
opat1246,maguât,maguât,maguât,maguât,maguât,maguât,maguât,maguât,maguât,maguât,maguât,maguât,maguât,maguât,maguât,maguât,maguât,maguât,maguât,maguât,maguât,maguât,maguât,maguât,maguât,maguât,maguât,maguât,maguât,maguât,maguât,maguât
oriy1255,daddai-zia-bhauni,daddaipuvabhai,kakkoi-zia-bhauni,kakkoipuvabhai,piusi-zia-bhauni,pivasi-puva-bhai,piusi-zia-bhauni,pivasi-puva-bhai,mamo-zia-bhauni,mamo-puva-bhai,mamo-zia-bhauni,mamo-puva-bhai,mausi-zia-bhauni,mausi-puva-bhai,mausi-zia-bhauni,mausi-puva-bhai,daddai-zia-bhauni,daddaipuvabhai,kakkoi-zia-bhauni,kakkoipuvabhai,piusi-zia-bhauni,pivasi-puva-bhai,piusi-zia-bhauni,pivasi-puva-bhai,mamo-zia-bhauni,mamo-puva-bhai,mamo-zia-bhauni,mamo-puva-bhai,mausi-zia-bhauni,mausi-puva-bhai,mausi-zia-bhauni,mausi-puva-bhai
osse1243,dyuuææfsymæryzænæg,dyuuææfsymæryzænæg,dyuuææfsymæryzænæg,dyuuææfsymæryzænæg,khoæmææfsymæryzænæg,khoæmææfsymæryzænæg,khoæmææfsymæryzænæg,khoæmææfsymæryzænæg,khoæmææfsymæryzænæg,khoæmææfsymæryzænæg,khoæmææfsymæryzænæg,khoæmææfsymæryzænæg,dyuuækhoiyzænæg,dyuuækhoiyzænæg,dyuuækhoiyzænæg,dyuuækhoiyzænæg,dyuuææfsymæryzænæg,dyuuææfsymæryzænæg,dyuuææfsymæryzænæg,dyuuææfsymæryzænæg,khoæmææfsymæryzænæg,khoæmææfsymæryzænæg,khoæmææfsymæryzænæg,khoæmææfsymæryzænæg,khoæmææfsymæryzænæg,khoæmææfsymæryzænæg,khoæmææfsymæryzænæg,khoæmææfsymæryzænæg,dyuuækhoiyzænæg,dyuuækhoiyzænæg,dyuuækhoiyzænæg,dyuuækhoiyzænæg
paez1247,yakh-thẽʔh,yakh-thẽʔh,yakh-thẽʔh,yakh-thẽʔh,yakh-thẽʔh,yakh-thẽʔh,yakh-thẽʔh,yakh-thẽʔh,yakh-thẽʔh,yakh-thẽʔh,yakh-thẽʔh,yakh-thẽʔh,yakh-thẽʔh,yakh-thẽʔh,yakh-thẽʔh,yakh-thẽʔh,yakh-thẽʔh,yakh-thẽʔh,yakh-thẽʔh,yakh-thẽʔh,yakh-thẽʔh,yakh-thẽʔh,yakh-thẽʔh,yakh-thẽʔh,yakh-thẽʔh,yakh-thẽʔh,yakh-thẽʔh,yakh-thẽʔh,yakh-thẽʔh,yakh-thẽʔh,yakh-thẽʔh,yakh-thẽʔh
pana1305,samoppu,papi,samoppu,tami,samoppu,papi,samoppu,tami,samoppu,papi,samoppu,tami,samoppu,papi,samoppu,tami,samoppu,papi,samoppu,tami,samoppu,papi,samoppu,tami,samoppu,papi,samoppu,tami,samoppu,papi,samoppu,tami
panj1256,caceriipàìn,caceraapràà,caceriipàìn,caceraapràà,phupheriipàìn,phupheraapràà,phupheriipàìn,phupheraapràà,mameriipàìn,mameraapràà,mameriipàìn,mameraapràà,maseriipàìn,maseraapràà,maseriipàìn,maseraapràà,caceriipàìn,caceraapràà,caceriipàìn,caceraapràà,phupheriipàìn,phupheraapràà,phupheriipàìn,phupheraapràà,mameriipàìn,mameraapràà,mameriipàìn,mameraapràà,maseriipàìn,maseraapràà,maseriipàìn,maseraapràà
para1311,sɨkɨpɨʔɨ-meᵐbɨ,sɨkɨpɨʔɨ-meᵐbɨ,sɨkɨpɨʔɨ-meᵐbɨ,sɨkɨpɨʔɨ-meᵐbɨ,sɨkɨpɨʔɨ-meᵐbɨ,sɨkɨpɨʔɨ-meᵐbɨ,sɨkɨpɨʔɨ-meᵐbɨ,sɨkɨpɨʔɨ-meᵐbɨ,sɨkɨpɨʔɨ-meᵐbɨ,sɨkɨpɨʔɨ-meᵐbɨ,sɨkɨpɨʔɨ-meᵐbɨ,sɨkɨpɨʔɨ-meᵐbɨ,sɨkɨpɨʔɨ-meᵐbɨ,sɨkɨpɨʔɨ-meᵐbɨ,sɨkɨpɨʔɨ-meᵐbɨ,sɨkɨpɨʔɨ-meᵐbɨ,sɨkɨpɨʔɨ-meᵐbɨ,sɨkɨpɨʔɨ-meᵐbɨ,sɨkɨpɨʔɨ-meᵐbɨ,sɨkɨpɨʔɨ-meᵐbɨ,sɨkɨpɨʔɨ-meᵐbɨ,sɨkɨpɨʔɨ-meᵐbɨ,sɨkɨpɨʔɨ-meᵐbɨ,sɨkɨpɨʔɨ-meᵐbɨ,sɨkɨpɨʔɨ-meᵐbɨ,sɨkɨpɨʔɨ-meᵐbɨ,sɨkɨpɨʔɨ-meᵐbɨ,sɨkɨpɨʔɨ-meᵐbɨ,sɨkɨpɨʔɨ-meᵐbɨ,sɨkɨpɨʔɨ-meᵐbɨ,sɨkɨpɨʔɨ-meᵐbɨ,sɨkɨpɨʔɨ-meᵐbɨ
pash1269,kakáloer,tarbúr,kakáloer,tarbúr,ploranaiyétèrprā,tarbúr,ploranaiyétèrprā,tarbúr,nyoiyelīr,nyoiyezyai,nyoiyelīr,nyoiyezyai,mèranaiyétèrprā,mèranaitèrpir,mèranaiyétèrprā,mèranaitèrpir,kakáloer,tarbúr,kakáloer,tarbúr,ploranaiyétèrprā,tarbúr,ploranaiyétèrprā,tarbúr,nyoiyelīr,nyoiyezyai,nyoiyelīr,nyoiyezyai,mèranaiyétèrprā,mèranaitèrpir,mèranaiyétèrprā,mèranaitèrpir
penr1237,tuahine,tuakana,tuahine,teina,tuahine,tuakana,tuahine,teina,tuahine,tuakana,tuahine,teina,tuahine,tuakana,tuahine,teina,tuakana,tuangaane,teina,tuangaane,tuakana,tuangaane,teina,tuangaane,tuakana,tuangaane,teina,tuangaane,tuakana,tuangaane,teina,tuangaane
phai1238,khuanńjaj,khuanńjaj,khuanńjaj,khuanńjaj,khuanńjaj,khuanńjaj,khuanńjaj,khuanńjaj,khuanńjaj,khuanńjaj,khuanńjaj,khuanńjaj,khuanńjaj,khuanńjaj,khuanńjaj,khuanńjaj,khuanńjaj,khuanńjaj,khuanńjaj,khuanńjaj,khuanńjaj,khuanńjaj,khuanńjaj,khuanńjaj,khuanńjaj,khuanńjaj,khuanńjaj,khuanńjaj,khuanńjaj,khuanńjaj,khuanńjaj,khuanńjaj
phen1239,m'mue,m'mue,m'mue,m'mue,isoni,m'mue,isoni,m'mue,isoni,isoni,isoni,isoni,m'mue,m'mue,m'mue,m'mue,m'mue,m'mue,m'mue,m'mue,isoni,m'mue,isoni,m'mue,isoni,isoni,isoni,isoni,m'mue,m'mue,m'mue,m'mue
pila1245,l-a'ḳaya,l-a'ḳaya,l-a'ḳaya,l-a'ḳaya,l-a'ḳaya,l-a'ḳaya,l-a'ḳaya,l-a'ḳaya,l-a'ḳaya,l-a'ḳaya,l-a'ḳaya,l-a'ḳaya,l-a'ḳaya,l-a'ḳaya,l-a'ḳaya,l-a'ḳaya,l-a'ḳaya,l-a'ḳaya,l-a'ḳaya,l-a'ḳaya,l-a'ḳaya,l-a'ḳaya,l-a'ḳaya,l-a'ḳaya,l-a'ḳaya,l-a'ḳaya,l-a'ḳaya,l-a'ḳaya,l-a'ḳaya,l-a'ḳaya,l-a'ḳaya,l-a'ḳaya
pitt1247,kaku,thithi,kaku,thithi,tyarta,yarnti,tyarta,yarnti,tyarta,yarnti,tyarta,yarnti,kaku,thithi,kaku,thithi,kaku,thithi,kaku,thithi,tyarta,yarnti,tyarta,yarnti,tyarta,yarnti,tyarta,yarnti,kaku,thithi,kaku,thithi
polc1243,yees,yees,yees,yees,yees,yees,yees,yees,yees,yees,yees,yees,yees,yees,yees,yees,yees,yees,yees,yees,yees,yees,yees,yees,yees,yees,yees,yees,yees,yees,yees,yees
poli1260,siostrastryjeczna,bratstryjeczny,siostrastryjeczna,bratstryjeczny,ciotecznasiostrazestronyojca,ciotecznybratzestronyojca,ciotecznasiostrazestronyojca,ciotecznybratzestronyojca,siostrawujeczna,bratwujeczny,siostrawujeczna,bratwujeczny,siostracioteczna,bratcioteczny,siostracioteczna,bratcioteczny,siostrastryjeczna,bratstryjeczny,siostrastryjeczna,bratstryjeczny,ciotecznasiostrazestronyojca,ciotecznybratzestronyojca,ciotecznasiostrazestronyojca,ciotecznybratzestronyojca,siostrawujeczna,bratwujeczny,siostrawujeczna,bratwujeczny,siostracioteczna,bratcioteczny,siostracioteczna,bratcioteczny
port1283,prima,primo,prima,primo,prima,primo,prima,primo,prima,primo,prima,primo,prima,primo,prima,primo,prima,primo,prima,primo,prima,primo,prima,primo,prima,primo,prima,primo,prima,primo,prima,primo
puel1244,kɨnɨ,kɨnɨ,kɨnɨ,kɨnɨ,kɨnɨ,kɨnɨ,kɨnɨ,kɨnɨ,kɨnɨ,kɨnɨ,kɨnɨ,kɨnɨ,kɨnɨ,kɨnɨ,kɨnɨ,kɨnɨ,kɨnɨ,kɨnɨ,kɨnɨ,kɨnɨ,kɨnɨ,kɨnɨ,kɨnɨ,kɨnɨ,kɨnɨ,kɨnɨ,kɨnɨ,kɨnɨ,kɨnɨ,kɨnɨ,kɨnɨ,kɨnɨ
pume1238,o-mẽ,o-mẽ,o-mẽ,o-mẽ,o-mẽ,o-mẽ,o-mẽ,o-mẽ,o-mẽ,o-mẽ,o-mẽ,o-mẽ,o-mẽ,o-mẽ,o-mẽ,o-mẽ,o-mẽ,o-mẽ,o-mẽ,o-mẽ,o-mẽ,o-mẽ,o-mẽ,o-mẽ,o-mẽ,o-mẽ,o-mẽ,o-mẽ,o-mẽ,o-mẽ,o-mẽ,o-mẽ
qawa1238,yerwasḳe,yerwasḳe,yerwasḳe,yerwasḳe,yerwasḳe,yerwasḳe,yerwasḳe,yerwasḳe,yerwasḳe,yerwasḳe,yerwasḳe,yerwasḳe,yerwasḳe,yerwasḳe,yerwasḳe,yerwasḳe,yerwasḳe,yerwasḳe,yerwasḳe,yerwasḳe,yerwasḳe,yerwasḳe,yerwasḳe,yerwasḳe,yerwasḳe,yerwasḳe,yerwasḳe,yerwasḳe,yerwasḳe,yerwasḳe,yerwasḳe,yerwasḳe
rapa1244,tuakana,tuakana,taina,taina,tuakana,tuakana,taina,taina,tuakana,tuakana,taina,taina,tuakana,tuakana,taina,taina,tuakana,tuakana,taina,taina,tuakana,tuakana,taina,taina,tuakana,tuakana,taina,taina,tuakana,tuakana,taina,taina
roma1327,varǎ,vǎr,varǎ,vǎr,varǎ,vǎr,varǎ,vǎr,varǎ,vǎr,varǎ,vǎr,varǎ,vǎr,varǎ,vǎr,varǎ,vǎr,varǎ,vǎr,varǎ,vǎr,varǎ,vǎr,varǎ,vǎr,varǎ,vǎr,varǎ,vǎr,varǎ,vǎr
rotu1241,saghoni,sasigi,saghoni,sasigi,saghoni,sasigi,saghoni,sasigi,saghoni,sasigi,saghoni,sasigi,saghoni,sasigi,saghoni,sasigi,sasigi,sag'veveni,sasigi,sag'veveni,sasigi,sag'veveni,sasigi,sag'veveni,sasigi,sag'veveni,sasigi,sag'veveni,sasigi,sag'veveni,sasigi,sag'veveni
rund1242,mushikâcu,mwéne-dåtá-wåcu,mushikâcu,mwéne-dåtá-wåcu,muvyâranje,muvyâranje,muvyâranje,muvyâranje,muvyâranje,muvyâranje,muvyâranje,muvyâranje,mushikanje,mwéne-måmá-wåcu,mushikanje,mwéne-måmá-wåcu,mwéne-dåtá-wåcu,musâzâcu,mwéne-dåtá-wåcu,musâzâcu,muvyâranje,muvyâranje,muvyâranje,muvyâranje,muvyâranje,muvyâranje,muvyâranje,muvyâranje,mwéne-måmá-wåcu,mwéne-måmá-wåcu,mwéne-måmá-wåcu,mwéne-måmá-wåcu
russ1263,dvojúrodnajasestrá,dvojúrodnyjbrat,dvojúrodnajasestrá,dvojúrodnyjbrat,dvojúrodnajasestrá,dvojúrodnyjbrat,dvojúrodnajasestrá,dvojúrodnyjbrat,dvojúrodnajasestrá,dvojúrodnyjbrat,dvojúrodnajasestrá,dvojúrodnyjbrat,dvojúrodnajasestrá,dvojúrodnyjbrat,dvojúrodnajasestrá,dvojúrodnyjbrat,dvojúrodnajasestrá,dvojúrodnyjbrat,dvojúrodnajasestrá,dvojúrodnyjbrat,dvojúrodnajasestrá,dvojúrodnyjbrat,dvojúrodnajasestrá,dvojúrodnyjbrat,dvojúrodnajasestrá,dvojúrodnyjbrat,dvojúrodnajasestrá,dvojúrodnyjbrat,dvojúrodnajasestrá,dvojúrodnyjbrat,dvojúrodnajasestrá,dvojúrodnyjbrat
saka1287,bwå,bwå,bwå,bwå,bwå,bwå,bwå,bwå,bwå,bwå,bwå,bwå,bwå,bwå,bwå,bwå,bwå,bwå,bwå,bwå,bwå,bwå,bwå,bwå,bwå,bwå,bwå,bwå,bwå,bwå,bwå,bwå
samo1305,tuafafine,uso,tuafafine,uso,tuafafine,uso,tuafafine,uso,tuafafine,uso,tuafafine,uso,tuafafine,uso,tuafafine,uso,uso,tuagane,uso,tuagane,uso,tuagane,uso,tuagane,uso,tuagane,uso,tuagane,uso,tuagane,uso,tuagane
sana1298,nentemeemeŋyaaɬeŋˀ,nentemeemeŋyaaɬeŋˀ,nentemeemeŋyaaɬeŋˀ,nentemeemeŋyaaɬeŋˀ,nentemeemeŋyaaɬeŋˀ,nentemeemeŋyaaɬeŋˀ,nentemeemeŋyaaɬeŋˀ,nentemeemeŋyaaɬeŋˀ,nentemeemeŋyaaɬeŋˀ,nentemeemeŋyaaɬeŋˀ,nentemeemeŋyaaɬeŋˀ,nentemeemeŋyaaɬeŋˀ,nentemeemeŋyaaɬeŋˀ,nentemeemeŋyaaɬeŋˀ,nentemeemeŋyaaɬeŋˀ,nentemeemeŋyaaɬeŋˀ,nentemeemeŋyaaɬeŋˀ,nentemeemeŋyaaɬeŋˀ,nentemeemeŋyaaɬeŋˀ,nentemeemeŋyaaɬeŋˀ,nentemeemeŋyaaɬeŋˀ,nentemeemeŋyaaɬeŋˀ,nentemeemeŋyaaɬeŋˀ,nentemeemeŋyaaɬeŋˀ,nentemeemeŋyaaɬeŋˀ,nentemeemeŋyaaɬeŋˀ,nentemeemeŋyaaɬeŋˀ,nentemeemeŋyaaɬeŋˀ,nentemeemeŋyaaɬeŋˀ,nentemeemeŋyaaɬeŋˀ,nentemeemeŋyaaɬeŋˀ,nentemeemeŋyaaɬeŋˀ
sans1269,bhaginī,bhrātṛ,bhaginī,bhrātṛ,pitṛṣvasrīya,bhrātṛ,pitṛṣvasrīya,bhrātṛ,svasṛ,bhrātṛ,svasṛ,bhrātṛ,svasṛ,mātṛṣvasrīya,svasṛ,mātṛṣvasrīya,bhaginī,bhrātṛ,bhaginī,bhrātṛ,pitṛṣvasrīya,bhrātṛ,pitṛṣvasrīya,bhrātṛ,svasṛ,bhrātṛ,svasṛ,bhrātṛ,svasṛ,mātṛṣvasrīya,svasṛ,mātṛṣvasrīya
sans1272,mwanaangwaankaji,mwanaangwaankaji,mwanaangwaankaji,mwanaangwaankaji,mwanaangwaankaji,mwanaangwaankaji,mwanaangwaankaji,mwanaangwaankaji,mwanaangwaankaji,mwanaangwaankaji,mwanaangwaankaji,mwanaangwaankaji,mwanaangwaankaji,mwanaangwaankaji,mwanaangwaankaji,mwanaangwaankaji,mwanaangwaankaji,mwanaangwaankaji,mwanaangwaankaji,mwanaangwaankaji,mwanaangwaankaji,mwanaangwaankaji,mwanaangwaankaji,mwanaangwaankaji,mwanaangwaankaji,mwanaangwaankaji,mwanaangwaankaji,mwanaangwaankaji,mwanaangwaankaji,mwanaangwaankaji,mwanaangwaankaji,mwanaangwaankaji
sard1257,sorrasta,fradile,sorrasta,fradile,sorrasta,fradile,sorrasta,fradile,sorrasta,fradile,sorrasta,fradile,sorrasta,fradile,sorrasta,fradile,sorrasta,fradile,sorrasta,fradile,sorrasta,fradile,sorrasta,fradile,sorrasta,fradile,sorrasta,fradile,sorrasta,fradile,sorrasta,fradile
sate1242,nichte,fädder,nichte,fädder,nichte,fädder,nichte,fädder,nichte,fädder,nichte,fädder,nichte,fädder,nichte,fädder,nichte,fädder,nichte,fädder,nichte,fädder,nichte,fädder,nichte,fädder,nichte,fädder,nichte,fädder,nichte,fädder
serb1264,rodjakinja,rodjak,rodjakinja,rodjak,rodjakinja,rodjak,rodjakinja,rodjak,rodjakinja,rodjak,rodjakinja,rodjak,rodjakinja,rodjak,rodjakinja,rodjak,rodjakinja,rodjak,rodjakinja,rodjak,rodjakinja,rodjak,rodjakinja,rodjak,rodjakinja,rodjak,rodjakinja,rodjak,rodjakinja,rodjak,rodjakinja,rodjak
seri1257,āmoo'yakx,āmoo'yakx,āmoo'yakx,āmoo'yakx,āmoo'yakx,āmoo'yakx,āmoo'yakx,āmoo'yakx,āmoo'yakx,āmoo'yakx,āmoo'yakx,āmoo'yakx,āmoo'yakx,āmoo'yakx,āmoo'yakx,āmoo'yakx,āmoo'yakx,āmoo'yakx,āmoo'yakx,āmoo'yakx,āmoo'yakx,āmoo'yakx,āmoo'yakx,āmoo'yakx,āmoo'yakx,āmoo'yakx,āmoo'yakx,āmoo'yakx,āmoo'yakx,āmoo'yakx,āmoo'yakx,āmoo'yakx
shin1265,xɨdiymar,xɨdiymar,xɨdiymar,xɨdiymar,xɨdiymar,xɨdiymar,xɨdiymar,xɨdiymar,xɨdiymar,xɨdiymar,xɨdiymar,xɨdiymar,xɨdiymar,xɨdiymar,xɨdiymar,xɨdiymar,xɨdiymar,xɨdiymar,xɨdiymar,xɨdiymar,xɨdiymar,xɨdiymar,xɨdiymar,xɨdiymar,xɨdiymar,xɨdiymar,xɨdiymar,xɨdiymar,xɨdiymar,xɨdiymar,xɨdiymar,xɨdiymar
ship1254,ráncho,jóncho,ráncho,jóncho,ráncho,jóncho,ráncho,jóncho,ráncho,jóncho,ráncho,jóncho,ráncho,jóncho,ráncho,jóncho,ráncho,jóncho,ráncho,jóncho,ráncho,jóncho,ráncho,jóncho,ráncho,jóncho,ráncho,jóncho,ráncho,jóncho,ráncho,jóncho
sind1272,sauṭi,sauṭo,sauṭi,sauṭo,puphāṭī,puphāṭu,puphāṭī,puphāṭu,māroṭi,māroṭu,māroṭi,māroṭu,māsāti,masātu,māsāti,masātu,sauṭi,sauṭo,sauṭi,sauṭo,puphāṭī,puphāṭu,puphāṭī,puphāṭu,māroṭi,māroṭu,māroṭi,māroṭu,māsāti,masātu,māsāti,masātu
sinh1246,akka,aiya,naƞgi,malli,næna,massina,næna,massina,næna,massina,næna,massina,akka,aiya,naƞgi,malli,akka,aiya,naƞgi,malli,næna,massina,næna,massina,næna,massina,næna,massina,akka,aiya,naƞgi,malli
sion1247,wiʔya-kˀɨ,wiʔya-kˀɨ,wiʔya-kˀɨ,wiʔya-kˀɨ,wiʔya-kˀɨ,wiʔya-kˀɨ,wiʔya-kˀɨ,wiʔya-kˀɨ,wiʔya-kˀɨ,wiʔya-kˀɨ,wiʔya-kˀɨ,wiʔya-kˀɨ,wiʔya-kˀɨ,wiʔya-kˀɨ,wiʔya-kˀɨ,wiʔya-kˀɨ,wiʔya-kˀɨ,wiʔya-kˀɨ,wiʔya-kˀɨ,wiʔya-kˀɨ,wiʔya-kˀɨ,wiʔya-kˀɨ,wiʔya-kˀɨ,wiʔya-kˀɨ,wiʔya-kˀɨ,wiʔya-kˀɨ,wiʔya-kˀɨ,wiʔya-kˀɨ,wiʔya-kˀɨ,wiʔya-kˀɨ,wiʔya-kˀɨ,wiʔya-kˀɨ
slov1268,sestrîčna,brátranəc,sestrîčna,brátranəc,sestrîčna,brátranəc,sestrîčna,brátranəc,sestrîčna,brátranəc,sestrîčna,brátranəc,sestrîčna,brátranəc,sestrîčna,brátranəc,sestrîčna,brátranəc,sestrîčna,brátranəc,sestrîčna,brátranəc,sestrîčna,brátranəc,sestrîčna,brátranəc,sestrîčna,brátranəc,sestrîčna,brátranəc,sestrîčna,brátranəc
slov1269,sesternica,bratanec,sesternica,bratanec,sesternica,bratanec,sesternica,bratanec,sesternica,bratanec,sesternica,bratanec,sesternica,bratanec,sesternica,bratanec,sesternica,bratanec,sesternica,bratanec,sesternica,bratanec,sesternica,bratanec,sesternica,bratanec,sesternica,bratanec,sesternica,bratanec,sesternica,bratanec
soga1242,luganda,luganda,luganda,luganda,luganda,luganda,luganda,luganda,luganda,luganda,luganda,luganda,luganda,luganda,luganda,luganda,luganda,luganda,luganda,luganda,luganda,luganda,luganda,luganda,luganda,luganda,luganda,luganda,luganda,luganda,luganda,luganda
song1299,mótil,mótil,mótil,mótil,mótil,mótil,mótil,mótil,mótil,mótil,mótil,mótil,mótil,mótil,mótil,mótil,mótil,mótil,mótil,mótil,mótil,mótil,mótil,mótil,mótil,mótil,mótil,mótil,mótil,mótil,mótil,mótil
sout1528,sestraodstrica,bratodstrica,sestraodstrica,bratodstrica,sestraodtetke,bratodtetke,sestraodtetke,bratodtetke,sestraodujaka,bratodujaka,sestraodujaka,bratodujaka,sestraodtetke,bratodtetke,sestraodtetke,bratodtetke,sestraodstrica,bratodstrica,sestraodstrica,bratodstrica,sestraodtetke,bratodtetke,sestraodtetke,bratodtetke,sestraodujaka,bratodujaka,sestraodujaka,bratodujaka,sestraodtetke,bratodtetke,sestraodtetke,bratodtetke
sout2959,sóot’į,sóot’į,sóot’į,sóot’į,sóot’į,sóot’į,sóot’į,sóot’į,sóot’į,sóot’į,sóot’į,sóot’į,sóot’į,sóot’į,sóot’į,sóot’į,sóot’į,sóot’į,sóot’į,sóot’į,sóot’į,sóot’į,sóot’į,sóot’į,sóot’į,sóot’į,sóot’į,sóot’į,sóot’į,sóot’į,sóot’į,sóot’į
sout2976,mia'njaduuñ,mia'njaduuñ,mia'njaduuñ,mia'njaduuñ,mia'njaduuñ,mia'njaduuñ,mia'njaduuñ,mia'njaduuñ,mia'njaduuñ,mia'njaduuñ,mia'njaduuñ,mia'njaduuñ,mia'njaduuñ,mia'njaduuñ,mia'njaduuñ,mia'njaduuñ,mia'njaduuñ,mia'njaduuñ,mia'njaduuñ,mia'njaduuñ,mia'njaduuñ,mia'njaduuñ,mia'njaduuñ,mia'njaduuñ,mia'njaduuñ,mia'njaduuñ,mia'njaduuñ,mia'njaduuñ,mia'njaduuñ,mia'njaduuñ,mia'njaduuñ,mia'njaduuñ
stan1288,prima,primo,prima,primo,prima,primo,prima,primo,prima,primo,prima,primo,prima,primo,prima,primo,prima,primo,prima,primo,prima,primo,prima,primo,prima,primo,prima,primo,prima,primo,prima,primo
stan1289,cosina,cosí,cosina,cosí,cosina,cosí,cosina,cosí,cosina,cosí,cosina,cosí,cosina,cosí,cosina,cosí,cosina,cosí,cosina,cosí,cosina,cosí,cosina,cosí,cosina,cosí,cosina,cosí,cosina,cosí,cosina,cosí
stan1290,cousine,cousin,cousine,cousin,cousine,cousin,cousine,cousin,cousine,cousin,cousine,cousin,cousine,cousin,cousine,cousin,cousine,cousin,cousine,cousin,cousine,cousin,cousine,cousin,cousine,cousin,cousine,cousin,cousine,cousin,cousine,cousin
stan1293,cousin,cousin,cousin,cousin,cousin,cousin,cousin,cousin,cousin,cousin,cousin,cousin,cousin,cousin,cousin,cousin,cousin,cousin,cousin,cousin,cousin,cousin,cousin,cousin,cousin,cousin,cousin,cousin,cousin,cousin,cousin,cousin
stan1295,cousine,cousin,cousine,cousin,cousine,cousin,cousine,cousin,cousine,cousin,cousine,cousin,cousine,cousin,cousine,cousin,cousine,cousin,cousine,cousin,cousine,cousin,cousine,cousin,cousine,cousin,cousine,cousin,cousine,cousin,cousine,cousin
suku1259,kísoni,kísoni,kísoni,kísoni,kísoni,kísoni,kísoni,kísoni,kísoni,kísoni,kísoni,kísoni,kísoni,kísoni,kísoni,kísoni,kísoni,kísoni,kísoni,kísoni,kísoni,kísoni,kísoni,kísoni,kísoni,kísoni,kísoni,kísoni,kísoni,kísoni,kísoni,kísoni
swed1254,syskon-barn,syskon-barn,syskon-barn,syskon-barn,syskon-barn,syskon-barn,syskon-barn,syskon-barn,syskon-barn,syskon-barn,syskon-barn,syskon-barn,syskon-barn,syskon-barn,syskon-barn,syskon-barn,syskon-barn,syskon-barn,syskon-barn,syskon-barn,syskon-barn,syskon-barn,syskon-barn,syskon-barn,syskon-barn,syskon-barn,syskon-barn,syskon-barn,syskon-barn,syskon-barn,syskon-barn,syskon-barn
tahi1242,tuahine,tua'ana,tuahine,teina,tuahine,tua'ana,tuahine,teina,tuahine,tua'ana,tuahine,teina,tuahine,tua'ana,tuahine,teina,tua'ana,tua'ane,teina,tua'ane,tua'ana,tua'ane,teina,tua'ane,tua'ana,tua'ane,teina,tua'ane,tua'ana,tua'ane,teina,tua'ane
tana1285,anakavy,rahalahy,anakavy,rahalahy,anakavy,rahalahy,anakavy,rahalahy,anakavy,rahalahy,anakavy,rahalahy,anakavy,rahalahy,anakavy,rahalahy,rahavavy,analahy,rahavavy,analahy,rahavavy,analahy,rahavavy,analahy,rahavavy,analahy,rahavavy,analahy,rahavavy,analahy,rahavavy,analahy
tapi1254,che-rinyra,che-rikayra,che-rinyra,che-riwyra,che-rinyra,che-rikayra,che-rinyra,che-riwyra,che-rinyra,che-rikayra,che-rinyra,che-riwyra,che-rinyra,che-rikayra,che-rinyra,che-riwyra,che-rykera,che-kuwyra,che-kypýura,che-kuwyra,che-rykera,che-kuwyra,che-kypýura,che-kuwyra,che-rykera,che-kuwyra,che-kypýura,che-kuwyra,che-rykera,che-kuwyra,che-kypýura,che-kuwyra
tehu1242,heʔw,heʔw,heʔw,heʔw,heʔw,heʔw,heʔw,heʔw,heʔw,heʔw,heʔw,heʔw,heʔw,heʔw,heʔw,heʔw,heʔw,heʔw,heʔw,heʔw,heʔw,heʔw,heʔw,heʔw,heʔw,heʔw,heʔw,heʔw,heʔw,heʔw,heʔw,heʔw
telu1262,sōdari,sōdaruḍu,sōdari,sōdaruḍu,vodine,bāmmardi,vodine,bāmmardi,vodine,bāmmardi,vodine,bāmmardi,sōdari,sōdaruḍu,sōdari,sōdaruḍu,sōdari,sōdaruḍu,sōdari,sōdaruḍu,vodine,bāmmardi,vodine,bāmmardi,vodine,bāmmardi,vodine,bāmmardi,sōdari,sōdaruḍu,sōdari,sōdaruḍu
temb1276,he-reinyra,he-rikiyra,he-reinyra,he-riwyra,he-reinyra,he-rikiyra,he-reinyra,he-riwyra,he-reinyra,he-rikiyra,he-reinyra,he-riwyra,he-reinyra,he-rikiyra,he-reinyra,he-riwyra,he-rikéra,he-kiwyra,he-kipiyra,he-kiwyra,he-rikéra,he-kiwyra,he-kipiyra,he-kiwyra,he-rikéra,he-kiwyra,he-kipiyra,he-kiwyra,he-rikéra,he-kiwyra,he-kipiyra,he-kiwyra
tenh1241,-reky'yra-,-reky'yra-,-rey'reta-,-rey'reta-,-reky'yra-,-reky'yra-,-rey'reta-,-rey'reta-,-reky'yra-,-reky'yra-,-rey'reta-,-rey'reta-,-reky'yra-,-reky'yra-,-rey'reta-,-rey'reta-,-reky'yra-,-reky'yra-,-rey'reta-,-rey'reta-,-reky'yra-,-reky'yra-,-rey'reta-,-rey'reta-,-reky'yra-,-reky'yra-,-rey'reta-,-rey'reta-,-reky'yra-,-reky'yra-,-rey'reta-,-rey'reta-
tiko1237,taina,taina,kave,taina,kave,taina,kave,taina,taina,kave,kave,taina,kave,taina,kave,taina,kave,kave,taina,kave,taina,kave,taina,kave,kave,taina,taina,kave,taina,kave,taina,kave
tivv1240,wanngo,wanngo,wanngo,wanngo,wanngo,wanngo,wanngo,wanngo,wanngo,wanngo,wanngo,wanngo,wanngo,wanngo,wanngo,wanngo,wanngo,wanngo,wanngo,wanngo,wanngo,wanngo,wanngo,wanngo,wanngo,wanngo,wanngo,wanngo,wanngo,wanngo,wanngo,wanngo
toba1269,l-ḳaya,l-ḳaya,l-ḳaya,l-ḳaya,l-ḳaya,l-ḳaya,l-ḳaya,l-ḳaya,l-ḳaya,l-ḳaya,l-ḳaya,l-ḳaya,l-ḳaya,l-ḳaya,l-ḳaya,l-ḳaya,l-ḳaya,l-ḳaya,l-ḳaya,l-ḳaya,l-ḳaya,l-ḳaya,l-ḳaya,l-ḳaya,l-ḳaya,l-ḳaya,l-ḳaya,l-ḳaya,l-ḳaya,l-ḳaya,l-ḳaya,l-ḳaya
tong1321,mwanokwesu,mwanokwesu,mwanokwesu,mwanokwesu,mwenima,mwenima,mwenima,mwenima,mwenima,mwenima,mwenima,mwenima,mwanokwesu,mwanokwesu,mwanokwesu,mwanokwesu,mwanokwesu,mwanokwesu,mwanokwesu,mwanokwesu,mwenima,mwenima,mwenima,mwenima,mwenima,mwenima,mwenima,mwenima,mwanokwesu,mwanokwesu,mwanokwesu,mwanokwesu
tong1325,tuofefine,ta'okete,tuofefine,tehina,tuofefine,ta'okete,tuofefine,tehina,tuofefine,ta'okete,tuofefine,tehina,tuofefine,ta'okete,tuofefine,tehina,ta'okete,tuonga'ane,tehina,tuonga'ane,ta'okete,tuonga'ane,tehina,tuonga'ane,ta'okete,tuonga'ane,tehina,tuonga'ane,ta'okete,tuonga'ane,tehina,tuonga'ane
toor1238,mwenekati,mwene,mwenekati,mwene,mwenekati,mwene,mwenekati,mwene,nyinento,nyinarumi,nyinento,nyinarumi,nyinento,nyinarumi,nyinento,nyinarumi,mwenekati,mwene,mwenekati,mwene,mwenekati,mwene,mwenekati,mwene,nyinento,nyinarumi,nyinento,nyinarumi,nyinento,nyinarumi,nyinento,nyinarumi
tosk1239,kušə'ri,kušə'ri,kušə'ri,kušə'ri,kušə'ri,kušə'ri,kušə'ri,kušə'ri,kušə'ri,kušə'ri,kušə'ri,kušə'ri,kušə'ri,kušə'ri,kušə'ri,kušə'ri,kušə'ri,kušə'ri,kušə'ri,kušə'ri,kušə'ri,kušə'ri,kušə'ri,kušə'ri,kušə'ri,kušə'ri,kušə'ri,kušə'ri,kušə'ri,kušə'ri,kušə'ri,kušə'ri
tuam1242,tuahine,tuakana,tuahine,teina,tuahine,tuakana,tuahine,teina,tuahine,tuakana,tuahine,teina,tuahine,tuakana,tuahine,teina,tuakana,tugane,teina,tugane,tuakana,tugane,teina,tugane,tuakana,tugane,teina,tugane,tuakana,tugane,teina,tugane
tuva1244,fakatautuangane,fakatautaina,fakatautuangane,fakatautaina,fakatautuangane,fakatautaina,fakatautuangane,fakatautaina,fakatautuangane,fakatautaina,fakatautuangane,fakatautaina,fakatautuangane,fakatautaina,fakatautuangane,fakatautaina,fakatautaina,fakatautuangane,fakatautaina,fakatautuangane,fakatautaina,fakatautuangane,fakatautaina,fakatautuangane,fakatautaina,fakatautuangane,fakatautaina,fakatautuangane,fakatautaina,fakatautuangane,fakatautaina,fakatautuangane
tuyu1244,tẽ'yɨ̃,tẽ'yɨ̃,tẽ'yɨ̃,tẽ'yɨ̃,tẽ'yɨ̃,tẽ'yɨ̃,tẽ'yɨ̃,tẽ'yɨ̃,tẽ'yɨ̃,tẽ'yɨ̃,tẽ'yɨ̃,tẽ'yɨ̃,tẽ'yɨ̃,tẽ'yɨ̃,tẽ'yɨ̃,tẽ'yɨ̃,tẽ'yɨ̃,tẽ'yɨ̃,tẽ'yɨ̃,tẽ'yɨ̃,tẽ'yɨ̃,tẽ'yɨ̃,tẽ'yɨ̃,tẽ'yɨ̃,tẽ'yɨ̃,tẽ'yɨ̃,tẽ'yɨ̃,tẽ'yɨ̃,tẽ'yɨ̃,tẽ'yɨ̃,tẽ'yɨ̃,tẽ'yɨ̃
tzel1254,yantsil-alme'jun,ichan,yantsil-alme'jun,ichan,yantsil-alme'jun,ichan,yantsil-alme'jun,ichan,yantsil-alme'jun,ichan,yantsil-alme'jun,ichan,yantsil-alme'jun,ichan,yantsil-alme'jun,ichan,yantsil-alme'jun,ichan,yantsil-alme'jun,ichan,yantsil-alme'jun,ichan,yantsil-alme'jun,ichan,yantsil-alme'jun,ichan,yantsil-alme'jun,ichan,yantsil-alme'jun,ichan,yantsil-alme'jun,ichan
udmu1245,čužodig,čužodig,čužodig,čužodig,čužodig,čužodig,čužodig,čužodig,čužodig,čužodig,čužodig,čužodig,čužodig,čužodig,čužodig,čužodig,čužodig,čužodig,čužodig,čužodig,čužodig,čužodig,čužodig,čužodig,čužodig,čužodig,čužodig,čužodig,čužodig,čužodig,čužodig,čužodig
ukra1253,kuzy'na,kuzén,kuzy'na,kuzén,kuzy'na,kuzén,kuzy'na,kuzén,kuzy'na,kuzén,kuzy'na,kuzén,kuzy'na,kuzén,kuzy'na,kuzén,kuzy'na,kuzén,kuzy'na,kuzén,kuzy'na,kuzén,kuzy'na,kuzén,kuzy'na,kuzén,kuzy'na,kuzén,kuzy'na,kuzén,kuzy'na,kuzén
urdu1245,chachāzādbahin,chachāzādbhā'i,chachāzādbahin,chachāzādbhā'i,phupizādbahin,phupizādbhāi,phupizādbahin,phupizādbhāi,māmūzādbahin,mamerābhāi,māmūzādbahin,mamerābhāi,xālāzādbahin,xālāzādbhāi,xālāzādbahin,xālāzādbhāi,chachāzādbahin,chachāzādbhā'i,chachāzādbahin,chachāzādbhā'i,phupizādbahin,phupizādbhāi,phupizādbahin,phupizādbhāi,māmūzādbahin,mamerābhāi,māmūzādbahin,mamerābhāi,xālāzādbahin,xālāzādbhāi,xālāzādbahin,xālāzādbhāi
utee1244,paciny,papiny,naminy,cahkany,paciny,papiny,naminy,cahkany,paciny,papiny,naminy,cahkany,paciny,papiny,naminy,cahkany,paciny,papiny,naminy,cahkany,paciny,papiny,naminy,cahkany,paciny,papiny,naminy,cahkany,paciny,papiny,naminy,cahkany
veps1250,sestrii,bratan,sestrii,bratan,sestrii,bratan,sestrii,bratan,sestrii,bratan,sestrii,bratan,sestrii,bratan,sestrii,bratan,sestrii,bratan,sestrii,bratan,sestrii,bratan,sestrii,bratan,sestrii,bratan,sestrii,bratan,sestrii,bratan,sestrii,bratan
vlax1238,[verisoara],[verisoara],[verisoara],[verisoara],[verisoara],[verisoara],[verisoara],[verisoara],[verisoara],[verisoara],[verisoara],[verisoara],[verisoara],[verisoara],[verisoara],[verisoara],[verisoara],[verisoara],[verisoara],[verisoara],[verisoara],[verisoara],[verisoara],[verisoara],[verisoara],[verisoara],[verisoara],[verisoara],[verisoara],[verisoara],[verisoara],[verisoara]
waiw1244,oy-akno,oy-akno,oy-akno,oy-akno,oy-akno,oy-akno,oy-akno,oy-akno,oy-akno,oy-akno,oy-akno,oy-akno,oy-akno,oy-akno,oy-akno,oy-akno,oy-akno,oy-akno,oy-akno,oy-akno,oy-akno,oy-akno,oy-akno,oy-akno,oy-akno,oy-akno,oy-akno,oy-akno,oy-akno,oy-akno,oy-akno,oy-akno
wall1255,kizeinn,kizein,kizeinn,kizein,kizeinn,kizein,kizeinn,kizein,kizeinn,kizein,kizeinn,kizein,kizeinn,kizein,kizeinn,kizein,kizeinn,kizein,kizeinn,kizein,kizeinn,kizein,kizeinn,kizein,kizeinn,kizein,kizeinn,kizein,kizeinn,kizein,kizeinn,kizein
wang1291,kan,kan,kan,kan,kan,kan,kan,kan,kan,kan,kan,kan,kan,kan,kan,kan,kan,kan,kan,kan,kan,kan,kan,kan,kan,kan,kan,kan,kan,kan,kan,kan
waor1240,bæ̃ke,bæ̃ke,bæ̃ke,bæ̃ke,bæ̃ke,bæ̃ke,bæ̃ke,bæ̃ke,bæ̃ke,bæ̃ke,bæ̃ke,bæ̃ke,bæ̃ke,bæ̃ke,bæ̃ke,bæ̃ke,bæ̃ke,bæ̃ke,bæ̃ke,bæ̃ke,bæ̃ke,bæ̃ke,bæ̃ke,bæ̃ke,bæ̃ke,bæ̃ke,bæ̃ke,bæ̃ke,bæ̃ke,bæ̃ke,bæ̃ke,bæ̃ke
wapi1253,-iriˀban,-iriˀban,-iriˀban,-iriˀban,-iriˀban,-iriˀban,-iriˀban,-iriˀban,-iriˀban,-iriˀban,-iriˀban,-iriˀban,-iriˀban,-iriˀban,-iriˀban,-iriˀban,-iriˀban,-iriˀban,-iriˀban,-iriˀban,-iriˀban,-iriˀban,-iriˀban,-iriˀban,-iriˀban,-iriˀban,-iriˀban,-iriˀban,-iriˀban,-iriˀban,-iriˀban,-iriˀban
warl1254,kapi,kukurnu,kapi,kukurnu,jukana,wankili,jukana,wankili,jukana,wankili,jukana,wankili,murrkardi,murrkardi,murrkardi,murrkardi,kapi,kukurnu,kapi,kukurnu,jukana,wankili,jukana,wankili,jukana,wankili,jukana,wankili,murrkardi,murrkardi,murrkardi,murrkardi
waur1244,-tanu'le,-tanu'le,-tanu'le,-tanu'le,-tanu'le,-tanu'le,-tanu'le,-tanu'le,-tanu'le,-tanu'le,-tanu'le,-tanu'le,-tanu'le,-tanu'le,-tanu'le,-tanu'le,-tanu'le,-tanu'le,-tanu'le,-tanu'le,-tanu'le,-tanu'le,-tanu'le,-tanu'le,-tanu'le,-tanu'le,-tanu'le,-tanu'le,-tanu'le,-tanu'le,-tanu'le,-tanu'le
wayu1243,ta-waľa,ta-waľa,ta-waľa,ta-waľa,ta-waľa,ta-waľa,ta-waľa,ta-waľa,ta-waľa,ta-waľa,ta-waľa,ta-waľa,ta-waľa,ta-waľa,ta-waľa,ta-waľa,ta-waľa,ta-waľa,ta-waľa,ta-waľa,ta-waľa,ta-waľa,ta-waľa,ta-waľa,ta-waľa,ta-waľa,ta-waľa,ta-waľa,ta-waľa,ta-waľa,ta-waľa,ta-waľa
wels1247,cyfnither,cefnder,cyfnither,cefnder,cyfnither,cefnder,cyfnither,cefnder,cyfnither,cefnder,cyfnither,cefnder,cyfnither,cefnder,cyfnither,cefnder,cyfnither,cefnder,cyfnither,cefnder,cyfnither,cefnder,cyfnither,cefnder,cyfnither,cefnder,cyfnither,cefnder,cyfnither,cefnder,cyfnither,cefnder
west1508,lehengusina,lehengusua,lehengusina,lehengusua,lehengusina,lehengusua,lehengusina,lehengusua,lehengusina,lehengusua,lehengusina,lehengusua,lehengusina,lehengusua,lehengusina,lehengusua,lehengusina,lehengusua,lehengusina,lehengusua,lehengusina,lehengusua,lehengusina,lehengusua,lehengusina,lehengusua,lehengusina,lehengusua,lehengusina,lehengusua,lehengusina,lehengusua
west2369,doxtar-e-amu,pesar-e-amu,doxtar-e-amu,pesar-e-amu,doxtar-e-amme,pesar-e-amme,doxtar-e-amme,pesar-e-amme,doxtar-e-dãi,pesar-e-dãi,doxtar-e-dãi,pesar-e-dãi,doxtar-e-xãle,pesar-e-xãle,doxtar-e-xãle,pesar-e-xãle,doxtar-e-amu,pesar-e-amu,doxtar-e-amu,pesar-e-amu,doxtar-e-amme,pesar-e-amme,doxtar-e-amme,pesar-e-amme,doxtar-e-dãi,pesar-e-dãi,doxtar-e-dãi,pesar-e-dãi,doxtar-e-xãle,pesar-e-xãle,doxtar-e-xãle,pesar-e-xãle
west2386,masera,masera,masera,masera,masera,masera,masera,masera,masera,masera,masera,masera,masera,masera,masera,masera,masera,masera,masera,masera,masera,masera,masera,masera,masera,masera,masera,masera,masera,masera,masera,masera
west2615,cìlà,cìkìsń,cìlà,cìkìsń,sìzéˑdé,cìkìsń,sìzéˑdé,cìkìsń,cìlà,cìkìsń,cìlà,cìkìsń,cìlà,cìkìsń,cìlà,cìkìsń,cìlà,cìkìsń,cìlà,cìkìsń,sìzéˑdé,cìkìsń,sìzéˑdé,cìkìsń,cìlà,cìkìsń,cìlà,cìkìsń,cìlà,cìkìsń,cìlà,cìkìsń
wira1262,wunarigayin,wunarigayin,wunarigayin,wunarigayin,wunarigayin,wunarigayin,wunarigayin,wunarigayin,wunarigayin,wunarigayin,wunarigayin,wunarigayin,wunarigayin,wunarigayin,wunarigayin,wunarigayin,wunarigayin,wunarigayin,wunarigayin,wunarigayin,wunarigayin,wunarigayin,wunarigayin,wunarigayin,wunarigayin,wunarigayin,wunarigayin,wunarigayin,wunarigayin,wunarigayin,wunarigayin,wunarigayin
wiyo1248,yibe,yibe,yibe,yibe,yibe,yibe,yibe,yibe,yibe,yibe,yibe,yibe,yibe,yibe,yibe,yibe,yibe,yibe,yibe,yibe,yibe,yibe,yibe,yibe,yibe,yibe,yibe,yibe,yibe,yibe,yibe,yibe
wulg1239,gurri,gurri,gurri,gurri,gurri,gurri,gurri,gurri,gurri,gurri,gurri,gurri,gurri,gurri,gurri,gurri,gurri,gurri,gurri,gurri,gurri,gurri,gurri,gurri,gurri,gurri,gurri,gurri,gurri,gurri,gurri,gurri
wuvu1239,ʔari,lofu,ʔari,lofu,ʔari,lofu,ʔari,lofu,ʔari,lofu,ʔari,lofu,ʔari,lofu,ʔari,lofu,tafi,ʔari,tafi,ʔari,tafi,ʔari,tafi,ʔari,tafi,ʔari,tafi,ʔari,tafi,ʔari,tafi,ʔari
yaka1269,kisoni,kisoni,kisoni,kisoni,pikanu,tata,pikanu,tata,kisoni,bana,kisoni,bana,kisoni,kisoni,kisoni,kisoni,kisoni,kisoni,kisoni,kisoni,bana,bana,bana,bana,kisoni,pikanu,kisoni,pikanu,kisoni,kisoni,kisoni,kisoni
yaka1272,kádf,kádf,kádf,kádf,kádf,kádf,kádf,kádf,mɔ̀ná,kɔ̀kɔ̀,mɔ̀ná,ndàlà,mɔ̀ná,mɔ̀ná,mɔ̀ná,mɔ̀ná,kádf,kádf,kádf,kádf,kádf,kádf,kádf,kádf,mɔ̀ná,kɔ̀kɔ̀,mɔ̀ná,ndàlà,mɔ̀ná,mɔ̀ná,mɔ̀ná,mɔ̀ná
yala1262,kangu,kangu,kangu,kangu,kangu,kangu,kangu,kangu,kangu,kangu,kangu,kangu,kangu,kangu,kangu,kangu,kangu,kangu,kangu,kangu,kangu,kangu,kangu,kangu,kangu,kangu,kangu,kangu,kangu,kangu,kangu,kangu
yama1264,šamakuš,šamakuš,šamakuš,šamakuš,šamakuš,šamakuš,šamakuš,šamakuš,šamakuš,šamakuš,šamakuš,šamakuš,šamakuš,šamakuš,šamakuš,šamakuš,šamakuš,šamakuš,šamakuš,šamakuš,šamakuš,šamakuš,šamakuš,šamakuš,šamakuš,šamakuš,šamakuš,šamakuš,šamakuš,šamakuš,šamakuš,šamakuš
yami1254,kateysa,kateysa,kateysa,kateysa,kateysa,kateysa,kateysa,kateysa,kaposing,kaposing,kaposing,kaposing,kaposing,kaposing,kaposing,kaposing,kateysa,kateysa,kateysa,kateysa,kateysa,kateysa,kateysa,kateysa,kaposing,kaposing,kaposing,kaposing,kaposing,kaposing,kaposing,kaposing
yavi1244,[prima,[prima,[prima,[prima,[prima,[prima,[prima,[prima,[prima,[prima,[prima,[prima,[prima,[prima,[prima,[prima,[prima,[prima,[prima,[prima,[prima,[prima,[prima,[prima,[prima,[prima,[prima,[prima,[prima,[prima,[prima,[prima
yomb1244,papanketo,papankulutu,papanketo,papanleki,papanketo,papankulutu,papanketo,papanleki,mamankulutu,ngwakhazi,mamanleki,ngwakhazi,mamankulutu,ngwakhazi,mamanleki,ngwakhazi,papanketo,papankulutu,papanketo,papanleki,papanketo,papankulutu,papanketo,papanleki,mamankulutu,ngwakhazi,mamanleki,ngwakhazi,mamankulutu,ngwakhazi,mamanleki,ngwakhazi
yugu1249,yerrabool,yerrabool,yerrabool,yerrabool,yirpul,yirpul,yirpul,yirpul,yirpul,yirpul,yirpul,yirpul,yerrabool,yerrabool,yerrabool,yerrabool,yerrabool,yerrabool,yerrabool,yerrabool,yirpul,yirpul,yirpul,yirpul,yirpul,yirpul,yirpul,yirpul,yerrabool,yerrabool,yerrabool,yerrabool
yuro1248,neweyits,nepa,neweyits,nepa,neweyits,nepa,neweyits,nepa,neweyits,nepa,neweyits,nepa,neweyits,nepa,neweyits,nepa,nelet,nelai,nelet,nelai,nelet,nelai,nelet,nelai,nelet,nelai,nelet,nelai,nelet,nelai,nelet,nelai
zulu1248,dade,mfo,dade,mfo,mzala,mzala,mzala,mzala,mzala,mzala,mzala,mzala,ukanina,ukanina,ukanina,ukanina,dade,mfo,dade,mfo,mzala,mzala,mzala,mzala,mzala,mzala,mzala,mzala,ukanina,ukanina,ukanina,ukanina
