Glottocode,mFF,mFM,mMF,mMM,wFF,wFM,wMF,wMM
ache1246,ǰamogi,ǰarɨpurãgi,ǰamogi,ǰarɨpurãgi,ǰamogi,ǰarɨpurãgi,ǰamogi,ǰarɨpurãgi
adny1235,nguwarli,atnyani,papapa,atnyani,nguwarli,atnyani,papapa,atnyani
afri1274,grootvader,grootmoeder,grootvader,grootmoeder,grootvader,grootmoeder,grootvader,grootmoeder
aghu1253,ћadad,ћabab,ћadad,ћabab,ћadad,ћabab,ћadad,ћabab
agua1253,apa-č,duku-č,apa-č,duku-č,apa-č,duku-č,apa-č,duku-č
akhv1239,inkʼayma,inkʼayla,inkʼayma,inkʼayla,inkʼayma,inkʼayla,inkʼayma,inkʼayla
alba1267,gjysh,gjyshe,gjysh,gjyshe,gjysh,gjyshe,gjysh,gjyshe
alya1239,arrenge,aperle,artartetye,anyanye,arrenge,aperle,artartetye,anyanye
amis1246,maro,imo,maro,imo,maro,imo,maro,imo
anam1249,eramun,atï,eramun,atï,eramun,atï,eramun,atï
anci1242,patropátōr,patromḗtōr,mētropátōr,mētromḗtōr,patropátōr,patromḗtōr,mētropátōr,mētromḗtōr
ancu1238,ħada,ħaba,ħada,ħaba,хіада,ħaba,ħada,ħaba
anda1281,wočʼuxaima,nečʼuxaila,wočʼuxaima,nečʼuxaila,wočʼuxaima,nečʼuxaila,wočʼuxaima,nečʼuxaila
andi1255,wočʼuxaima,nečʼuxaila,wočʼuxaima,nečʼuxaila,wočʼuxaima,nečʼuxaila,wočʼuxaima,nečʼuxaila
anga1316,ap-yata,an-yama,ap-yata,an-yama,ap-yata,an-yama,ap-yata,an-yama
arab1267,katnhini,amanyi,thanti,katnhini,katnhini,amanyi,thanti,katnhini
araw1273,tamõy,đari,tamõy,đari,tamõy,đari,tamõy,đari
arch1244,dozya,dozba,dozya,dozba,dozya,dozba,dozya,dozba
assa1263,kaka,āyitā,kakā,āyitā,kaka,āyitā,kakā,āyitā
asut1235,kåkå,koko,kåkå,koko,kåkå,koko,kåkå,koko
atay1247,yutas,yakke,yutas,yakke,yutas,yakke,yutas,yakke
avar1256,kʼudada,kʼububa,kʼudada,kʼububa,kʼudada,kʼububa,kʼudada,kʼububa
aves1237,nyāka-,nyākā-,nyāka-,nyākā-,nyāka-,nyākā-,nyāka-,nyākā-
awet1244,atú,atí,atú,atí,atú,atí,atú,atí
ayor1240,daaki-deʔ,da'koo-deʔ,daaki-deʔ,da'koo-deʔ,daaki-deʔ,da'koo-deʔ,daaki-deʔ,da'koo-deʔ
badi1246,kami,kami,kami,kami,kami,kami,kami,kami
bagv1239,hičʼayma,hičʼayla,hičʼayma,hičʼayla,hičʼayma,hičʼayla,hičʼayma,hičʼayla
balo1260,ḍaḍa,ḍaḍi,nana,nani,ḍaḍa,ḍaḍi,nana,nani
band1339,bijaŋ,babaɲ,bijaŋ,babaɲ,bijaŋ,babaɲ,bijaŋ,babaɲ
bari1297,ašĩtaida,ašiabāma,ašĩtaida,ašiabāma,ašĩtaida,ašiabāma,ašĩtaida,ašiabāma
basq1248,aita'ɲi,ama'ɲi,aita'ɲi,ama'ɲi,aita'ɲi,ama'ɲi,aita'ɲi,ama'ɲi
bata1285,mbambayamomo,mbambayandito,mbambayamomo,mbambayandito,mbambayamomo,mbambayandito,mbambayamomo,mbambayandito
batl1238,kʼudiyaemen,kʼudiyaebel,kʼudiyaemen,kʼudiyaebel,kʼudiyaemen,kʼudiyaebel,kʼudiyaemen,kʼudiyaebel
bats1242,bāb,q̛aynān,bāb,q̛aynān,bāb,q̛aynān,bāb,q̛aynān
bayu1240,mayili,ngapari,nyami,gantharri,mayili,ngapari,nyami,gantharri
bela1254,dzed,babulja,dzed,babulja,dzed,babulja,dzed,babulja
bemb1257,shikulu,shikulu,shikulu,shikulu,shikulu,shikulu,shikulu,shikulu
bena1262,kuuku,papa,kuuku,papa,kuuku,papa,kuuku,papa
bend1258,kúukú,kúukú,kúukú,kúukú,kúukú,kúukú,kúukú,kúukú
beng1280,nānā,thakur-ma,dādā-moshay,dādī,nānā,thakur-ma,dādā-moshay,dādī
bera1259,tata,taté,tata,taté,tata,taté,tata,taté
bezh1248,abosabo,abosiyo,abosabo,abosiyo,abosabo,abosiyo,abosabo,abosiyo
biha1245,dada,dadi,nana,nani,dada,dadi,nana,nani
bila1255,tata,taté,tata,taté,tata,taté,tata,taté
birh1242,aja,aji,nana,nani,aja,aji,nana,nani
biri1256,ŋadhi,gami,ŋadhi,gami,ŋadhi,gami,ŋadhi,gami
bitt1240,ŋaimara,aimakan,ŋaimara,aimakan,ŋaimara,aimakan,ŋaimara,aimakan
bret1244,tadkoz,mammgozh,tadkoz,mamm-gozh,tadkoz,mammgozh,tadkoz,mamm-gozh
budu1248,qʼusuidmi,dada,qʼusuidmi,dada,qʼusuidmi,dada,кьусуидми,dada
buku1249,kúúka,kuukhu,kúúka,kuukhu,kúúka,kuukhu,kúúka,kuukhu
bulg1262,djado,baba,djado,baba,djado,baba,djado,baba
bunu1267,aki,bai,aki,bai,aki,bai,aki,bai
bush1247,mama,mama,mama,mama,mama,mama,mama,mama
cahu1264,qa',qa',kwa-l,su,qa',qa',kwa-l,su
cayu1262,βaβa,tæk-,βaβa,tæk-,βaβa,tæk-,βaβa,tæk-
cent1972,ba-pir,nanik,ba-pir,nanik,ba-pir,nanik,ba-pir,nanik
cent2142,ačila,awiča,ačila,awiča,ačila,awiča,ačila,awiča
chac1249,aa'ʔapa,aa'mama,aa'ʔapa,aa'mama,aa'ʔapa,aa'mama,aa'ʔapa,aa'mama
cham1309,gošdad,gošēla,gošdad,gošēla,gošdad,gošēla,gošdad,gošēla
chen1255,ta:ta,na:yanamma,ta:ta,ammamma,ta:ta,na:yanamma,ta:ta,ammamma
chib1270,guexica,caca,guexica,caca,guexica,caca,guexica,caca
chip1261,setsíe,setsoné,setsíe,setsoné,setsíe,setsoné,setsíe,setsoné
chip1262,matɲilʸa,matilʸa,matɲilʸa,matilʸa,matɲilʸa,matilʸa,matɲilʸa,matilʸa
chir1284,xaladat̄e,xolabay,xaladat̄e,xolabay,xaladat̄e,xolabay,xaladat̄e,xolabay
chur1257,dědŭ,baba,dědŭ,baba,dědŭ,baba,dědŭ,baba
cint1239,terit,zobyj,terit,zobyj,terit,zobyj,terit,zobyj
clas1250,kohkolli,sistli,kohkolli,sistli,kohkolli,sistli,kohkolli,sistli
coca1259,amui,nai,amui,nai,amui,nai,amui,nai
coco1261,winpa,numa,inkwo,inika,winpa,numa,inkwo,inika
cofa1242,yayakʰašeʔye,mamakʰaše,yayakʰašeʔye,mamakʰaše,yayakʰašeʔye,mamakʰaše,yayakʰašeʔye,mamakʰaše
colo1249,taʰta,mama,taʰta,mama,taʰta,mama,taʰta,mama
coma1245,kïnu',kaku',toko',kaku',kïnu',kaku',toko',kaku'
corn1251,hendas,damawidn,sîrawidn,damawidn,hendas,damawidn,sîrawidn,damawidn
cube1242,ñecu,ñeco,ñecu,ñeco,ñecu,ñeco,ñecu,ñeco
cupe1243,qa,qa,kwa,ʂu,qa,qa,kwa,ʂu
czec1258,dědeček,babička,dědeček,babička,dědeček,babička,dědeček,babička
dand1238,tādō,bāpī,akō,kākō,tādō,bāpī,akō,kākō
dani1285,bedstefar,bedstemor,bedstefar,bedstemor,bedstefar,bedstemor,bedstefar,bedstemor
dari1249,pedarbozorg,mādarbozorg,pedarbozorg,mādarbozorg,pedarbozorg,mādarbozorg,pedarbozorg,mādarbozorg
darl1243,nguulka,kuratya,ngathatya,kanyitya,nguulka,kuratya,ngathatya,kanyitya
dhar1248,bubar,kukuny,ngatyi,kami,bubar,kukuny,ngatyi,kami
dhuw1249,ma:ri,momu,ngathi,ma:ri,ma:ri,momu,ngathi,ma:ri
dier1241,adada,kunninie,adada,kanhini,adada,kunninie,adada,kanhini
digo1243,tsawe,wawa,tsawe,wawa,tsawe,wawa,tsawe,wawa
ding1239,bukobantẛjœm,bukobamukaar,maaŋkaa,bukobamukaar,bukobantẛjœm,bukobamukaar,maaŋkaa,bukobamukaar
djam1256,maari,muumu,ngathi,maari,maari,muumu,ngathi,maari
djin1253,mar'ming,ngatyityi,ngatyityi,midyi,mar'ming,ngatyityi,ngatyityi,midyi
dogr1252,babàcho,ehtsı̨,babàcho,ehtsı̨,babàcho,ehtsı̨,babàcho,ehtsı̨
dual1243,sángóǹambámbe̱,ǹangóǹambámbe̱,sángóambámbe̱,ǹangóǹambámbe̱,sángóǹambámbe̱,ǹangóǹambámbe̱,sángóambámbe̱,ǹangóǹambámbe̱
dutc1256,opa,oma,opa,oma,opa,oma,opa,oma
dyir1250,bulu,babi,ŋagi,gumbu,bulu,babi,ŋagi,gumbu
east1436,bājē,bajyai,bājē,bajyai,bājē,bajyai,bājē,bajyai
east2283,pˀapˀ,tˀatˀ,pˀapˀ,tˀatˀ,pˀapˀ,tˀatˀ,pˀapˀ,tˀatˀ
east2295,zejde,bobe,zejde,bobe,zejde,bobe,zejde,bobe
east2447,tupuna,tupuna,tupuna,tupuna,tupuna,tupuna,tupuna,tupuna
east2555,t-amɨ̃i-r-amɨ̃i,ǰarɨ,t-amɨ̃i-r-amɨ̃i,ǰarɨ,t-amɨ̃i-r-amɨ̃i,ǰarɨ,t-amɨ̃i-r-amɨ̃i,ǰarɨ
ekon1238,nkökö,nkökönyango,nkökö,nkökönyango,nkökö,nkökönyango,nkökö,nkökönyango
emer1243,tamutsi,tsa'i,tamutsi,tsa'i,tamutsi,tsa'i,tamutsi,tsa'i
enap1235,-əʔnahpən,-nok,-əʔnahpən,-nok,-əʔnahpən,-nok,-əʔnahpən,-nok
erzy1239,bodʸa,sɨr̃ʸebaba,bodʸa,sɨr̃ʸebaba,bodʸa,sɨr̃ʸebaba,bodʸa,sɨr̃ʸebaba
esto1258,wanaisa,wanaema,wanaisa,wanaema,wanaisa,wanaema,wanaisa,wanaema
eyak1241,’uhshiyah,k’inhshiyah,’weeshgashiyah,chuushiyah,’uhshiyah,k’inhshiyah,’weeshgashiyah,chuushiyah
fang1246,mwam,mwam,mwam,mwam,mwam,mwam,mwam,mwam
fefe1239,tšâšndúàm,mšàmšndúàm,tšâšndúàm,mšàmšndúàm,tšâšndúàm,mšàmšndúàm,tšâšndúàm,mšàmšndúàm
finn1318,isoisæ,isoæiti,isoisæ,isoæiti,isoisæ,isoæiti,isoisæ,isoæiti
fipa1238,ïtaatakulu,ïmaangukulu,ïtaatakulu,ïmaangukulu,ïtaatakulu,ïmaangukulu,ïtaatakulu,ïmaangukulu
flin1247,purukayi,tapikayi,putyikayi,tatyikayi,purukayi,tapikayi,putyikayi,tatyikayi
fris1239,pake,beppe,pake,beppe,pake,beppe,pake,beppe
gami1243,dhilaagaa,maamaa,dhaadhaa,gaadhii,dhilaagaa,maamaa,dhaadhaa,gaadhii
gand1255,jjajja,jjajja,jjajja,jjajja,jjajja,jjajja,jjajja,jjajja
ghod1238,wečʼuxaimʲa,yečʼuxaila,wečʼuxaimʲa,yečʼuxaila,wečʼuxaimʲa,yečʼuxaila,wečʼuxaimʲa,yečʼuxaila
giga1238,imadadi,imababu,imadadi,imababu,imadadi,imababu,imadadi,imababu
giry1241,ts'awe,hawe,ts'awe,hawe,ts'awe,hawe,ts'awe,hawe
gogo1263,kuku,mama,kuku,mama,kuku,mama,kuku,mama
guaj1256,tamə,iari,tamə,iari,tamə,iari,tamə,iari
guar1292,tamoĩ,yarì,tamoĩ,yarì,tamoĩ,yarì,tamoĩ,yarì
gugu1255,kami,ngulmpurr,ngathi,kami,kami,ngulmpurr,ngathi,kami
guja1252,dāda,dādī,dāda,vaḍavi,dāda,dādī,dāda,vaḍavi
guny1241,ngathiny,papiny,ngathiny,kaminy,ngathiny,papiny,ngathiny,kaminy
gupa1247,maari\'mu,muumu,ngathi,maari,maari\'mu,muumu,ngathi,maari
guri1247,kaku,ngaputyu,tyawityi,tyatyu,kaku,ngaputyu,tyawityi,tyatyu
gusi1247,sókóro,maagókóro,sókóro,maagókóro,sókóro,maagókóro,sókóro,maagókóro
haaa1252,sokuru,nyokuru,sokuru,nyokuru,sokuru,nyokuru,sokuru,nyokuru
haus1257,kaka,kaka,kaka,kaka,kaka,kaka,kaka,kaka
hawa1245,kupunakāne,kupunawahine,kupunakāne,kupunawahine,kupunakāne,kupunawahine,kupunakāne,kupunawahine
haya1250,tá:t'énkûlu,má:w'énkûlu,tá:t'énkûlu,má:w'énkûlu,tá:t'énkûlu,má:w'énkûlu,tá:t'énkûlu,má:w'énkûlu
hehe1240,kuuku,papa,kuuku,papa,kuuku,papa,kuuku,papa
here1253,tateomunene,mamaomunene,tateomunene,mamaomunene,tateomunene,mamaomunene,tateomunene,mamaomunene
hidd1238,kʼodoinso,kʼudeebel,kʼodoinso,kʼudeebel,kʼodoinso,kʼudeebel,kʼodoinso,kʼudeebel
high1278,tata-hweyi,nana-hweyi,tata-hweyi,nana-hweyi,tata-hweyi,nana-hweyi,tata-hweyi,nana-hweyi
hind1269,dādā,dādī,nānā,nānī,dādā,dādī,nānā,nānī
hinu1240,eˤžinnuobu,yeˤžinnuiyo,eˤžinnuobu,yeˤžinnuiyo,eˤžinnuobu,yeˤžinnuiyo,eˤžinnuobu,йеіжиннуийо
hitt1242,huhha-,hanna-,huhha-,hanna-,huhha-,hanna-,huhha-,hanna-
homs1234,med͜zhayr,med͜zmayr,med͜zhayr,med͜zmayr,med͜zhayr,med͜zmayr,med͜zhayr,med͜zmayr
hopi1249,kwa,so'o,kwa,so'o,kwa,so'o,kwa,so'o
huar1255,wocí,ka'ká,papá,su'sú,wocí,ka'ká,papá,su'sú
hung1274,nagyapa,nagyanya,nagyapa,nagyanya,nagyapa,nagyanya,nagyapa,nagyanya
hunz1247,ɑbusɑbu,ɑbusiyu,ɑbusɑbu,ɑbusiyu,ɑbusɑbu,ɑbusiyu,ɑbusɑbu,ɑbusiyu
hupa1239,maatcwuñ,tcin,chuwe,tcwo,maatcwuñ,tcin,chuwe,tcwo
icel1247,födurfadir,födurmódir,módurfadir,módurmódir,födurfadir,födurmódir,módurfadir,módurmódir
igna1246,-'ačuka,c̷ec̷e,-'ačuka,c̷ec̷e,-'ačuka,c̷ec̷e,-'ačuka,c̷ec̷e
ingr1248,äijä,ämmä,äijä,baba,äijä,ämmä,äijä,baba
ingu1240,dadi,nani,dadi,nani,dadi,nani,dadi,nani
inxo1238,uqʼučʼe,yuqʼučʼe,uqʼučʼe,yuqʼučʼe,uqʼučʼe,yuqʼučʼe,uqʼučʼe,yuqʼučʼe
iris1253,seanathair,seanmhāthair,seanathair,seanmhāthair,seanathair,seanmhāthair,seanathair,seanmhāthair
ital1282,nonno,nonna,nonno,nonna,nonno,nonna,nonno,nonna
iton1250,ah-meyuweʔne,ahme-yuweʔneʔka,ah-meyuweʔne,ahme-yuweʔneʔka,ah-meyuweʔne,ahme-yuweʔneʔka,ah-meyuweʔne,ahme-yuweʔneʔka
itsa1239,xat̄ay,xabay,xat̄ay,xabay,xat̄ay,xabay,xat̄ay,xabay
iyoj1235,-tʔek,-eyi,-tʔek,-eyi,-tʔek,-eyi,-tʔek,-eyi
jama1262,gran-fāda,gran-māda,gran-fāda,gran-māda,gran-fāda,gran-māda,gran-fāda,gran-māda
jica1244,sìtsóyéˑ',cìtcóˑ',sìtsóyéˑ',cìtcóˑ',sìtsóyéˑ',cìtcóˑ',sìtsóyéˑ',cìtcóˑ'
jude1256,kelebebe,dedeyxolu,kelebebe,dedeyxolu,kelebebe,dedeyxolu,kelebebe,dedeyxolu
juru1256,aamã,a-ái,aamã,a-ái,aamã,a-ái,aamã,a-ái
kada1242,peran,pati,peran,pati,peran,pati,peran,pati
kagu1239,kuku,mama,kuku,mama,kuku,mama,kuku,mama
kaiw1246,che-ramõi,cheradjý,che-ramõi,cheradjý,che-ramõi,cheradjý,che-ramõi,cheradjý
kalk1246,mutyu,papi,tyatyi,mutyu,mutyu,papi,tyatyi,mutyu
kama1373,ieramôi,ierarúí,ieramôi,ierarúí,ieramôi,ierarúí,ieramôi,ierarúí
kamb1297,umãã,inya,umãã,inya,umãã,inya,umãã,inya
kaon1241,nkambo,nkambo,nkambo,nkambo,nkambo,nkambo,nkambo,nkambo
kapi1249,tamana,tinanamatua,tamana,tinanamatua,tamana,tinanamatua,tamana,tinanamatua
kara1476,kalityi,kaparli,tyampartu,kami,kalityi,kaparli,tyampartu,kami
kari1304,mayili,kaparli,maputyi,kantharri,mayili,kaparli,maputyi,kantharri
karo1304,kú̄t,kī́t,kú̄t,kī́t,kú̄t,kī́t,kú̄t,kī́t
kart1247,nyamu,nyami,nyamu,nyami,nyamu,nyami,nyamu,nyami
kash1277,budbab,nani,budbab,nani,budbab,nani,budbab,nani
kaur1267,madlalla,ngapapi,tamammu,kamami,madlalla,ngapapi,tamammu,kamami
kawa1283,kunu,kagu,togo'o,huci,kunu,kagu,togo'o,huci
kaya1329,ramɨ͂y,yarɨ͂y,ramɨ͂y,yarɨ͂y,ramɨ͂y,yarɨ͂y,ramɨ͂y,yarɨ͂y
kere1283,gúúkú,ninéénkúlu,gúúkú,ninéénkúlu,gúúkú,ninéénkúlu,gúúkú,ninéénkúlu
kett1243,qibbat,qima,qibbat,qima,qibbat,qima,qibbat,qima
khan1273,aŋksʸasʸi,aŋkaŋkʸi,aŋksʸasʸi,aŋkaŋkʸi,aŋksʸasʸi,aŋkaŋkʸi,aŋksʸasʸi,aŋkaŋkʸi
kiku1240,güüka,tchutchu,güüka,tchutchu,güüka,tchutchu,güüka,tchutchu
koda1255,ta:tën,mutta:yi,ta:tën,mutta:yi,ta:tën,mutta:yi,ta:tën,mutta:yi
kodi1247,amboenakabani,amboeminé,amboenakabani,amboeminé,amboenakabani,amboeminé,amboenakabani,amboeminé
komc1235,bòbæ̀,nàbæ̀,bòbò,nàbò,bòbæ̀,nàbæ̀,bòbò,nàbò
komi1268,ɩdžɩday,pöč,ɩdžɩday,pöč,ɩdžɩday,pöč,ɩdžɩday,pöč
komo1260,tate,tate,tate,tate,tate,tate,tate,tate
koya1251,dado,bāpi,akko,kakko,dado,bāpi,akko,kakko
kuii1252,ak,ata,ak,ata,ak,ata,ak,ata
kuka1246,kirlaki,kaparli,nyaanyi,kaparli,kirlaki,kaparli,nyaanyi,kaparli
kuku1273,kami,papi,ngatyi,kami,kami,papi,ngatyi,kami
kumb1268,kaku,kami,ngatyi,paapany,kaku,kami,ngatyi,paapany
kumy1244,уллуата,къартана,уллуата,къартана,уллуата,къартана,уллуата,къартана
kunz1243,k-udada,k-odo,k-udada,k-odo,k-udada,k-odo,k-udada,k-odo
kuru1302,ajjos,ajji,ajjos,ajji,ajjos,ajji,ajjos,ajji
kuvi1243,soi,bai,soi,bai,soi,bai,soi,bai
kwas1243,mpbambo,mpbambo,mpbambo,mpbambo,mpbambo,mpbambo,mpbambo,mpbambo
kwer1261,wasaho,wao,wasaho,wao,wasaho,wao,wasaho,wao
lahn1241,ḍaḍa,ḍaḍi,ḍaḍa,nānī,ḍaḍa,ḍaḍi,ḍaḍa,nānī
lamb1271,kapa,kapa,kapa,kapa,kapa,kapa,kapa,kapa
lang1320,babʊ,bibi,babʊ,bibi,babʊ,bibi,babʊ,bibi
lati1261,avus,avia,avus,avia,avus,avia,avus,avia
laua1243,tuka,tumbu,tuka,tumbu,tuka,tumbu,tuka,tumbu
leng1262,-yata,-yama,-yata,-yama,-yata,-yama,-yata,-yama
ling1263,nkoko-mobali,nkoko-mwasi,nkoko-mobali,nkoko-mwasi,nkoko-mobali,nkoko-mwasi,nkoko-mobali,nkoko-mwasi
lipa1241,cìtsaí,cìtcó,cìtsaí,cìtcó,cìtsaí,cìtcó,cìtsaí,cìtcó
lith1251,senẽlis,senẽlė,senẽlis,senẽlė,senẽlis,senẽlė,senẽlis,senẽlė
lozi1239,kuku,kuku,kuku,kuku,kuku,kuku,kuku,kuku
luba1249,kaku,kaku,kaku,kaku,kaku,kaku,kaku,kaku
luba1250,kaka,kaka,kaka,kaka,kaka,kaka,kaka,kaka
lubu1243,apunleyaki,apunbebyai,apunleyaki,apunbebyai,apunleyaki,apunbebyai,apunleyaki,apunbebyai
lugu1238,kaka,wao,kaka,wao,kaka,wao,kaka,wao
luis1253,kwá'a,ká'néshmal,kwá',tú',kwá'a,ká'néshmal,kwá',tú'
lund1266,nkaka,nkaka,nkaka,nkaka,nkaka,nkaka,nkaka,nkaka
luva1239,nkaka,nkaka,nkaka,nkaka,nkaka,nkaka,nkaka,nkaka
luxe1241,grousspapp,groussmamm,grousspapp,groussmamm,grousspapp,groussmamm,grousspapp,groussmamm
mace1250,dedo,baba,dedo,baba,dedo,baba,dedo,baba
macu1259,amoko,koʔkoʔ,amoko,koʔkoʔ,amoko,koʔkoʔ,amoko,koʔkoʔ
maha1287,da:d,dad:ɪ,da:d,dad:ɪ,da:d,dad:ɪ,da:d,dad:ɪ
mait1250,pitāmha,pitāmhī,mātāmha,mātāmhī,pitāmha,pitāmhī,mātāmha,mātāmhī
mako1251,nakulunkongwe,nakulunume,nakulunkongwe,nakulunume,nakulunkongwe,nakulunume,nakulunkongwe,nakulunume
mala1464,muttaccaṉ,muthace,ammatu,ammatu,muttaccaṉ,muthace,ammatu,ammatu
mala1468,pāttayya,pātti,pāttayya,pātti,pāttayya,pātti,pāttayya,pātti
mala1479,datok,tok,datok,tok,datok,tok,datok,tok
mang1401,tupuna,tupuna,tupuna,tupuna,tupuna,tupuna,tupuna,tupuna
mans1258,opa,anʸekwa,opa,anʸekwa,opa,anʸekwa,opa,anʸekwa
maor1246,tupunatāne,tupunawahine,tupunatāne,tupunawahine,tupunatāne,tupunawahine,tupunatāne,tupunawahine
mapu1245,čeθki,čuču,čeθki,čuču,čeθki,čuču,čeθki,čuču
maqu1238,kōko,-tamū-du,kōko,-tamū-du,kōko,-tamū-du,kōko,-tamū-du
mara1378,ājā,ājī,ājā,ājī,ājā,ājī,ājā,ājī
marg1253,ngadhiny,pabiny,punydya,kaminy,ngadhiny,pabiny,punydya,kaminy
mart1256,nyamu,kami,nyamu,kami,nyamu,kami,nyamu,kami
marw1260,bābā,dādī,nānā,nānī,bābā,dādī,nānā,nānī
masa1299,gugawase,kukuwase,kukuwase,kukuwase,gugawase,kukuwase,kukuwase,kukuwase
mash1270,hatʸi-rɨ,ha-xi-ro,hatʸi-rɨ,ha-xi-ro,hatʸi-rɨ,ha-xi-ro,hatʸi-rɨ,ha-xi-ro
mbal1257,kaaga,kaaga,kaaga,kaaga,kaaga,kaaga,kaaga,kaaga
meru1245,jûûjû,jûûjû,jûûjû,jûûjû,jûûjû,jûûjû,jûûjû,jûûjû
mesc1238,cìnálé,cìt'cìné,cìtsóyé,cìtcóˑ,cìnálé,cìt'cìné,cìtsóyé,cìtcóˑ
midd1317,oldfader,oldmoder,oldfader,oldmoder,oldfader,oldmoder,oldfader,oldmoder
midd1343,grôzvater,eltermuoter,eltervater,eltermuoter,grôzvater,eltermuoter,eltervater,eltermuoter
mido1240,úbbí,ábà,úbbí,ábà,úbbí,ábà,úbbí,ábà
moco1246,l-apiʔ,l-komeena,l-apiʔ,l-komeena,l-apiʔ,l-komeena,l-apiʔ,l-komeena
mode1248,pappous,yáya,pappous,yáya,pappous,yáya,pappous,yáya
mokp1239,mbamba,mbamba,mbamba,mbamba,mbamba,mbamba,mbamba,mbamba
mong1338,nkoko,nkoko,nkoko,nkoko,nkoko,nkoko,nkoko,nkoko
mose1249,wui'ʔa,he'ye,wui'ʔa,he'ye,wui'ʔa,he'ye,wui'ʔa,he'ye
movi1243,nonoʔo,nonoʔo,nonoʔo,nonoʔo,nonoʔo,nonoʔo,nonoʔo,nonoʔo
mudb1240,chin2,chinknee1,knee2,finger1,chin2,chinknee1,knee2,finger1
mund1330,ájójót,aĩ́hĩ́,o-ʃipit,aĩ́hĩ́,ájójót,áwáwá,o-ʃipit,áwáwá
mung1266,dǒ,kǎ,dǒ,kǎ,dǒ,kǎ,dǒ,kǎ
muru1266,papatu,mukutul,ngama,papatu,papatu,mukutul,ngama,papatu
myen1241,rèrè-nèró,ngwè-nèró,rèrè-nèró,ngwèying'iyaḿi,rèrè-nèró,ngwè-nèró,rèrè-nèró,ngwèying'iyaḿi
nava1243,shináli,shináli,achaii,shimásini,shináli,shináli,achaii,shimásini
nege1244,gro-pupa,grani,gro-pupa,grani,gro-pupa,grani,gro-pupa,grani
nene1249,ir̃i,xada,ir̃i,xada,ir̃i,xada,ir̃i,xada
nepa1254,jiba,gharakibajei,jiba,barāāmā,jiba,gharakibajei,jiba,barāāmā
ngaa1240,tyamu,kaparli,tyamu,kaparli,tyamu,kaparli,tyamu,kaparli
ngar1235,kaku,ngapupu,tyawityi,tyatyu,kaku,ngapupu,tyawityi,tyatyu
ngar1287,mayali,ngapari,maputyi,kantharri,mayali,ngapari,maputyi,kantharri
ngon1269,ambuya,ambuya,ambuya,ambuya,ambuya,ambuya,ambuya,ambuya
ngul1246,baba,wao,baba,wao,baba,wao,baba,wao
nina1238,šoa-ye,yaa-ye,šoa-ye,yaa-ye,šoa-ye,yaa-ye,šoa-ye,yaa-ye
niue1239,tupua,tupua,tupua,tupua,tupua,tupua,tupua,tupua
niva1238,-ktˀeʔč,-ktˀe,-ktˀeʔč,-ktˀe,-ktˀeʔč,-ktˀe,-ktˀeʔč,-ktˀe
noga1249,атай,анай,атай,анай,атай,анай,атай,анай
nort2641,bappir,dappir,bappir,dappir,bappir,dappir,bappir,dappir
nort2671,addya,ahkku,addya,ahkku,addya,ahkku,addya,ahkku
nort2697,dede,nene,dede,nene,dede,nene,dede,нене
nort2702,bābā,dādī,bābā,dādī,bābā,dādī,bābā,dādī
nort2845,tupunaahana,tupunavehine,tupunaahana,tupunavehine,tupunaahana,tupunavehine,tupunaahana,tupunavehine
nort2877,ikitailalaki,ikitaifafai,ikitailalaki,ikitaifafai,ikitailalaki,ikitaifafai,ikitailalaki,ikitaifafai
nort2938,čʰan,náan,čʰan,náan,čʰan,náan,čʰan,náan
nort2942,setsée,setsį,setsée,setsį,setsée,setsį,setsée,setsį
nort2951,a,saka,pa,kesi,a,saka,pa,kesi
nort2952,sakam,sasam,hopam,kotom,sakam,sasam,hopam,kotom
nort2966,aba,ama,atsa,aka,aba,ama,atsa,aka
nort2972,zeze-'zrõã,papa-'ǰora,zeze-'zrõã,papa-'ǰora,zeze-'zrõã,papa-'ǰora,zeze-'zrõã,papa-'ǰora
norw1259,bestefar,bestemor,bestefar,bestemor,bestefar,bestemor,bestefar,bestemor
nucl1235,mežḣayr,mežmayr,mežḣayr,mežmayr,mežḣayr,mežmayr,mežḣayr,mežmayr
nucl1310,aphou,aphwa,aphou,aphwa,aphou,aphwa,aphou,aphwa
nucl1479,tamatamai,sinnitamai,tamaannisilei,sinnisilei,tamatamai,sinnitamai,tamaannisilei,sinnisilei
nucl1643,sofu,sobo,sofu,sobo,sofu,sobo,sofu,sobo
nucl1649,niiya,dziʔis,niiya,dziʔis,niiya,dziʔis,niiya,dziʔis
nyak1260,mwinangu,nkasi,mwinangu,nkasi,ndume,mwinangu,ndume,mwinangu
nyam1271,mayili,kaparli,mapityi,kantharri,mayili,kaparli,mapityi,kantharri
nyan1301,karli,kaparli,tyamu,kami,karli,kaparli,tyamu,kami
nyor1246,isenkuru,nyinenkuru,isenkuru,nyinenkuru,isenkuru,nyinenkuru,isenkuru,nyinenkuru
oduu1239,tă:,jă:,tă:,jă:,tă:,jă:,tă:,jă:
olda1245,sābā,sābtā,sābā,sābtā,sābā,sābtā,sābā,sābtā
olde1238,ealdefæder,ealdemōdor,ealdefæder,ealdemōdor,ealdefæder,ealdemōdor,ealdefæder,ealdemōdor
oldh1241,ano,ana,ano,ana,ano,ana,ano,ana
oldi1245,senathair,senmáthair,senathair,senmáthair,senathair,senmáthair,senathair,senmáthair
oldn1244,foður-faðir,foður-mōðir,foður-faðir,foður-mōðir,foður-faðir,foður-mōðir,foður-faðir,foður-mōðir
oldw1239,hendad,henfam,hendad,henfam,hendad,henfam,hendad,henfam
onaa1245,hòu,hòn,hòu,hòn,hòu,hòn,hòu,hòn
onto1237,kipuŋa,kipuŋa,kipuŋa,kipuŋa,kipuŋa,kipuŋa,kipuŋa,kipuŋa
opat1246,nopao,cariguat,paogua,xüguat,nopao,cariguat,paogua,xüguat
oriy1255,jeje-bapa,gunsai-mā,ajja,āī,jeje-bapa,gunsai-mā,ajja,āī
osse1243,fydyfyd,styrmad,madyfyd,styrmad,fydyfyd,styrmad,madyfyd,styrmad
paez1247,tata-wala,mama-wala,tata-wala,mama-wala,tata-wala,mama-wala,tata-wala,mama-wala
pali1274,paatta,paatti,paatta,paatti,paatta,paatti,paatta,paatti
pana1305,künu,huttsi,toko,kaku,künu,huttsi,toko,kaku
panj1256,dādā,dadi,nānā,nānī,dādā,dadi,nānā,nānī
para1311,taita,ǰa'rɨi,taita,ǰa'rɨi,taita,ǰa'rɨi,taita,ǰa'rɨi
pash1269,nikә,nyɑ,nikә,nyɑ,nikә,nyɑ,nikә,nyɑ
paus1244,-ä́mäi,-ári,-ä́mäi,-ári,-ä́mäi,-ári,-ä́mäi,-ári
penr1237,tupuna,tupuna,tupuna,tupuna,tupuna,tupuna,tupuna,tupuna
phai1238,ʔawcɔŋ,mɛ:cɔŋ,ʔawcɔŋ,mɛ:cɔŋ,ʔawcɔŋ,mɛ:cɔŋ,ʔawcɔŋ,mɛ:cɔŋ
phen1239,khaga,khaga,khaga,khaga,khaga,khaga,khaga,khaga
pila1245,l-a'penaʔ,le-kote,l-a'penaʔ,le-kote,l-a'penaʔ,le-kote,l-a'penaʔ,le-kote
pint1250,tartarta,kami,tartarta,kami,tartarta,kami,tartarta,kami
pitj1243,amu,kami,amu,kami,amu,kami,amu,kami
pitt1247,ngartarta,ngathanha,ngathanha,kanyini,ngartarta,ngathanha,ngathanha,kanyini
polc1243,jer,jer,jer,jer,jer,jer,jer,jer
poli1260,dziadek,babka,dziadek,babka,dziadek,babka,dziadek,babka
port1283,avô,avó,avô,avó,avô,avó,avô,avó
prus1238,tētis,anē,tētis,anē,tētis,anē,tētis,anē
puel1244,baya,deʔe,baya,deʔe,baya,deʔe,baya,deʔe
puin1248,-dom,-an,-dom,-an,-dom,-an,-dom,-an
pume1238,hada-mãĩ,hanĩ,hada-mãĩ,hanĩ,hada-mãĩ,hanĩ,hada-mãĩ,hanĩ
puyu1239,tumoan,tumoan,tumoan,tumoan,tumoan,tumoan,tumoan,tumoan
qawa1238,yersas,ḳyewo-seles,yersas,ḳyewo-seles,yersas,ḳyewo-seles,yersas,ḳyewo-seles
quec1382,napáw,namáw,nakwéw,nakyéw,napáw,namáw,nakwéw,nakyéw
rapa1244,tupuna,tupuna,tupuna,tupuna,tupuna,tupuna,tupuna,tupuna
renn1242,tupuna,tupuna,tupuna,tupuna,tupuna,tupuna,tupuna,tupuna
rita1239,maari,muumu,ngathi,maari,maari,muumu,ngathi,maari
roma1327,bunic-moş,bunicǎ-moaşǎ,bunic-moş,bunicǎ-moaşǎ,bunic-moş,bunicǎ-moaşǎ,bunic-moş,bunicǎ-moaşǎ
rund1242,sogókuru,sogókuru,nyogókuru,nyogókuru,sogókuru,sogókuru,nyogókuru,nyogókuru
russ1263,dedushka,babushka,dedushka,babushka,dedushka,babushka,dedushka,babushka
saaa1240,weuwe,pwaapwa,weuwe,pwaapwa,weuwe,pwaapwa,weuwe,pwaapwa
samo1305,tamā,tinā,tamā,tinā,tamā,tinā,tamā,tinā
sana1298,setaʔeŋak,seemaʔeŋak,setaʔeŋak,seemaʔeŋak,setaʔeŋak,seemaʔeŋak,setaʔeŋak,seemaʔeŋak
sang1330,kuuku,papa,kuuku,papa,kuuku,papa,kuuku,papa
sans1269,pitāmaha,pitāmahī,mātāmaha,mātāmahī,pitāmaha,pitāmahī,mātāmaha,mātāmahī
sans1272,nkaka,nkaka,nkaka,nkayi,nkaka,nkaka,nkaka,nkayi
sard1257,mannu,donnumannua,mannu,mannai,mannu,donnumannua,mannu,mannai
sate1242,bääsebaabe,bääsje,bääsebaabe,bääsje,bääsebaabe,bääsje,bääsebaabe,bääsje
selk1253,ilʸčʸa,imɨlʸa,ilʸčʸa,imɨlʸa,ilʸčʸa,imɨlʸa,ilʸčʸa,imɨlʸa
serb1264,ded,baba,ded,baba,ded,baba,ded,baba
seri1257,-apaš,-akt,-apaš,-akt,-apaš,-akt,-apaš,-akt
serr1255,ka',-kak-,kwaari',čuuri',ka',-kak-,kwaari',čuuri'
shas1239,atsmo,atsmo,akwit,atcidi,atsmo,atsmo,akwit,atcidi
shii1238,shakulu,mugaaka,shakulu,mugaaka,shakulu,mugaaka,shakulu,mugaaka
shin1265,qʼux̌dudid,qʼaˤsdɨnin,qʼux̌dudid,qʼaˤsdɨnin,qʼux̌dudid,qʼaˤsdɨnin,qʼux̌dudid,qʼaˤsdɨnin
ship1254,papayósi,títayoshan,yósishoco,títayoshan,papayósi,títayoshan,yósishoco,títayoshan
shos1248,kïnu,kaku,toko,hucci,kïnu,kaku,toko,hucci
sind1272,dāḍo,ḍāḍī,nāno,nānī,dāḍo,ḍāḍī,nāno,nānī
sinh1246,siiya,aachchi,siiya,aachchi,siiya,aachchi,siiya,aachchi
sion1247,kʷˀe-kˀɨ,kʷˀe-kˀo[awera],kʷˀe-kˀɨ,kʷˀe-kˀo[awera],kʷˀe-kˀɨ,kʷˀe-kˀo[awera],kʷˀe-kˀɨ,kʷˀe-kˀo[awera]
siri1273,ãmẽĩ̯,ari,ãmẽĩ̯,ari,ãmẽĩ̯,ari,ãmẽĩ̯,ari
slov1268,stârióče,stâramáti,stârióče,stâramáti,stârióče,stâramáti,stârióče,stâramáti
slov1269,starýotec,starámama,starýotec,starámama,starýotec,starámama,starýotec,starámama
soga1242,dhadha,zeiza,dhadha,zeiza,dhadha,zeiza,dhadha,zeiza
song1300,nkuku,nkuku,nkuku,nkuku,nkuku,nkuku,nkuku,nkuku
sout1528,deda,baba,deda,baba,deda,baba,deda,baba
sout2866,tupuna,tupuna,tupuna,tupuna,tupuna,tupuna,tupuna,tupuna
sout2959,ehtsíe,ehtsų,ehtsíe,ehtsų,ehtsíe,ehtsų,ehtsíe,ehtsų
sout2976,ge'taat,ge'naan,ge'taat,ge'naan,ge'taat,ge'naan,ge'taat,ge'naan
stan1288,abuelo,abuela,abuelo,abuela,abuelo,abuela,abuelo,abuela
stan1289,avi,àvia,avi,àvia,avi,àvia,avi,àvia
stan1290,grand-père,grand-mère,grand-père,grand-mère,grand-père,grand-mère,grand-père,grand-mère
stan1293,grandfather,grandmother,grandfather,grandmother,grandfather,grandmother,grandfather,grandmother
stan1295,großvater,großmutter,großvater,großmutter,großvater,großmutter,großvater,großmutter
suku1259,kaakha,kaakha,kaakha,kaakha,kaakha,kaakha,kaakha,kaakha
suku1261,guukub,maama,guukub,maama,guukub,maama,guukub,maama
sumb1240,gùùkù,mååmå,gùùkù,mååmå,gùùkù,mååmå,gùùkù,mååmå
suru1262,ãmṍ,móyá,ãmṍ,móyá,ãmṍ,móyá,ãmṍ,móyá
suun1239,nkaka,nkaka,nkaka,nkaka,nkaka,nkaka,nkaka,nkaka
swed1254,far-far,far-mor,far-far,far-mor,far-far,far-mor,far-far,far-mor
tahi1242,tupuna,tupuna,tupuna,tupuna,tupuna,tupuna,tupuna,tupuna
taji1245,bobo,bibi,bobo,bibi,bobo,bibi,bobo,bibi
tami1289,tattā,pāṭṭi,tattā,pāṭṭi,tattā,pāṭṭi,tattā,pāṭṭi
tana1285,bebe,vavy,bebe,vavy,bebe,vavy,bebe,vavy
tapi1254,che-ramyia,che-chanyia,che-ramyia,che-chanyia,che-ramyia,che-chanyia,che-ramyia,che-chanyia
tehu1242,bāy,ḳon,bāy,ḳon,bāy,ḳon,bāy,ḳon
telu1262,pitaamahudu,ammamma,pitaamahudu,naayanamma,pitaamahudu,ammamma,pitaamahudu,naayanamma
temb1276,he-tamúi,zarýi,he-tamúi,zarýi,he-tamúi,zarýi,he-tamúi,zarýi
tenh1241,-amonh-,-jariki,-amonh-,-jariki,-amonh-,-jariki,-amonh-,-jariki
term1237,baik,beik,baik,beik,baik,beik,baik,beik
tete1250,tshe,tshe,tshe,tshe,tshe,tshe,tshe,tshe
tiko1237,tupuna,tupuna,tupuna,tupuna,tupuna,tupuna,tupuna,tupuna
tivv1240,ter,ngoutamen,teruvesen,ngoutamen,ter,ngoutamen,teruvesen,ngoutamen
tlin1245,-léelkˀʷ,-léelkˀʷ,-léelkˀʷ,-léelkˀʷ,-léelkˀʷ,-léelkˀʷ,-léelkˀʷ,-léelkˀʷ
toba1269,l-apiʔ,l-kote,l-apiʔ,l-kote,l-apiʔ,l-kote,l-apiʔ,l-kote
toca1235,miamosgee,miamosgee,mirarikee,mirarikee,miamosgee,miamosgee,mirarikee,mirarikee
toda1252,piān,piāv,piān,piāv,piān,piāv,piān,piāv
toho1245,wosk,ka'a,woji,hu'ul,wosk,ka'a,woji,hu'ul
toke1240,tupuna,tupuna,tupuna,tupuna,tupuna,tupuna,tupuna,tupuna
tolo1259,ame',trene,sagi,su,ame',trene,sagi,su
tong1321,bataatakulu,bamakulu,bataatakulu,bamakulu,bataatakulu,bamakulu,bataatakulu,bamakulu
tong1325,kui,kui,kui,kui,kui,kui,kui,kui
toor1238,senkuru,nyinenkuru,senkuru,nyinenkuru,senkuru,nyinenkuru,senkuru,nyinenkuru
tosk1239,gʸüš,gʸüše,gʸüš,gʸüše,gʸüš,gʸüše,gʸüš,gʸüše
trin1274,-očko,-oc̷e,-očko,-oc̷e,-očko,-oc̷e,-očko,-oc̷e
trum1247,haiei,hatseda,haiei,hatseda,haiei,hatseda,haiei,hatseda
tson1249,kokwane,kokwane,kokwane,kokwane,kokwane,kokwane,kokwane,kokwane
tswa1253,rre-mogolo,mme-mogolo,rre-mogolo,mme-mogolo,rre-mogolo,mme-mogolo,rre-mogolo,mme-mogolo
tuam1242,tupuna,tupuna,tupuna,tupuna,tupuna,tupuna,tupuna,tupuna
tuba1278,akkaa-,ucuu,aakiš-t,ucuu,akkaa-,ucuu,aakiš-t,ucuu
tuba1279,suu,zuú,su,zuú,suu,zuú,su,zuú
tuca1252,pajkéró,maákó,pajkéró,maúkó,pajkéró,maákó,pajkéró,maúkó
tupi1273,amyia,aryia,amyia,aryia,amyia,aryia,amyia,aryia
tuva1244,tupunatangata,tupunafafine,tupunatangata,tupunafafine,tupunatangata,tupunafafine,tupunatangata,tupunafafine
tuyu1244,yẽ'kɨ̃,yẽ'kõ,yẽ'kɨ̃,yẽ'kõ,yẽ'kɨ̃,yẽ'kõ,yẽ'kɨ̃,yẽ'kõ
udmu1245,pesʸatay,pesʸanay,pesʸatay,pesʸanay,pesʸatay,pesʸanay,pesʸatay,pesʸanay
ukra1253,didús',babusya,didús',babusya,didús',babusya,didús',babusya
ulaw1237,wauwa,pwaapwa,wauwa,pwaapwa,wauwa,pwaapwa,wauwa,pwaapwa
umbu1257,maikulu,sekulu,maikulu,sekulu,maikulu,sekulu,maikulu,sekulu
umpi1239,pula,pa'i,ngatyi,miimi,pula,pa'i,ngatyi,miimi
urdu1245,dādā,dādī,nānā,nānī,dādā,dādī,nānā,nānī
utee1244,kynuni,wyciny,tukuny,kakuny,kynuni,wyciny,tukuny,kakuny
vend1245,makhulu,makhulu,makhulu,makhulu,makhulu,makhulu,makhulu,makhulu
veps1250,uk,ak,uk,ak,uk,ak,uk,ak
vlax1238,dadeskodad,dadeskidei,dadeskodad,dadeskidei,dadeskodad,dadeskidei,dadeskodad,dadeskidei
waga1260,kathukathu,iperi,kuthuthu,iperi,kathukathu,iperi,kuthuthu,iperi
wail1244,al,tcûn,tcugi,tco,al,tcûn,tcugi,tco
waiw1244,∅-φori-n,yɨ-noči,∅-φori-n,yɨ-noči,∅-φori-n,yɨ-noči,∅-φori-n,yɨ-noči
waja1257,kami,kanytyari,kami,kanytyari,kami,kanytyari,kami,kanytyari
wall1255,pér,granméer,pér,granméer,pér,granméer,pér,granméer
wang1290,ilyili,apirla,athata,katnhini,ilyili,apirla,athata,katnhini
wang1291,kaakaa,maamaa,kaarrikaa,miimii,kaakaa,maamaa,kaarrikaa,miimii
waor1240,bæ̃bæ̃,yæ̃yæ̃,bæ̃bæ̃,yæ̃yæ̃,bæ̃bæ̃,yæ̃yæ̃,bæ̃bæ̃,yæ̃yæ̃
wapi1253,ˀdukʰuẓɨɨ,kʰuʔukʰuu,ˀdukʰuẓɨɨ,kʰuʔukʰuu,ˀdukʰuẓɨɨ,kʰuʔukʰuu,ˀdukʰuẓɨɨ,kʰuʔukʰuu
warl1254,kutyukutyu,yaparla,jamirdi,jaja,kutyukutyu,yaparla,jamirdi,jaja
warl1255,kangkuya,ngaputyu,thigh3,shoulder2,kangkuya,ngaputyu,thigh3,shoulder2
waro1242,omofimai,omofinai,omofimai,omofinai,omofimai,omofinai,omofimai,omofinai
waru1265,chin1,appirli,appirli,shoulder2,chin1,appirli,appirli,shoulder2
waur1244,a'tu,a'c̷i,a'tu,a'c̷i,a'tu,a'c̷i,a'tu,a'c̷i
waya1270,-l-amũĩ,yalɨi,-l-amũĩ,yalɨi,-l-amũĩ,yalɨi,-l-amũĩ,yalɨi
wayu1243,ta-tuuši,toušu,ta-tuuši,toušu,ta-tuuši,toušu,ta-tuuši,toušu
wels1247,taid,nain,taid,nain,taid,nain,taid,nain
west1508,aitite,amama,aitite,amama,aitite,amama,aitite,amama
west2369,pedær-e-bozorg,mɑdær-ebozorg,pedær-e-bozorg,mɑdær-ebozorg,pedær-e-bozorg,mɑdær-ebozorg,pedær-e-bozorg,mɑdær-ebozorg
west2386,nānā,dādī,nānā,dādī,nānā,dādī,nānā,dādī
west2615,cìndálé,cìt'cìnéˑ,cìtcóˑ,cìtcóˑ,cìndálé,cìt'cìnéˑ,cìtcóˑ,cìtcóˑ
wich1264,-čo'ti,-kate'la,-čo'ti,-kate'la,-čo'ti,-kate'la,-čo'ti,-kate'la
wikm1247,puulwuut,ngaty,ngaty,kemwayyow,puulwuut,ngaty,ngaty,kemwayyow
wira1262,papiinpal,paathin,ngapun,kuninarrung,papiinpal,paathin,ngapun,kuninarrung
wira1265,muma,kaparli,pakarli,kaparli,muma,kaparli,pakarli,kaparli
wiyo1248,yibitcotc,yidokotck,yibitcotc,yidokotck,yibitcotc,yidokotck,yibitcotc,yidokotck
wulg1239,kupa,kumpu,ngatyi,papi,kupa,kumpu,ngatyi,papi
yaka1272,kɔ̀kɔ̀,kɔ̀kɔ̀,kɔ̀kɔ̀,kɔ̀kɔ̀,kɔ̀kɔ̀,kɔ̀kɔ̀,kɔ̀kɔ̀,kɔ̀kɔ̀
yala1262,mutyu,papipi,tyatyityi,mutyu,mutyu,papipi,tyatyityi,mutyu
yama1264,ušwam,kuluna,ušwam,kuluna,ušwam,kuluna,ušwam,kuluna
yami1254,akay,akes,akay,akes,akay,akes,akay,akes
yand1253,tyindrra,kami,ngadrra,kanyini,tyindrra,kami,ngadrra,kanyini
yano1262,ãi-wə,ami-wə,ãi-wə,ami-wə,ãi-wə,ami-wə,ãi-wə,ami-wə
yany1243,murimuri,ngapurti,mimi,kuku,murimuri,ngapurti,mimi,kuku
yavi1244,tusimi,siyumi,tusimi,siyumi,tusimi,siyumi,tusimi,siyumi
yeru1240,jejava,jejammo,thato,jamma,jejava,jejammo,thato,jamma
yidi1250,kamin,papim,ngatyim,kumpu,kamin,papim,ngatyim,kumpu
yind1247,maalaarra,kawarli,thami,kantharraarra,maalaarra,kawarli,thami,kantharraarra
yomb1244,yaya,yaya,yaya,yaya,yaya,yaya,yaya,yaya
yort1237,dhamala,dhamala-nhanha,dhamala,dhamala-nhanha,dhamala,dhamala-nhanha,dhamala,dhamala-nhanha
yugu1249,ngathang,kami,ngathang,kami,ngathang,kami,ngathang,kami
yuki1243b,ipik,ipep,ios,idit,ipik,ipep,ios,idit
yulp1239,yapayi,nyamu,nyamu,yapayi,yapayi,nyamu,nyamu,yapayi
yuro1248,nepits,nekuts,nepits,nekuts,nepits,nekuts,nepits,nekuts
yuwa1244,ʰlai,abã,ʰlai,abã,ʰlai,abã,ʰlai,abã
zigu1242,baba,wau,baba,wau,baba,wau,baba,wau
zinz1238,guku,kaaka,guku,kaaka,guku,kaaka,guku,kaaka
zulu1248,babamkulu,mamekulu,babamkulu,makhulu,babamkulu,mamekulu,babamkulu,makhulu
zuni1245,nana,hotta,nana,hotta,nana,hotta,nana,hotta
