Glottocode,mBD,mBS,mD,mS,mZD,mZS,wBD,wBS,wD,wS,wZD,wZS
ache1246,tɨtɨ,tɨtɨ,raǰɨ,raɨ,tɨtɨ,tɨtɨ,tɨtɨ,tɨtɨ,raǰɨ,raɨ,tɨtɨ,tɨtɨ
adny1235,palta-palta,palta-palta,marrhukanha,marrhanha,yakarla,yakarla,palta-palta,palta-palta,marrhukanha,marrhanha,yakarla,yakarla
afri1274,niggie,neef,dogter,seun,niggie,neef,niggie,neef,dogter,seun,niggie,neef
aghu1253,xut̄ul,xut̄ul,ruš,kʼirkʼ,xut̄ul,xut̄ul,xut̄ul,xut̄ul,ruš,kʼirkʼ,xut̄ul,xut̄ul
agua1253,awɨt,awɨ-t,nawanhi,uči-g,awɨt,awɨ-t,awɨt,awɨ-t,nawanhi,uči-g,awɨt,awɨ-t
akhv1239,wac̄oyyaše,wac̄owwaša,yaše,waša,wac̄oyyaše,wac̄owwaša,wac̄oyyaše,wac̄owwaša,йаше,ваша,wac̄oyyaše,wac̄owwaša
alba1267,mbesë,nip,vajzë,djalë,mbesë,nip,mbesë,nip,vajzë,djalë,mbesë,nip
alya1239,alere,alere,akwetyentye,akwetyentye,ampe,ampe,alere,alere,akwetyentye,akwetyentye,ampe,ampe
amha1245,yä-wändemlej,yä-wändemlej,lej,lej,yä-ehetlej,yä-ehetlej,yä-wändemlej,yä-wändemlej,lej,lej,yä-ehetlej,yä-ehetlej
anci1242,adelphidéē,adelphidéos,thugátēr,huiós,adelphidéē,adelphidéos,adelphidéē,adelphidéos,thugátēr,huiós,adelphidéē,adelphidéos
ancu1238,wac̄as̄ulyasi,wac̄as̄ulwasu,yasi,wasu,wac̄as̄ulyasi,wac̄as̄ulwasu,wac̄as̄ulyasi,wac̄as̄ulwasu,yasi,wasu,wac̄as̄ulyasi,wac̄as̄ulwasu
anda1281,woc̄uyyeši,woc̄uwwošo,yeši,wošo,woc̄uyyeši,woc̄uwwošo,woc̄uyyeši,woc̄uwwošo,yeši,wošo,woc̄uyyeši,woc̄uwwošo
andi1255,woc̄uyyeši,woc̄uwwošo,yeši,wošo,woc̄uyyeši,woc̄uwwošo,woc̄uyyeši,woc̄uwwošo,yeši,wošo,woc̄uyyeši,woc̄uwwošo
anga1316,anyaha,apyaha,apkitkaankilwana,apkitkaapkinao,anyaha,apyaha,anyaha,apyaha,apkitkaankilwana,apkitkaapkinao,anyaha,apyaha
arab1267,kulakula,kulakula,artaka,artaka,kulakula,kulakula,kulakula,kulakula,artaka,artaka,kulakula,kulakula
arch1244,ušmunlo,ušmunlo,lo,lo,ušmunlo,ušmunlo,ušmunlo,ušmunlo,lo,lo,ušmunlo,ušmunlo
assa1263,bhagini,bhatizā,ziārī,put,bhagini,bhāgin,bhagini,bhatizā,ziārī,put,bhagini,bhāgin
asut1235,mwånangú,mwånangú,ṃbora,ṃbwånge,abu,abu,mwånangú,mwånangú,ṃbora,ṃbwånge,abu,abu
avar1256,khudulij,khuduliv,jas,vas,khudulij,khuduliv,khudulij,khuduliv,jas,vas,khudulij,khuduliv
aves1237,brātruyā-,brātruya-,dugədar-,puθra-,brātruyā-,brātruya-,brātruyā-,brātruya-,dugədar-,puθra-,brātruyā-,brātruya-
ayor1240,ap-u'ɲaa,ap-u'ɲaai,a'bi-a,a'bi,ap-u'ɲaa,ap-u'ɲaai,ap-u'ɲaa,ap-u'ɲaai,a'bi-a,a'bi,ap-u'ɲaa,ap-u'ɲaai
bagv1239,was̄uyaš,was̄uwaša,yaš,waša,was̄uyaš,was̄uwaša,was̄uyaš,was̄uwaša,yaš,waša,was̄uyaš,was̄uwaša
band1339,buridjamgan,ɲugu:n,mujumᶁargan,chubtoo,buridjamgan,ɲugu:n,buridjamgan,ɲugu:n,mujumᶁargan,chubtoo,buridjamgan,ɲugu:n
bann1248,ivádö,itu'a,ivádö,itu'a,inanák`ws,inanák,imido'’,imido'’,ivádö,itu'a,ivádö,itu'a
bari1297,ašīašiā,ašiasašī,ša,saši,ašīašiā,ašiasašī,ašīašiā,ašiasašī,ša,saši,ašīašiā,ašiasašī
basq1248,lʸoba,lʸoba,al'haba,ṣeme,lʸoba,lʸoba,lʸoba,lʸoba,al'haba,ṣeme,lʸoba,lʸoba
bata1285,bandoméyandito,bandoméyamomo,bana,bana,banyangwéyandito,banyangwéyamomo,bandoméyandito,bandoméyamomo,bana,bana,banyangwéyandito,banyangwéyamomo
batl1238,wacasulyaš̄,wacasulwaš̄,yaš̄,waš̄,wacasulyaš̄,wacasulwaš̄,wacasulyaš̄,wacasulwaš̄,yaš̄,waš̄,wacasulyaš̄,wacasulwaš̄
bats1242,ʒmisc̛ul,ʒmisc̛ul,yoћ,woћ,ʒmisc̛ul,ʒmisc̛ul,ʒmisc̛ul,ʒmisc̛ul,yoћ,woћ,ʒmisc̛ul,ʒmisc̛ul
bela1254,pljaménnica,pljaménnik,dačká,syn,pljaménnica,pljaménnik,pljaménnica,pljaménnik,dačká,syn,pljaménnica,pljaménnik
bena1262,mwana,mwana,mwali,mswami,mwipwa,mwipwa,mwipwa,mwipwa,mwali,mswami,mwana,mwana
beng1280,bhāijhi,bhātijā,meye,chele,bonjhi,bhātijā,bhāijhi,bhātijā,meye,chele,bonjhi,bhātijā
bera1259,miki,miki,ngoli,meke,miki,miki,miki,miki,ngoli,meke,miki,miki
bezh1248,ist'iskid,ist'iso'zho',kid,öžö,ist'iskid,ist'iso'zho',ist'iskid,ist'iso'zho',kid,öžö,ist'iskid,ist'iso'zho'
biha1245,bhatiji,bhatija,beti,beta,bhanji,bhanja,bhatiji,bhatija,beti,beta,bhanji,bhanja
bila1255,miki,miki,mikiakali,mikiamoko,miki,miki,miki,miki,mikiakali,mikiamoko,miki,miki
biri1256,burgunira,dhuwani,banangan,wulbura,burgunira,dhuwani,burgunira,dhuwani,banangan,wulbura,burgunira,dhuwani
bitt1240,ćumakan,ćumara,kânmakan,kânmara,ćumakan,ćumara,ćumakan,ćumara,kânmakan,kânmara,ćumakan,ćumara
bret1244,nizez,niz,merc'h,mab,nizez,niz,nizez,niz,merc'h,mab,nizez,niz
budu1248,yasɨr,yasɨr,riž,gada,yasɨr,yasɨr,yasɨr,yasɨr,riž,gada,yasɨr,yasɨr
buku1249,ómwiiwååna,ómwiiwååna,ómukhaana,ómwaana,omwiiwa,omwiiwa,omeweengechana,omeweengechana,ómukhaana,ómwaana,ómwiiseengeechana,ómwiiseengeechana
bulg1262,plemennica,plemennik,dǔšterja,sin,plemennica,plemennik,plemennica,plemennik,dǔšterja,sin,plemennica,plemennik
cent1972,braza,braza,kitch,kurr,khushkaza,khushkaza,braza,braza,kitch,kurr,khushkaza,khushkaza
cent2142,[suwrinu],[suwrinu],pʰuča,yuḳa,[suwrinu],[suwrinu],[suwrinu],[suwrinu],pʰuča,yuḳa,[suwrinu],[suwrinu]
cham1309,wacuyah,wacuwaha,yah,waha,wacuyah,wacuwaha,wacuyah,wacuwaha,yah,waha,wacuyah,wacuwaha
chen1255,kodalu,alludu,bidda,koduku,kuthuru,koduku,kodalu,alludu,bidda,koduku,kuthuru,koduku
chib1270,guabxie,guabxie,chuta,chuta,guabxie,guabxie,guabxie,guabxie,chuta,chuta,guabxie,guabxie
chim1301,himolla,micaku,masola,oello,himolla,himolla,himolla,micaku,masola,oello,himolla,himolla
chip1261,sareze,saze,seyazts’ékui,sedÿneyuaze,sareze,saze,sareze,saze,seyazts’ékui,sedÿneyuaze,sareze,saze
chir1284,qine,qine,rus̄e,gale,qine,qine,qine,qine,rus̄e,gale,qine,qine
chok1245,mwana-pwo,mwana-lunga,mwana-pwo,mwana-lunga,mwihwa,mwihwa,mwihwa,mwihwa,mwana-pwo,mwana-lunga,mwana-pwo,mwana-lunga
chur1257,synovica,synovĭ,dŭšti,synŭ,synovica,synovĭ,synovica,synovĭ,dŭšti,synŭ,synovica,synovĭ
cint1239,vait,netop,vāzetpaka,ojpako,pakaj,opip,zerit,zerit,mãzetpaka,kyptï,vait,kyptï
coca1259,tairia,tairia,taira,taira,tairia,tairia,memira,memira,mimirakunia,memira,memira,memira
cofa1242,keʔtʰe,kĩši,õkẽ,dɨc̷ʰiʔye,keʔtʰe,kĩši,keʔtʰe,kĩši,õkẽ,dɨc̷ʰiʔye,keʔtʰe,kĩši
coma1245,paha,paha,petï',tua,ara',ara',paha,paha,petï',tua,ara',ara'
corn1251,noith,noi,mergh,mab,noith,noi,noith,noi,mergh,mab,noith,noi
cube1242,ñujemacu,ñujemacu,máco,mácu,yuico,yuicu,páramocu,páramocu,máco,mácu,ñujemacu,ñujemacu
czec1258,neteř,synovec,dcera,syn,neteř,sestřenec,neteř,synovec,dcera,syn,neteř,sestřenec
dand1238,miāri,māghi,miari,māghi,miāri,māghi,miāri,māghi,miari,māghi,miāri,māghi
dani1285,niece,nevø,datter,søn,niece,nevø,niece,nevø,datter,søn,niece,nevø
dari1249,doxtær-bæradær,pesær-bæradær,doxtar,pesar,doxtær-xahær,pesær-xahær,doxtær-bæradær,pesær-bæradær,doxtar,pesar,doxtær-xahær,pesær-xahær
dhar1248,manbi,wuru,manbi,manbi?,nyugin,nyugin,manbi,wuru,manbi,manbi?,nyugin,nyugin
ding1239,mwana,mwana,mukaarampu,mwaaibaal,mwewu,mwewu,mwana,mwana,mukaarampu,mwaaibaal,mwewu,mwewu
dogr1252,gohsah,gohsah,gotì,gozha,gohsah,gohsah,gozaà,gozaà,gotì,gozha,gozaà,gozaà
dutc1256,nicht,neef,dochter,zoon,nicht,neef,nicht,neef,dochter,zoon,nicht,neef
east1436,bhatijīorbhānjī,bhatijōorbhānjā,chōrī,putra,bhatijīorbhānjī,bhatijōorbhānjā,bhatijīorbhānjī,bhatijōorbhānjā,chōrī,putra,bhatijīorbhānjī,bhatijōorbhānjā
east2283,yeɣboraɣǰikˀ,yeɣborordi,dustˀ[ə]r,vordi,yeɣboraɣǰikˀ,yeɣborordi,yeɣboraɣǰikˀ,yeɣborordi,dustˀ[ə]r,vordi,yeɣboraɣǰikˀ,yeɣborordi
east2295,pli'menice,plimenik,toxter,zun,pli'menice,plimenik,pli'menice,plimenik,toxter,zun,pli'menice,plimenik
east2328,ӱdyrzhö,ergyzhe,ӱdyr,erge,ӱdyrzhö,ergyzhe,ӱdyrzhö,ergyzhe,ӱdyr,erge,ӱdyrzhö,ergyzhe
east2447,ta'ine,tama,ta'ine,tama,ta'ine,tama,ta'ine,tama,ta'ine,tama,ta'ine,tama
east2555,t-aǰɨ,t-aɨ,t-ayɨ,t-aɨ,t-aǰɨ,t-aɨ,t-aǰɨ,t-aɨ,t-ayɨ,t-aɨ,t-aǰɨ,t-aɨ
ekon1238,bönöju,bönöju,bon'ow'omoto,bon'oajwende,bönöju,bonankana,bönöju,bönöju,bon'ow'omoto,bon'oajwende,bönöju,bonankana
erzy1239,patʸanʸtʸeytʸer̃ʸ,lʸelʸanʸc̷ʸor̃a,tʸeytʸer̃ʸ,c̷ʸor̃a,patʸanʸtʸeytʸer̃ʸ,lʸelʸanʸc̷ʸor̃a,patʸanʸtʸeytʸer̃ʸ,lʸelʸanʸc̷ʸor̃a,tʸeytʸer̃ʸ,c̷ʸor̃a,patʸanʸtʸeytʸer̃ʸ,lʸelʸanʸc̷ʸor̃a
esto1258,wennatütar̃,wennapoeg,tütar̃,poeg,wennatütar̃,wennapoeg,wennatütar̃,wennapoeg,tütar̃,poeg,wennatütar̃,wennapoeg
finn1318,welyentütær̃,welyenpoika,tütær̃,poika,welyentütær̃,welyenpoika,welyentütær̃,welyenpoika,tütær̃,poika,welyentütær̃,welyenpoika
fris1239,omke,omke,dochter,soan,omke,omke,omke,omke,dochter,soan,omke,omke
gand1255,muwala,mutabani,muwala,mutabani,mujwa,mujwa,muwala,mutabani,muwala,mutabani,mujwa,mujwa
ghod1238,yac̄uƛiyaši,wac̄uƛiwaša,yaši,waša,yac̄uƛiyaši,wac̄uƛiwaša,yac̄uƛiyaši,wac̄uƛiwaša,yaši,waša,yac̄uƛiyaši,wac̄uƛiwaša
giga1238,wocuwyeši,wocuwwoša,yeši,woša,wocuɬyeši,wocuwwoša,wocuwyeši,wocuwwoša,yeši,woša,wocuɬyeši,wocuwwoša
giry1241,mwanawakuche,mwanawakilume,mwanangumuche,mwanamulume,ahu,ahu,mwanawakuche,mwanawakilume,mwanangumuche,mwanamulume,ahu,ahu
gogo1263,mwana,mwana,mdodomchekulu,mdodomulume,bulayi,bulayi,mwana,mwana,mdodomchekulu,mdodomulume,mwana,mwana
guja1252,bhatriji,bhatrijo,beṭī,put,bhāṇēji,bhānej,bhatriji,bhatrijo,beṭī,put,bhāṇēji,bhānej
gusi1247,ómwanaoito,ómwanaoito,ómoisékeone,ómomuraóne,ómoigwa,ómoigwa,ómwanaoito,ómwanaoito,ómoisékeone,ómomuraóne,ómoigwa,ómoigwa
haus1257,yar-,ɗan-,ya,ɗa,yar-,ɗan-,yar-,ɗan-,ya,ɗa,yar-,ɗan-
hawa1245,kaikamahini,keikikane,kaikamahine,keikikāne,kaikamahini,keikikane,kaikamahini,keikikane,kaikamahine,keikikāne,kaikamahini,keikikane
haya1250,omuhára,omutábani,omuhára,omutábani,omwi:wa,omwi:wa,omuhára,omutábani,omuhára,omutábani,omuhára,omutábani
hehe1240,mwali,mswami,mwali,mswami,mwipwa,mwipwa,mwipwa,mwipwa,mwali,mswami,mwali,mswami
here1253,omu-zamumue,omu-sia,omu-kazona,omu-angu,omu-zamumue,omu-sia,omu-zamumue,omu-sia,omu-kazona,omu-angu,omu-zamumue,omu-sia
hidd1238,was̄asulyas,was̄asulwas,yas,was,was̄asulyas,was̄asulwas,was̄asulyas,was̄asulwas,yas,was,was̄asulyas,was̄asulwas
hind1269,bhatījī,bhatījā,beṭī,beṭā,bhānjī,bhānjā,bhatījī,bhatījā,beṭī,beṭā,bhānjī,bhānjā
hinu1240,essusked,essusuži,ked,uži,essusked,essusuži,essusked,essusuži,ked,uži,essusked,essusuži
homs1234,yeɣporaɣčig,yeɣpororti,tusd[ə]r,vorti,yeɣporaɣčig,yeɣpororti,yeɣporaɣčig,yeɣpororti,tusd[ə]r,vorti,yeɣporaɣčig,yeɣpororti
hung1274,unokahúg,unokaöcz,lány,fiú,unokahúg,unokaöcz,unokahúg,unokaöcz,lány,fiú,unokahúg,unokaöcz
hunz1247,ɨsdiskid,ɨsdisože,kid,ože,ɨsdiskid,ɨsdisože,ɨsdiskid,ɨsdisože,kid,ože,ɨsdiskid,ɨsdisože
hupa1239,tedilte,tedilte,tse,xai,actce,auw,tedilte,tedilte,yatce,xai,actce,auw
icel1247,frænka,frændi,dóttir,sonur,frænka,frændi,frænka,frændi,dóttir,sonur,frænka,frændi
igna1246,-čehi,-čehi,esu-čiča,ema-čiča,-čehi,-čehi,-čehi,-čehi,esu-čiča,ema-čiča,-čehi,-čehi
ingu1240,wešiyyoʕ,weš̄iywoʕ,yoʕ,woʕ,wešiyyoʕ,weš̄iywoʕ,wešiyyoʕ,weš̄iywoʕ,yoʕ,woʕ,wešiyyoʕ,weš̄iywoʕ
inxo1238,istʼiskad,istʼisuže,kad,uže,istʼiskad,istʼisuže,istʼiskad,istʼisuže,kad,uže,istʼiskad,istʼisuže
iris1253,neacht,garmhac,inghean,mac,neacht,garmhac,neacht,garmhac,inghean,mac,neacht,garmhac
ital1282,nipote,nipote,figlia,figlio,nipote,nipote,nipote,nipote,figlia,figlio,nipote,nipote
iton1250,ahmi-desnameʔka,ahmi-desname,ahm-eʔka,ahm-eʔe,ahmi-desnameʔka,ahmi-desname,ahmi-desnameʔka,ahmi-desname,ahm-eʔka,ahm-eʔe,ahmi-desnameʔka,ahmi-desname
itsa1239,qini,qini,rirs̄i,durħuˤ,qini,qini,qini,qini,rirs̄i,durħuˤ,qini,qini
jama1262,nis,nɛvyɔ,dāta,sɔn,nis,nɛvyɔ,nis,nɛvyɔ,dāta,sɔn,nis,nɛvyɔ
jica1244,cìjátcè'^e,cíɣè'^e,cìjátcè'^e,cíɣè'^e,сìdà'^a,сìdà'áˑ',cìtsìłkè'^e,cìtsìłkè'^e,cìjátcè'^e,cíɣè'^e,сìdà'^a,сìdà'áˑ'
jude1256,birorzere,birorzere,duxdеr,kuk,birorzere,birorzere,birorzere,birorzere,duxdеr,kuk,birorzere,birorzere
juru1256,uaiá,ulapuká,uaiá,ulapuká,uiatö,uahá,umãbiatö,onumá,umãbiá,umãbiá,umãbiá,umãbiá
kagu1239,mwana,mwana,mwana,mwana,mwihwa,mwihwa,mwana,mwana,mwana,mwana,mwihwa,mwihwa
kaiw1246,che-radjý,che-raý,che-radjý,che-raý,che-atipé,che-riý,che-pẽ,che-pẽ,che-memby-kuña,che-memby-kwimbaé,che-memby-kuña,che-memby-kwimbaé
kalk1246,kunkuyu,kunkuyu,kunkuyu,kunkuyu,ngalhu,ngalhu,kunkuyu,kunkuyu,kunkuyu,kunkuyu,ngalhu,ngalhu
kamb1297,kana,kana,këlletu,kana,kana,kana,kana,kana,këlletu,kana,kana,kana
kaon1241,mwana,mwana,mwanawamukazhi,mwanawamulume,mwipwa,mwipwa,mwipwa,mwipwa,mwana,mwana,mwana,mwana
kapi1249,tama,tama,tama,tama,tama,tama,tama,tama,tama,tama,tama,tama
kara1476,oba,oba,tyatu,kartu,djalangga,djalangga,oba,oba,tyatu,kartu,djalangga,djalangga
karo1304,axiič,axiič,yāčkan,kač,axiič,axiič,axiič,axiič,yāčkan,kač,axiič,axiič
kart1247,kurntili,kurntili,yurntal,katya,katya,katya,kurntili,kurntili,yurntal,katya,katya,katya
kash1277,bawza,babther,kur,nechuv,benzɨ,benther,bawza,babther,kur,nechuv,benzɨ,benther
kaza1248,nemeresinli,nemereini,kyz,ul,zhiensingli,zhienini,nemeresinli,nemereini,kyz,ul,zhiensingli,zhienini
khan1273,or̃tne,lexə,ewi,pux,or̃tne,lexə,or̃tne,lexə,ewi,pux,or̃tne,lexə
kiow1264,cìt'cè'yá,cíjà'á,cìt'cè'yá,cíjà'á,cìdà'yá,cìdà'yá,cìt'cè'yá,cíjà'á,cìt'cè'yá,cíjà'á,cìdà'yá,cìdà'yá
komi1268,plemyannic̷a,plemyannik,nɩv,pi,plemyannic̷a,plemyannik,plemyannic̷a,plemyannik,nɩv,pi,plemyannic̷a,plemyannik
koya1251,mayyāḷ,marre,mayāḍ,marre,bhānji,ende-maru,bhānji,ende-maru,mayāḍ,marre,mayyāḷ,marre
kumb1268,nyukiyan,nyukin,kuranga,kura,kawa,kawa,nyukiyan,nyukin,kuranga,kura,kawa,kawa
kumy1244,эркъардашиникъызы,эркъардашиниуланы,къызы,уланы,эркъардашиникъызы,эркъардашиниуланы,эркъардашиникъызы,эркъардашиниуланы,къызы,уланы,эркъардашиникъызы,эркъардашиниуланы
kunz1243,vatsasulias,vatsasulvas,jas,vas,vatsasulias,vatsasulvas,vatsasulias,vatsasulvas,jas,vas,vatsasulias,vatsasulvas
kunz1244,salipani,pitchipani,pahnilickau,pahni,salipani,pitchipani,salipani,pitchipani,pahnilickau,pahni,salipani,pitchipani
kwas1243,muakalmura,muakalmunçn,mua,mua,muakalmura,muakalmunçn,muakalmura,muakalmunçn,mua,mua,muakalmura,muakalmunçn
kwer1261,mwana,mwana,mwana,mwana,mwihwa,mwihwa,mwana,mwana,mwana,mwana,mwihwa,mwihwa
lahn1241,bhәtriji,bhatrīa,beṭī,puttur,bhaṇēī,bhaṇeā,bhәtriji,bhatrīa,beṭī,puttur,bhaṇēī,bhaṇeā
lamb1271,umwana,umwana,umwanaumwanakasi,umwanaumwalalume,umwipwa,umwipwa,umwipwa,umwipwa,umwanaumwanakasi,umwanaumwalalume,umwana,umwana
lati1261,fīliafrātris,fīliusfrātris,fīlia,fīlius,filiasororis,filiussororis,fīliafrātris,fīliusfrātris,fīlia,fīlius,filiasororis,filiussororis
latv1249,brāl̩ameita,brāl̩adēls,meita,dēls,brāl̩ameita,brāl̩adēls,brāl̩ameita,brāl̩adēls,meita,dēls,brāl̩ameita,brāl̩adēls
lipa1241,cìját'cì'í,cìɣì'í,cìját'cì'í,cìɣì'í,сìdà'yí',сìdà'yí',cìját'cì'í,cìɣì'í,cìját'cì'í,cìɣì'í,сìdà'yí',сìdà'yí'
lith1251,broliaduktė,brolénas,duktẽ,sūnùs,sesersduktė,seserénas,broliaduktė,brolénas,duktẽ,sūnùs,sesersduktė,seserénas
lozi1239,mwana,mwana,mwana,mwana,mwana,mwana,mwana,mwana,mwana,mwana,mwana,mwana
luba1249,muanawamuan'etu,muanawamuan'etu,muanamulela,muanamulami,muanawamuan'etu,muanawamuan'etu,muanawamuan'etu,muanawamuan'etu,muanamulela,muanamulami,muanawamuan'etu,muanawamuan'etu
luba1250,muana,muana,mwåånåmukaji,mwåånåmulumé,mu-ipwa,mu-ipwa,muana,muana,mwåånåmukaji,mwåånåmulumé,muana,muana
lugu1238,mwana,mwana,mwana,mwana,mhwewe,mhwewe,mwana,mwana,mwana,mwana,mhwewe,mhwewe
luis1253,nuʂmay,nuʂmay,ʂawáa-may,píit,nuʂmay,nuʂmay,nuʂmay,nuʂmay,ʂawáa-may,píit,nuʂmay,nuʂmay
lund1266,mwana,mwana,mwana,mwana,mwihwa,mwihwa,mwana,mwana,mwana,mwana,mwihwa,mwihwa
luva1239,mwana,mwana,mwana,mwana,mwihwa,mwihwa,mwana,mwana,mwana,mwana,mwihwa,mwihwa
luxe1241,niess,neveu,duechter,fils,niess,neveu,niess,neveu,duechter,fils,niess,neveu
mace1250,vnukaodbrat,vnukodbrat,ḱerka,sin,vnukaodsestra,vnukodsestra,vnukaodbrat,vnukodbrat,ḱerka,sin,vnukaodsestra,vnukodsestra
macu1259,passe,poito,u-yensi,un-mu,passe,poito,passe,poito,u-yensi,un-mu,passe,poito
mait1250,bhatiji,bhatija,beṭī,beṭā,bháiginī,bháiginā,bhatiji,bhatija,beṭī,beṭā,bháiginī,bháiginā
mako1251,ndukulumunu,ndukulumunu,mwanankongwe,mwana,ndukulumunu,ndukulumunu,ndukulumunu,ndukulumunu,mwanankongwe,mwana,ndukulumunu,ndukulumunu
mala1468,makal,makan,makal,makan,marumakal,marumakan,marumakal,marumakan,makal,makan,makal,makan
mala1479,anakpenakan,anakpenakan,anak,anak,anakpenakan,anakpenakan,anakpenakan,anakpenakan,anak,anak,anakpenakan,anakpenakan
mang1401,iramutu,iramutu,teitia'ine,tamaroa,iramutu,iramutu,iramutu,iramutu,teitia'ine,tamaroa,iramutu,iramutu
mans1258,eŋk,pant,aɣi,pɨɣ,eŋk,pant,eŋk,pant,aɣi,pɨɣ,eŋk,pant
maor1246,irāmutu,irāmutu,tamāhine,tamaititaane,irāmutu,irāmutu,irāmutu,irāmutu,tamāhine,tamaititaane,irāmutu,irāmutu
mapu1245,malʸeɲawe,pal̯u,ɲawe,fotɨm,malʸeɲawe,pal̯u,malʸeɲawe,pal̯u,ɲawe,fotɨm,malʸeɲawe,pal̯u
maqu1238,hāse,honɨ,nnedɨ,nnedɨ,hāse,honɨ,hāse,honɨ,nnedɨ,nnedɨ,hāse,honɨ
mara1378,putanī,putanyā,lek,lyok,bhāchī,bhāchā,putanī,putanyā,lek,lyok,bhāchī,bhāchā
marw1260,bhatiji,bhatija,beti,beto,bhāṇji,bhānja,bhatiji,bhatija,beti,beto,bhāṇji,bhānja
masa1299,mwana,mwana,umwana,mwanawase,mwiwamwana,mwana,mwana,mwana,umwana,mwanawase,mwiwamwana,mwana
mash1270,paľikľero,paľikľerɨ,šičo~nšičo,tɨrɨ~hitɨrɨ,paľikľero,paľikľerɨ,paľikľero,paľikľerɨ,šičo~nšičo,tɨrɨ~hitɨrɨ,paľikľero,paľikľerɨ
mesc1238,cìdèˑdéˑ',cìdèˑdéˑ',cìyát'cè',cíɣè',cìɣóyé,cìɣóyé,cìdèˑdéˑ',cìdèˑdéˑ',cìyát'cè',cíɣè',cìɣóyé,cìɣóyé
midd1317,nift,neve,dohtor,son,nift,neve,nift,neve,dohtor,son,nift,neve
midd1343,nëvin,œ-heim,tohter,sun,base,œ-heim,nëvin,œ-heim,tohter,sun,base,œ-heim
moco1246,le-teese,le-teesek,lʸ-aale,lʸ-aale-k,le-teese,le-teesek,le-teese,le-teesek,lʸ-aale,lʸ-aale-k,le-teese,le-teesek
mode1248,anipsia,anipsios,kori,yos,anipsia,anipsios,anipsia,anipsios,kori,yos,anipsia,anipsios
mokp1239,mwan'amolana,mwan'amunyana,mwan'amolana,mwan'amunyana,mwan'ali,mwan'ali,mwan'amolana,mwan'amunyana,mwan'amolana,mwan'amunyana,mwan'ali,mwan'ali
mong1338,bonankana,bononkana,bona,bona,bononkana,bonankana,bonankana,bononkana,bona,bona,bononkana,bonankana
movi1243,yani-kai,yani-kai,mah-ni,mah-ni,yani-kai,yani-kai,yani-kai,yani-kai,mah-ni,mah-ni,yani-kai,yani-kai
mudb1240,ngalinya,ngalinya,chin3,chin3,tyuka,tyuka,ngalinya,ngalinya,chin3,chin3,tyuka,tyuka
myen1241,oḿwa-oḿwaḿto,oḿwa-onoḿe,nanto,noḿe,oḿwa-oḿwaḿto,oḿwa-onoḿe,oḿwa-oḿwaḿto,oḿwa-onoḿe,nanto,noḿe,oḿwa-oḿwaḿto,oḿwa-onoḿe
nene1249,nʸemʸaŋg~nʸenʸu,mʸaŋg~nʸu,nʸenʸu,nʸu,nʸemʸaŋg~nʸenʸu,mʸaŋg~nʸu,nʸemʸaŋg~nʸenʸu,mʸaŋg~nʸu,nʸenʸu,nʸu,nʸemʸaŋg~nʸenʸu,mʸaŋg~nʸu
nepa1254,bhatiji,bhatijo,chori,sānukāncho,bhānji,bhānij,bhatiji,bhadoho,chori,sānukāncho,choori,chhora
ngam1265,padi,padi,ngathani,ngathanda,padi,parrarri,padi,padi,ngathani,ngathanda,padi,parrarri
ngar1235,ngalawiny,ngalawiny,ngalawiny,ngalawiny,kurturtu,kurturtu,ngalawiny,ngalawiny,ngalawiny,ngalawiny,kurturtu,kurturtu
ngar1287,ngarraya,thuwa,kurntal,manyka,ngatyala,ngatyala,ngarraya,thuwa,kurntal,manyka,ngatyala,ngatyala
ngul1246,mwana,mwana,mwana,mwana,mhwa,mhwa,mwana,mwana,mwana,mwana,mhwa,mhwa
nhan1238,nanyi,kaggajee,yurdu,wurdu,nanyi,kagadyi,nanyi,kaggajee,yurdu,wurdu,nanyi,kagadyi
nina1238,yiha-ye,thãlesi-ye,thee-ye,ulu-ye,yiha-ye,thãlesi-ye,yiha-ye,thãlesi-ye,thee-ye,ulu-ye,yiha-ye,thãlesi-ye
niva1238,-fak-čeʔ,-faklaʔ,-ɔs-e,-aɔs,-fak-čeʔ,-faklaʔ,-fak-čeʔ,-faklaʔ,-ɔs-e,-aɔs,-fak-čeʔ,-faklaʔ
noga1249,йиен,йиен,кыз,йас,йиен,йиен,йиен,йиен,кыз,йас,йиен,йиен
nort1551,hᶹja,hᶹja,bádö,dūa,īnanák'wa,īnanák'wa,imidó',imidó',bádö,dūa,imidó',imidó'
nort2641,brazî,brazê,keç,kûr,xarzî,xarzê,brazî,brazê,keç,kûr,xarzî,xarzê
nort2671,vielyɑnieidɑ,vielyɑbar̃dni,nieidɑ,bar̃dni,vielyɑnieidɑ,vielyɑbar̃dni,vielyɑnieidɑ,vielyɑbar̃dni,nieidɑ,bar̃dni,vielyɑnieidɑ,vielyɑbar̃dni
nort2697,gerdeshu'mu'ngizi,gerdeshu'mu'nogli,giz,ogul,gerdeshu'mu'ngizi,gerdeshu'mu'nogli,gerdeshu'mu'ngizi,gerdeshu'mu'nogli,giz,ogul,gerdeshu'mu'ngizi,gerdeshu'mu'nogli
nort2702,bhatījī,bhatījā,mīār,marrī,sannēmīār,sannēmarrī,bhatījī,bhatījā,mīār,marrī,sannēmīār,sannēmarrī
nort2938,náat,náat,kučáaŋaa,kit,náat,náat,náat,náat,kučáaŋaa,kit,náat,náat
nort2942,sehsa,sebáa,setúé,seyaa,sehsa,sebáa,sehsa,sebáa,setúé,seyaa,sehsa,sebáa
nort2952,kamim,kamim,bom,tem,kamim,kamim,kamim,kamim,bom,tem,kamim,kamim
nort2972,hẽ'rãmãrã,õ'ãõã,kau,o'ar̃a,hẽ'rãmãrã,õ'ãõã,hẽ'rãmãrã,õ'ãõã,kau,o'ar̃a,hẽ'rãmãrã,õ'ãõã
norw1259,niese,nevø,datter,sønn,niese,nevø,niese,nevø,datter,sønn,niese,nevø
nucl1235,ełborałǰik,ełborordi,dustr,ordi,k'roǰałǰik,k'erordi,ełborałǰik,ełborordi,dustr,ordi,k'roǰałǰik,k'erordi
nucl1310,tuma,tu,ami,a,tuma,tu,tuma,tu,ami,a,tuma,tu
nucl1479,lai,lai,lairowot,laimwal,vatuwei,vatuwei,lai,lai,lairowot,laimwal,*,*
nucl1643,mei,oii,musūme,musuko,mei,oii,mei,oii,musūme,musuko,mei,oii
nucl1649,łguł,łguł,łgułgm-hanaʔa,łgułgmʔyu,łguł,łguł,łguł,łguł,łgułgm-hanaʔa,łgułgmʔyu,łguł,łguł
nyak1260,umwipwa,umwipwa,mwanaunkiikulu,umwanaundumyana,umwipwa,umwipwa,umwipwa,umwipwa,mwanaunkiikulu,umwanaundumyana,umwipwa,umwipwa
nyam1271,ngaraya,tyilya,tyilya,tyilya,ngaraya,tyilya,ngaraya,tyilya,tyilya,tyilya,ngaraya,tyilya
nyan1301,kurntal,marruku,kurntal,partany,kurntal,ngarraya,kurntal,marruku,kurntal,partany,kurntal,ngarraya
nyor1246,mwana,mwana,mwana,mwana,omusia,omusia,mwana,mwana,mwana,mwana,omusia,omusia
oduu1239,lă:nkû:nkwɛ̂:,lă:nkû:njɔ̂:ŋ,kû:nkwɛ̂:,kû:njɔ̂:ŋ,lă:nkû:nkwɛ̂:,lă:nkû:njɔ̂:ŋ,lă:nkû:nkwɛ̂:,lă:nkû:njɔ̂:ŋ,kû:nkwɛ̂:,kû:njɔ̂:ŋ,lă:nkû:nkwɛ̂:,lă:nkû:njɔ̂:ŋ
olda1245,brat-ʔaχā,bar-ʔaχā,bartā̃brattā,brā,brat-ʔaχā,bar-ʔaχā,brat-ʔaχā,bar-ʔaχā,bartā̃brattā,brā,brat-ʔaχā,bar-ʔaχā
olde1238,nift,nefa,dohtor,sunu,nift,nefa,nift,nefa,dohtor,sunu,nift,nefa
oldh1241,nift,nefo~nevo,tohter,sun,nift,nefo~nevo,nift,nefo~nevo,tohter,sun,nift,nefo~nevo
oldi1245,necht,macbráthar,ingen,mac,necht,nia,necht,macbráthar,ingen,mac,necht,nia
oldn1244,nipt,nefi,dōttir,sunr,nipt,nefi,nipt,nefi,dōttir,sunr,nipt,nefi
onaa1245,ʔanxin,ʔanenḳˀ,tˀamn,lalʔ,ʔanxin,ʔanenḳˀ,ʔanxin,ʔanenḳˀ,tˀamn,lalʔ,ʔanxin,ʔanenḳˀ
oriy1255,ziari,puttura,zia,puvo,bhanaji,bhanaja,ziari,puttura,zia,puvo,bhanaji,bhanaja
osse1243,æfsymærychyzg,æfsymærylæppu,chyzg,fyrt,khæræfyrt,khæræfyrt,æfsymærychyzg,æfsymærylæppu,chyzg,fyrt,khæræfyrt,khæræfyrt
paez1247,[sobrina],[sobrinu],niisa,n-čiʔk,[sobrina],[sobrinu],[sobrina],[sobrinu],niisa,n-čiʔk,[sobrina],[sobrinu]
pana1305,tokompia,tuittsi,paitu,tua",ata,ata,pahwa,pahwa,paitu,tua",tokkwai,tuittsi
panj1256,pàtiijii,pàtiijaa,beti,pūtar,panèvii,panèvaa,pàtiijii,pàtiijaa,beti,pūtar,panèvii,panèvaa
para1311,peheŋʷeraǰɨ,peheŋʷeraʔɨ,meᵐbɨ-kuɲa,meᵐbɨ-kuiᵐbaʔe,peheŋʷeraǰɨ,peheŋʷeraʔɨ,peheŋʷeraǰɨ,peheŋʷeraʔɨ,meᵐbɨ-kuɲa,meᵐbɨ-kuiᵐbaʔe,peheŋʷeraǰɨ,peheŋʷeraʔɨ
pash1269,wrèra,wrɑrә,lur,zwe,khurdzha,khwaryéī,wrèra,wrɑrә,lur,zwe,khurdzha,khwaryéī
penr1237,taukohera,toate,tamaahine,tama,taukohera,toate,taukohera,toate,tamaahine,tama,taukohera,toate
phai1238,khwanjaʔʔawmɛ:,khwanjaʔʔawkhlɔŋ,khwanʔawmɛ:,khwanʔawkhlɔŋ,khwanjaʔʔawmɛ:,khwanjaʔʔawkhlɔŋ,khwanjaʔʔawmɛ:,khwanjaʔʔawkhlɔŋ,khwanʔawmɛ:,khwanʔawkhlɔŋ,khwanjaʔʔawmɛ:,khwanjaʔʔawkhlɔŋ
phen1239,muehú,muehú,muna,muna,muehú,muehú,muehú,muehú,muna,muna,muehú,muehú
pila1245,l-aʔyole,l-aʔyole-k,le-kʔo-ḳte,le-'kʔo-ʁot,l-aʔyole,l-aʔyole-k,l-aʔyole,l-aʔyole-k,le-kʔo-ḳte,le-'kʔo-ʁot,l-aʔyole,l-aʔyole-k
pitt1247,ngathapiyaka,ngathapiyaka,ngathapiyaka,ngathapiyaka,ngathari,ngathari,ngathapiyaka,ngathapiyaka,ngathapiyaka,ngathapiyaka,ngathari,ngathari
poli1260,bratanica,bratanek,córka,syn,siostrzenica,siostrzeniec,bratanica,bratanek,córka,syn,siostrzenica,siostrzeniec
port1283,sobrinha,sobrinho,filha,filho,sobrinha,sobrinho,sobrinha,sobrinho,filha,filho,sobrinha,sobrinho
puel1244,gala-c̷ɨm,gala,c̷ɨgan,agač,gala-c̷ɨm,gala,gala-c̷ɨm,gala,c̷ɨgan,agač,gala-c̷ɨm,gala
puin1248,-pe-do-wãi,-pe-wo-wãi,-dou,-wa,-pe-do-wãi,-pe-wo-wãi,-pe-do-wãi,-pe-wo-wãi,-dou,-wa,-pe-do-wãi,-pe-wo-wãi
pume1238,hauĩ-boĩ,hauĩ-mãĩ,habi,haɔ,hauĩ-boĩ,hauĩ-mãĩ,hauĩ-boĩ,hauĩ-mãĩ,habi,haɔ,hauĩ-boĩ,hauĩ-mãĩ
rapa1244,vovo,poki-tamaaroa,poki-tamahahine,poki-tamaaroa,vovo,poki-tamaaroa,vovo,poki-tamaaroa,poki-tamahahine,poki-tamaaroa,vovo,poki-tamaaroa
roma1327,nepoatǎ,nepot,fiicǎ,fiu,nepoatǎ,nepot,nepoatǎ,nepot,fiicǎ,fiu,nepoatǎ,nepot
rotu1241,leehoni,leefa,le'ehoni,le'efa,leehoni,leefa,leehoni,leefa,le'ehoni,le'efa,leehoni,leefa
rund1242,umukübwåcu,umuhüngwåcu,mukôbwa,muhüngu,mwishwanje,mwishwanje,umuséngezana-wanje,umuséngezana-wanje,mukôbwa,muhüngu,umuséngezana-wanje,umuséngezana-wanje
russ1263,plemjánnitsa,plemjánnik,doch',syn,plemjánnitsa,plemjánnik,plemjánnitsa,plemjánnik,doch',syn,plemjánnitsa,plemjánnik
sana1298,eŋketkaʔayˀ,eŋketkaʔayˀ,eŋketka,eŋketka,eŋketkaʔayˀ,eŋketkaʔayˀ,eŋketkaʔayˀ,eŋketkaʔayˀ,eŋketka,eŋketka,eŋketkaʔayˀ,eŋketkaʔayˀ
sang1330,mwali,mswami,mwali,mswami,mwipwa,mwipwa,mwipwa,mwipwa,mwali,mswami,mwali,mswami
sang1331,mwipwa,mwipwa,mwana-mwana-mukashi,mwana-mwanamulume,mwipwa,mwipwa,mwipwa,mwipwa,mwana-mwana-mukashi,mwana-mwanamulume,mwipwa,mwipwa
sans1272,mwana-ankaji,mwana-ankaji,mwana,mwana,mwana-ankaji,mwana-ankaji,mwana-ankaji,mwana-ankaji,mwana,mwana,mwana-ankaji,mwana-ankaji
sate1242,brúursbäiden,brúursbäiden,dochter,suun,oomkweeder,oomkweeder,brúursbäiden,brúursbäiden,dochter,suun,oomkweeder,oomkweeder
selk1253,kətsan,kətsan,nælʸa,iya~iyatɨ,kətsan,kətsan,kətsan,kətsan,nælʸa,iya~iyatɨ,kətsan,kətsan
serb1264,bratanica,bratanac,ćerka,sin,sestričina,sestric,bratanica,bratanac,ćerka,sin,sestričina,sestric
shas1239,arodsa,arodsa,aiyaki,akui,apaki,apaki,ambaki,ambaki,aiyaki,akui,anii,anidi
shii1238,mwihwa,mwihwa,mwåli,mugåla,mwihwa,mwihwa,mwali,mwihwa,mwåli,mugåla,mwali,mwihwa
shin1265,xɨdɨl,xɨdɨl,rɨš,dux,xɨdɨl,xɨdɨl,xɨdɨl,xɨdɨl,rɨš,dux,xɨdɨl,xɨdɨl
ship1254,chíobaque,chíobaque,báque,báque,chíobaque,chíobaque,chíobaque,chíobaque,báque,báque,chíobaque,chíobaque
sind1272,bhāīṭī,bhāītyo,dhīa,puṭu,bhānijī,bhāṇitu,bhāīṭī,bhāītyo,dhīa,puṭu,bhānijī,bhāṇitu
sinh1246,duwǝ,puta,duwǝ,putaa,duwǝ,puta,leli,bæna,duwǝ,putaa,leli,bæna
sion1247,wau,wau,mami,mami,wau,wau,wau,wau,mami,mami,wau,wau
slov1268,nečákinja,nečák,hči,sîn,nečákinja,nečák,nečákinja,nečák,hči,sîn,nečákinja,nečák
slov1269,neter,synovec,dcéra,syn,neter,synovec,neter,synovec,dcéra,syn,neter,synovec
soga1242,muwalawange,mutabani,mughala,mutabani,mwiwa,mwiwa,muwalawange,mutabani,mughala,mutabani,mwiwa,mwiwa
sout1528,bratanica,bratanac,ćerka,sin,nećakinja,nećak,bratanica,bratanac,ćerka,sin,nećakinja,nećak
sout2866,moí,iámutu,moí,tamaóa,moí,iámutu,moí,iámutu,moí,tamaóa,moí,iámutu
sout2959,sezháa,saazeh,setúé,sezhaa,sezháa,saazeh,sezháa,saazeh,setúé,sezhaa,sezháa,saazeh
stan1288,sobrina,sobrino,hija,hijo,sobrina,sobrino,sobrina,sobrino,hija,hijo,sobrina,sobrino
stan1289,neboda,nebot,filla,fill,neboda,nebot,neboda,nebot,filla,fill,neboda,nebot
stan1290,nièce,neveu,fille,fils,nièce,neveu,nièce,neveu,fille,fils,nièce,neveu
stan1293,niece,nephew,daughter,son,niece,nephew,niece,nephew,daughter,son,niece,nephew
stan1295,nichte,neffe,tochter,sohn,nichte,neffe,nichte,neffe,tochter,sohn,nichte,neffe
swed1254,brors-dotter,bror-son,dotter,son,syster-dotter,syster-son,brors-dotter,bror-son,dotter,son,syster-dotter,syster-son
tahi1242,tamāhine,tamaiti,tamāhine,tamaiti,tamāhine,tamaiti,tamāhine,tamaiti,tamāhine,tamaiti,tamāhine,tamaiti
tami1289,makal,makan,peṇ,makan,maru-makal,marumakan,maru-makal,marumakan,peṇ,makan,makal,makan
tana1285,zanakayviavy,zanakaylahy,zanakayviavy,zanakaylahy,zanakayviavy,zanakaylahy,zanakayviavy,zanakaylahy,zanakayviavy,zanakaylahy,zanakayviavy,zanakaylahy
tapi1254,chané-ranchyra,chané-ranyra,che-ranchyra,che-ranyra,che-kuchãmemyra,che-rikawiana,che-penga,che-penga,che-memyra,che-memyra,chané-memyra,chané-memyra
tehu1242,mex-on,mex,kalm-n,kalm,mex-on,mex,mex-on,mex,kalm-n,kalm,mex-on,mex
telu1262,meenakoodalu,koḍuku,ammaayi,aatmajudu,meenakoodalu,meenalludu,meenakoodalu,mēnalluḍu,ammaayi,aatmajudu,meenakoodalu,meenalludu
tenh1241,-ra'yra-,-ra'yra-,-ra'yra-,-ra'yra-,ikunhambyr-,ikunhambyr-,-ai-,-ai-,-ra'yra-,-ra'yra-,ikunhambyr-,ikunhambyr-
term1237,anafeök,anamanek,anafeök,anamanek,dadik,dadik,anafeök,anamanek,anafeök,anamanek,dadik,dadik
tiko1237,tama,tama,tama,tama,iramatu,iramatu,tama,tama,tama,tama,tama,tama
tivv1240,wan,wan,wan,wan,wan,wan,wan,wan,wan,wan,wan,wan
toba1269,l-asoši,l-asošik,l-[i]ale,l-[i]ale-k,l-asoši,l-asošik,l-asoši,l-asošik,l-[i]ale,l-[i]ale-k,l-asoši,l-asošik
tong1321,mwana,mwana,mwana,mwana,mujwa,mujwa,mwana,mwana,mwana,mwana,mwana,mwana
tong1325,‘ofefine,foha,'ofefine,foha,'ilamutu,'ilamutu,fakafotu,fakafotu,tama,tama,tama,tama
tosk1239,mbesə,nip,biyə,bir,mbesə,nip,mbesə,nip,biyə,bir,mbesə,nip
trin1274,-čehi,-čera,-čiča,-čiča,-čehi,-čera,-čehi,-čera,-čiča,-čiča,-čehi,-čera
trum1247,uauetʔadi,uauepatʔte,-atadi,-faxlo,uauetʔadi,uauepatʔte,uauetʔadi,uauepatʔte,-atadi,-faxlo,uauetʔadi,uauepatʔte
tson1249,ngwana,ngwana,ngwana,ngwana,ntukulu,ntukulu,ngwana,ngwana,ngwana,ngwana,ntukulu,ntukulu
tswa1253,ngwana,ngwana,morwadi,morwa,motlogolo,motlogolo,ngwana-kgaitsadi,ngwana-kgaitsadi,morwadi,morwa,ngwana,ngwana
tuam1242,potiki,potiki,tamahine,tamaroa,potiki,potiki,potiki,potiki,tamahine,tamaroa,potiki,potiki
tupi1273,penga,penga,membyra,membyra,jetipera,iyra,penga,penga,membyra,membyra,jetipera,iyra
tupi1274,taiyra,tayra,taiyra,tayra,ietipera,riýr,peng,penga,membýra,membýra,membycunhã,membyra-taycê
tuva1244,tama,tama,tamafafine,tamatangata,tama,tama,tama,tama,tamafafine,tamatangata,tama,tama
tuyu1244,sõwɨ̃-bã'kõ,sõwɨ̃-bã'kɨ̃,bã'kõ,bã'kɨ̃,sõwɨ̃-bã'kõ,sõwɨ̃-bã'kɨ̃,sõwɨ̃-bã'kõ,sõwɨ̃-bã'kɨ̃,bã'kõ,bã'kɨ̃,sõwɨ̃-bã'kõ,sõwɨ̃-bã'kɨ̃
tzel1254,nich'ajun,nich'ajun,antsil-nich'an,wich'an,nich'ajun,nich'ajun,aljun,aljun,antsil-al,xitch'uc-al,aljun,aljun
udmu1245,apaylennɩlɩz,apaylenpiyez,nɩl,pi,apaylennɩlɩz,apaylenpiyez,apaylennɩlɩz,apaylenpiyez,nɩl,pi,apaylennɩlɩz,apaylenpiyez
ukra1253,plemínnycja,nepot,dočká,syn,plemínnycja,nepot,plemínnycja,nepot,dočká,syn,plemínnycja,nepot
urdu1245,bhatījī,bhatīja,bēṭī,bēṭa,bhānji,bhānja,bhatījī,bhatīja,bēṭī,bēṭa,bhānji,bhānja
vlax1238,[nepoata],[nepoto],šʸei,šʸav,[nepoata],[nepoto],[nepoata],[nepoto],šʸei,šʸav,[nepoata],[nepoto]
waga1260,kangku,kangku,nhini,nhini,ngetha,ngetha,kangku,kangku,nhini,nhini,ngetha,ngetha
wall1255,neveuss,neveu,krapôtt,fi,neveuss,neveu,neveuss,neveu,krapôtt,fi,neveuss,neveu
wang1290,thitnara,thitnara,arluwa,arluwa,arluwa,arluwa,thitnara,thitnara,arluwa,arluwa,arluwa,arluwa
waor1240,biyõgã,biyõdæ,wẽ-gãõkiyæ̃-gã,wẽ-gãõgĩyæ̃-gã,biyõgã,biyõdæ,biyõgã,biyõdæ,wẽ-gãõkiyæ̃-gã,wẽ-gãõgĩyæ̃-gã,biyõgã,biyõdæ
wapi1253,-ˀdanikʰaʔaẓuu,čʰaunai,-ˀdani-ˀba,-ˀdani,-ˀdanikʰaʔaẓuu,čʰaunai,-ˀdanikʰaʔaẓuu,čʰaunai,-ˀdani-ˀba,-ˀdani,-ˀdanikʰaʔaẓuu,čʰaunai
warl1255,ngalapi,ngalapi,chin3,chin3,kulkukuna,kulkukuna,ngalapi,ngalapi,chin3,chin3,kulkukuna,kulkukuna
waru1265,kartikityi,kartikityi,abdomen1,abdomen1,kurlukurlu,kurlukurlu,kartikityi,kartikityi,abdomen1,abdomen1,kurlukurlu,kurlukurlu
waur1244,-tami-c̷ũ'wĩ,-ta'mi,ic̷u-pa-lu,-tãi,-tami-c̷ũ'wĩ,-ta'mi,-tami-c̷ũ'wĩ,-ta'mi,ic̷u-pa-lu,-tãi,-tami-c̷ũ'wĩ,-ta'mi
waya1270,-laʔɨ-tatɨ,-l-ayɨwɛ̃,-l-ayɨ,laʔɨ,-laʔɨ-tatɨ,-l-ayɨwɛ̃,-laʔɨ-tatɨ,-l-ayɨwɛ̃,-l-ayɨ,laʔɨ,-laʔɨ-tatɨ,-l-ayɨwɛ̃
wayu1243,ta-čon,ta-čon,ta-čon,ta-čon,ta-čon,ta-čon,ta-čon,ta-čon,ta-čon,ta-čon,ta-čon,ta-čon
wels1247,nith,nai,merch,mab,nith,nai,nith,nai,merch,mab,nith,nai
west1508,iloba,iloba,alaba,semea,iloba,iloba,iloba,iloba,alaba,semea,iloba,iloba
west2369,doxtær-bærɑdær,pesær-bærɑdær,doxtær,pesær,doxtær-bærɑdær,pesær-bærɑdær,doxtær-bærɑdær,pesær-bærɑdær,doxtær,pesær,doxtær-bærɑdær,pesær-bærɑdær
west2386,bhatījī,bhatījā,guḍī,bēṭā,bhatījī,bhatījā,bhatījī,bhatījā,guḍī,bēṭā,bhatījī,bhatījā
west2615,cìbéjé,cìbéjé,cìtsì,cíɣè',cìdà'á,cìdà'á,cìbéjé,cìbéjé,cìtsì,cíɣè',cìdà'á,cìdà'á
wich1264,-waʔlaʔ-'ni,-waʔ'laʔ,-ɬo's-e,-ɬos,-waʔlaʔ-'ni,-waʔ'laʔ,-waʔlaʔ-'ni,-waʔ'laʔ,-ɬo's-e,-ɬos,-waʔlaʔ-'ni,-waʔ'laʔ
wiyo1248,yisalibas,yigau,yidokar,yidar,yisalibas,yigau,yisalibas,yigau,yidokar,yidar,yisalibas,yigau
yala1262,kunkuyu,kunkuyu,kunkuyu,kunkuyu,ngatharti,ngatharti,kunkuyu,kunkuyu,kunkuyu,kunkuyu,ngatharti,ngatharti
yama1264,yamana-kipa,yamana-maku,ma-kipa,maku,yamana-kipa,yamana-maku,yamana-kipa,yamana-maku,ma-kipa,maku,yamana-kipa,yamana-maku
yand1253,ngathalki,ngathalki,ngathalki,ngathalki,kayakaya,kayakaya,ngathalki,ngathalki,ngathalki,ngathalki,kayakaya,kayakaya
yany1243,kathakatha,kathakatha,kalhukulha,kalhukulha,artiyarti,artiyarti,kathakatha,kathakatha,kalhukulha,kalhukulha,artiyarti,artiyarti
yavi1244,tanihinaľi,tanihinaľi,tanimi,tain-tani,tanihinaľi,tanihinaľi,tanihinaľi,tanihinaľi,tanimi,tain-tani,tanihinaľi,tanihinaľi
yind1247,kurntat,papuyi,kurntat,manyka,kurntat,kurntakarra,kurntat,papuyi,kurntat,manyka,kurntat,kurntakarra
yomb1244,mwana,mwana,mwana,mwana,banabakhazi,banabakhazi,mwana,mwana,mwana,mwana,banabakhazi,banabakhazi
yugu1249,muyumkan,muyum,mutyumkirrkan,mutyumkirr,muyumkan,muyum,muyumkan,muyum,mutyumkirrkan,mutyumkirr,muyumkan,muyum
zigu1242,mwihwa,mwihwa,mwana,mwana,mwihwa,mwihwa,mwihwa,mwihwa,mwana,mwana,mwihwa,mwihwa
zulu1248,mtana,mtana,mtana,mtana,mtana,mtana,mtana,mtana,mtana,mtana,mtana,mtana
